Season,Match,Y/M/D,Pool,Week,City,Country,Team,VS_Team,SET_Won,SET_Lost,Point1,Point2,Point3,Point4,Point5,VS_Point1,VS_Point2,VS_Point3,VS_Point4,VS_Point5,SET,SCORING_Total ABS,SCORING_Attack Points,SCORING_Block Points,SCORING_Serve Points,SCORING_Errors,ATTACK_Point,ATTACK_Errors,ATTACK_Attempts,ATTACK_Total,BLOCK_Point,BLOCK_Errors,BLOCK_Touches,BLOCK_Total,SERVE_Point,SERVE_Errors,SERVE_Attempts,SERVE_Total,RECEPTION_Successful,RECEPTION_Errors,RECEPTION_Attempts,RECEPTION_Total,DIG_Digs,DIG_Errors,DIG_Total,SET_Point,SET_Errors,SET_Attempts,SET_Total
2026,1,2026/6/3,3,1,Nanjing,China,Belgium,Poland,2,3,20,25,23,25,13,25,22,25,18,15,ALL,82,64,12,6,-,64,18,86,168,12,30,41,83,6,5,96,107,27,5,64,96,66,23,119,41,2,128,171
2026,1,2026/6/3,3,1,Nanjing,China,Belgium,Poland,2,3,20,25,23,25,13,25,22,25,18,15,1,15,10,3,2,-,10,2,19,31,3,7,6,16,2,1,18,21,5,2,16,23,10,6,21,9,0,23,32
2026,1,2026/6/3,3,1,Nanjing,China,Belgium,Poland,2,3,20,25,23,25,13,25,22,25,18,15,2,20,17,1,2,-,17,5,19,41,1,6,7,14,2,1,21,24,9,0,14,23,20,2,27,15,2,28,45
2026,1,2026/6/3,3,1,Nanjing,China,Belgium,Poland,2,3,20,25,23,25,13,25,22,25,18,15,3,20,16,2,2,-,16,6,20,42,2,5,11,18,2,3,19,24,4,1,16,21,17,9,31,8,0,33,41
2026,1,2026/6/3,3,1,Nanjing,China,Belgium,Poland,2,3,20,25,23,25,13,25,22,25,18,15,4,18,13,5,0,-,13,3,15,31,5,8,12,25,0,0,24,24,6,0,10,16,11,3,22,6,0,25,31
2026,1,2026/6/3,3,1,Nanjing,China,Belgium,Poland,2,3,20,25,23,25,13,25,22,25,18,15,5,9,8,1,0,-,8,2,13,23,1,4,5,10,0,0,14,14,3,2,8,13,8,3,18,3,0,19,22
2026,1,2026/6/3,3,1,Nanjing,China,Poland,Belgium,3,2,25,22,25,18,15,20,25,23,25,13,ALL,87,73,9,5,-,73,26,91,190,9,20,22,51,5,8,91,104,38,6,58,102,79,23,133,37,1,160,198
2026,1,2026/6/3,3,1,Nanjing,China,Poland,Belgium,3,2,25,22,25,18,15,20,25,23,25,13,1,24,20,2,2,-,20,7,12,39,2,4,3,9,2,1,21,24,6,2,12,20,19,2,26,8,0,33,41
2026,1,2026/6/3,3,1,Nanjing,China,Poland,Belgium,3,2,25,22,25,18,15,20,25,23,25,13,2,17,14,3,0,-,14,5,20,39,3,7,5,15,0,0,23,23,2,2,19,23,16,9,33,3,0,39,42
2026,1,2026/6/3,3,1,Nanjing,China,Poland,Belgium,3,2,25,22,25,18,15,20,25,23,25,13,3,17,15,1,1,-,15,2,24,41,1,6,6,13,1,3,20,24,13,2,6,21,16,6,30,9,0,33,42
2026,1,2026/6/3,3,1,Nanjing,China,Poland,Belgium,3,2,25,22,25,18,15,20,25,23,25,13,4,17,15,2,0,-,15,8,22,45,2,1,4,7,0,3,16,19,10,0,14,24,15,5,28,8,1,37,46
2026,1,2026/6/3,3,1,Nanjing,China,Poland,Belgium,3,2,25,22,25,18,15,20,25,23,25,13,5,12,9,1,2,-,9,4,13,26,1,2,4,7,2,1,11,14,7,0,7,14,13,1,16,9,0,18,27
2026,2,2026/6/3,3,1,Nanjing,China,Thailand,Serbia,0,3,24,22,19,-,-,26,25,25,-,-,ALL,42,38,3,1,-,38,16,39,93,3,13,16,32,1,8,58,67,11,3,46,60,33,8,59,38,3,59,100
2026,2,2026/6/3,3,1,Nanjing,China,Thailand,Serbia,0,3,24,22,19,-,-,26,25,25,-,-,1,15,13,2,0,-,13,4,10,27,2,2,5,9,0,3,22,25,0,2,18,20,12,3,22,9,1,21,31
2026,2,2026/6/3,3,1,Nanjing,China,Thailand,Serbia,0,3,24,22,19,-,-,26,25,25,-,-,2,16,15,1,0,-,15,6,13,34,1,7,3,11,0,3,19,22,7,1,14,22,12,2,17,20,1,14,35
2026,2,2026/6/3,3,1,Nanjing,China,Thailand,Serbia,0,3,24,22,19,-,-,26,25,25,-,-,3,11,10,0,1,-,10,6,16,32,0,4,8,12,1,2,17,20,4,0,14,18,9,3,20,9,1,24,34
2026,2,2026/6/3,3,1,Nanjing,China,Serbia,Thailand,3,0,26,25,25,-,-,24,22,19,-,-,ALL,59,46,10,3,-,46,12,43,101,10,19,16,45,3,14,57,74,22,1,36,59,34,7,50,50,0,48,98
2026,2,2026/6/3,3,1,Nanjing,China,Serbia,Thailand,3,0,26,25,25,-,-,24,22,19,-,-,1,20,16,2,2,-,16,6,18,40,2,6,6,14,2,5,18,25,7,0,15,22,13,3,20,19,0,19,38
2026,2,2026/6/3,3,1,Nanjing,China,Serbia,Thailand,3,0,26,25,25,-,-,24,22,19,-,-,2,18,14,3,1,-,14,4,14,32,3,6,4,13,1,3,21,25,5,0,14,19,12,2,15,14,0,18,32
2026,2,2026/6/3,3,1,Nanjing,China,Serbia,Thailand,3,0,26,25,25,-,-,24,22,19,-,-,3,21,16,5,0,-,16,2,11,29,5,7,6,18,0,6,18,24,10,1,7,18,9,2,15,17,0,11,28
2026,3,2026/6/3,3,1,Nanjing,China,China,Czechia,0,3,20,20,24,-,-,25,25,26,-,-,ALL,57,50,6,1,-,50,18,64,132,6,17,28,51,1,3,61,65,14,0,59,73,49,23,100,46,1,85,132
2026,3,2026/6/3,3,1,Nanjing,China,China,Czechia,0,3,20,20,24,-,-,25,25,26,-,-,1,16,13,3,0,-,13,5,26,44,3,6,12,21,0,1,19,20,4,0,20,24,17,6,36,14,0,30,44
2026,3,2026/6/3,3,1,Nanjing,China,China,Czechia,0,3,20,20,24,-,-,25,25,26,-,-,2,17,15,2,0,-,15,5,13,33,2,4,4,10,0,2,19,21,6,0,17,23,7,10,22,12,1,16,29
2026,3,2026/6/3,3,1,Nanjing,China,China,Czechia,0,3,20,20,24,-,-,25,25,26,-,-,3,24,22,1,1,-,22,8,25,55,1,7,12,20,1,0,23,24,4,0,22,26,25,7,42,20,0,39,59
2026,3,2026/6/3,3,1,Nanjing,China,Czechia,China,3,0,25,25,26,-,-,20,20,24,-,-,ALL,60,54,6,0,-,54,7,66,127,6,21,29,56,0,2,73,75,9,1,52,62,51,21,96,49,0,76,125
2026,3,2026/6/3,3,1,Nanjing,China,Czechia,China,3,0,25,25,26,-,-,20,20,24,-,-,1,21,19,2,0,-,19,4,26,49,2,8,10,20,0,1,24,25,2,0,17,19,24,5,35,21,0,24,45
2026,3,2026/6/3,3,1,Nanjing,China,Czechia,China,3,0,25,25,26,-,-,20,20,24,-,-,2,18,17,1,0,-,17,2,10,29,1,7,4,12,0,1,23,24,2,0,17,19,7,5,17,12,0,17,29
2026,3,2026/6/3,3,1,Nanjing,China,Czechia,China,3,0,25,25,26,-,-,20,20,24,-,-,3,21,18,3,0,-,18,1,30,49,3,6,15,24,0,0,26,26,5,1,18,24,20,11,44,16,0,35,51
2026,4,2026/6/3,1,1,Quebec City,Canada,Ukraine,USA,0,3,16,17,23,-,-,25,25,25,-,-,ALL,47,42,2,3,-,42,20,28,90,2,14,14,30,3,5,49,57,14,9,46,69,30,10,50,26,1,63,90
2026,4,2026/6/3,1,1,Quebec City,Canada,Ukraine,USA,0,3,16,17,23,-,-,25,25,25,-,-,1,14,14,0,0,-,14,8,13,35,0,4,3,7,0,2,14,16,4,2,18,24,10,4,17,9,0,22,31
2026,4,2026/6/3,1,1,Quebec City,Canada,Ukraine,USA,0,3,16,17,23,-,-,25,25,25,-,-,2,14,11,2,1,-,11,4,8,23,2,4,8,14,1,2,15,18,3,5,14,22,6,2,13,6,0,18,24
2026,4,2026/6/3,1,1,Quebec City,Canada,Ukraine,USA,0,3,16,17,23,-,-,25,25,25,-,-,3,19,17,0,2,-,17,8,7,32,0,6,3,9,2,1,20,23,7,2,14,23,14,4,20,11,1,23,35
2026,4,2026/6/3,1,1,Quebec City,Canada,USA,Ukraine,3,0,25,25,25,-,-,16,17,23,-,-,ALL,57,39,9,9,-,39,4,35,78,9,13,14,36,9,5,60,74,18,3,31,52,21,12,44,21,1,53,75
2026,4,2026/6/3,1,1,Quebec City,Canada,USA,Ukraine,3,0,25,25,25,-,-,16,17,23,-,-,1,19,13,4,2,-,13,0,11,24,4,4,6,14,2,1,22,25,6,0,8,14,10,6,19,7,0,18,25
2026,4,2026/6/3,1,1,Quebec City,Canada,USA,Ukraine,3,0,25,25,25,-,-,16,17,23,-,-,2,19,13,1,5,-,13,3,13,29,1,2,4,7,5,2,17,24,8,1,7,16,7,2,15,10,0,17,27
2026,4,2026/6/3,1,1,Quebec City,Canada,USA,Ukraine,3,0,25,25,25,-,-,16,17,23,-,-,3,19,13,4,2,-,13,1,11,25,4,7,4,15,2,2,21,25,4,2,16,22,4,4,10,4,1,18,23
2026,5,2026/6/3,2,1,Brasilia,Brazil,Dominican Republic,Türkiye,2,3,25,20,16,25,11,17,25,25,23,15,ALL,77,58,16,3,-,58,27,77,162,16,26,31,73,3,6,89,98,14,2,84,100,54,18,100,6,0,163,169
2026,5,2026/6/3,2,1,Brasilia,Brazil,Dominican Republic,Türkiye,2,3,25,20,16,25,11,17,25,25,23,15,1,21,14,6,1,-,14,3,14,31,6,1,8,15,1,3,20,24,1,0,15,16,13,4,23,3,0,29,32
2026,5,2026/6/3,2,1,Brasilia,Brazil,Dominican Republic,Türkiye,2,3,25,20,16,25,11,17,25,25,23,15,2,14,13,1,0,-,13,2,22,37,1,10,5,16,0,1,20,21,1,2,20,23,10,4,24,1,0,38,39
2026,5,2026/6/3,2,1,Brasilia,Brazil,Dominican Republic,Türkiye,2,3,25,20,16,25,11,17,25,25,23,15,3,11,8,2,1,-,8,12,17,37,2,6,5,13,1,1,14,16,5,0,20,25,8,5,19,0,0,37,37
2026,5,2026/6/3,2,1,Brasilia,Brazil,Dominican Republic,Türkiye,2,3,25,20,16,25,11,17,25,25,23,15,4,22,16,5,1,-,16,5,17,38,5,6,10,21,1,1,23,25,5,0,18,23,15,4,21,1,0,37,38
2026,5,2026/6/3,2,1,Brasilia,Brazil,Dominican Republic,Türkiye,2,3,25,20,16,25,11,17,25,25,23,15,5,9,7,2,0,-,7,5,7,19,2,3,3,8,0,0,12,12,2,0,11,13,8,1,13,1,0,22,23
2026,5,2026/6/3,2,1,Brasilia,Brazil,Türkiye,Dominican Republic,3,2,17,25,25,23,15,25,20,16,25,11,ALL,85,68,15,2,-,68,26,69,163,15,32,41,88,2,5,98,105,40,3,49,92,66,20,101,23,2,138,163
2026,5,2026/6/3,2,1,Brasilia,Brazil,Türkiye,Dominican Republic,3,2,17,25,25,23,15,25,20,16,25,11,1,13,11,2,0,-,11,8,17,36,2,7,8,17,0,2,16,18,13,1,7,21,12,5,22,8,0,26,34
2026,5,2026/6/3,2,1,Brasilia,Brazil,Türkiye,Dominican Republic,3,2,17,25,25,23,15,25,20,16,25,11,2,22,19,1,2,-,19,4,12,35,1,8,13,22,2,1,21,24,8,0,12,20,16,3,20,1,1,35,37
2026,5,2026/6/3,2,1,Brasilia,Brazil,Türkiye,Dominican Republic,3,2,17,25,25,23,15,25,20,16,25,11,3,19,11,8,0,-,11,4,12,27,8,5,10,23,0,1,25,26,5,1,9,15,11,4,18,5,0,21,26
2026,5,2026/6/3,2,1,Brasilia,Brazil,Türkiye,Dominican Republic,3,2,17,25,25,23,15,25,20,16,25,11,4,19,17,2,0,-,17,8,16,41,2,7,6,15,0,0,23,23,10,1,13,24,16,6,26,6,0,35,41
2026,5,2026/6/3,2,1,Brasilia,Brazil,Türkiye,Dominican Republic,3,2,17,25,25,23,15,25,20,16,25,11,5,12,10,2,0,-,10,2,12,24,2,5,4,11,0,1,13,14,4,0,8,12,11,2,15,3,1,21,25
2026,6,2026/6/3,2,1,Brasilia,Brazil,Italy,Bulgaria,3,0,25,25,27,-,-,22,16,25,-,-,ALL,57,45,7,5,-,45,14,51,110,7,17,24,48,5,10,61,76,10,1,42,53,47,10,69,41,0,64,105
2026,6,2026/6/3,2,1,Brasilia,Brazil,Italy,Bulgaria,3,0,25,25,27,-,-,22,16,25,-,-,1,18,13,2,3,-,13,6,7,26,2,2,8,12,3,5,17,25,2,0,13,15,6,4,14,8,0,17,25
2026,6,2026/6/3,2,1,Brasilia,Brazil,Italy,Bulgaria,3,0,25,25,27,-,-,22,16,25,-,-,2,18,14,3,1,-,14,2,24,40,3,6,9,18,1,0,23,24,4,1,10,15,19,4,29,17,0,20,37
2026,6,2026/6/3,2,1,Brasilia,Brazil,Italy,Bulgaria,3,0,25,25,27,-,-,22,16,25,-,-,3,21,18,2,1,-,18,6,20,44,2,9,7,18,1,5,21,27,4,0,19,23,22,2,26,16,0,27,43
2026,6,2026/6/3,2,1,Brasilia,Brazil,Bulgaria,Italy,0,3,22,16,25,-,-,25,25,27,-,-,ALL,45,37,7,1,-,37,14,54,105,7,15,23,45,1,11,52,64,12,5,49,66,36,12,68,38,1,72,111
2026,6,2026/6/3,2,1,Brasilia,Brazil,Bulgaria,Italy,0,3,22,16,25,-,-,25,25,27,-,-,1,14,11,3,0,-,11,2,12,25,3,2,4,9,0,7,15,22,4,3,13,20,4,6,16,11,0,15,26
2026,6,2026/6/3,2,1,Brasilia,Brazil,Bulgaria,Italy,0,3,22,16,25,-,-,25,25,27,-,-,2,14,13,0,1,-,13,6,19,38,0,6,10,16,1,2,14,17,4,1,19,24,12,4,26,15,1,25,41
2026,6,2026/6/3,2,1,Brasilia,Brazil,Bulgaria,Italy,0,3,22,16,25,-,-,25,25,27,-,-,3,17,13,4,0,-,13,6,23,42,4,7,9,20,0,2,23,25,4,1,17,22,20,2,26,12,0,32,44
2026,7,2026/6/3,1,1,Quebec City,Canada,France,Japan,1,3,25,12,22,13,-,23,25,25,25,-,ALL,49,39,7,3,-,39,17,84,140,7,21,20,48,3,16,54,73,18,1,66,85,53,22,96,25,2,124,151
2026,7,2026/6/3,1,1,Quebec City,Canada,France,Japan,1,3,25,12,22,13,-,23,25,25,25,-,1,20,14,4,2,-,14,2,18,34,4,6,7,17,2,5,17,24,2,0,20,22,12,4,19,4,1,29,34
2026,7,2026/6/3,1,1,Quebec City,Canada,France,Japan,1,3,25,12,22,13,-,23,25,25,25,-,2,7,7,0,0,-,7,7,16,30,0,5,2,7,0,2,11,13,6,0,14,20,13,5,24,8,0,31,39
2026,7,2026/6/3,1,1,Quebec City,Canada,France,Japan,1,3,25,12,22,13,-,23,25,25,25,-,3,14,11,2,1,-,11,4,19,34,2,7,6,15,1,5,16,22,4,0,19,23,11,4,18,6,0,29,35
2026,7,2026/6/3,1,1,Quebec City,Canada,France,Japan,1,3,25,12,22,13,-,23,25,25,25,-,4,8,7,1,0,-,7,4,31,42,1,3,5,9,0,4,10,14,6,1,13,20,17,9,35,7,1,35,43
2026,7,2026/6/3,1,1,Quebec City,Canada,Japan,France,3,1,23,25,25,25,-,25,12,22,13,-,ALL,62,56,5,1,-,56,18,73,147,5,14,34,53,1,11,85,97,18,3,36,57,76,11,110,42,1,102,145
2026,7,2026/6/3,1,1,Quebec City,Canada,Japan,France,3,1,23,25,25,25,-,25,12,22,13,-,1,13,13,0,0,-,13,7,19,39,0,5,5,10,0,2,22,24,4,2,13,19,16,3,24,7,0,29,36
2026,7,2026/6/3,1,1,Quebec City,Canada,Japan,France,3,1,23,25,25,25,-,25,12,22,13,-,2,16,14,2,0,-,14,0,19,33,2,2,6,10,0,4,20,24,4,0,7,11,20,3,28,15,1,19,35
2026,7,2026/6/3,1,1,Quebec City,Canada,Japan,France,3,1,23,25,25,25,-,25,12,22,13,-,3,17,15,2,0,-,15,8,14,37,2,4,11,17,0,2,23,25,6,1,10,17,17,3,25,7,0,30,37
2026,7,2026/6/3,1,1,Quebec City,Canada,Japan,France,3,1,23,25,25,25,-,25,12,22,13,-,4,16,14,1,1,-,14,3,21,38,1,3,12,16,1,3,20,24,4,0,6,10,23,2,33,13,0,24,37
2026,8,2026/6/3,2,1,Brasilia,Brazil,Brazil,Netherlands,3,1,25,25,25,25,-,17,15,27,23,-,ALL,84,64,13,7,-,64,16,51,131,13,12,19,44,7,15,77,99,29,3,46,78,21,30,99,17,2,114,133
2026,8,2026/6/3,2,1,Brasilia,Brazil,Brazil,Netherlands,3,1,25,25,25,25,-,17,15,27,23,-,1,19,13,2,4,-,13,2,9,24,2,2,4,8,4,3,17,24,6,0,11,17,3,8,18,5,0,22,27
2026,8,2026/6/3,2,1,Brasilia,Brazil,Brazil,Netherlands,3,1,25,25,25,25,-,17,15,27,23,-,2,23,17,5,1,-,17,3,10,30,5,2,5,12,1,4,20,25,3,1,10,14,7,4,23,3,0,26,29
2026,8,2026/6/3,2,1,Brasilia,Brazil,Brazil,Netherlands,3,1,25,25,25,25,-,17,15,27,23,-,3,23,20,2,1,-,20,6,12,38,2,2,2,6,1,5,19,25,11,2,14,27,7,10,25,5,2,32,39
2026,8,2026/6/3,2,1,Brasilia,Brazil,Brazil,Netherlands,3,1,25,25,25,25,-,17,15,27,23,-,4,19,14,4,1,-,14,5,20,39,4,6,8,18,1,3,21,25,9,0,11,20,4,8,33,4,0,34,38
2026,8,2026/6/3,2,1,Brasilia,Brazil,Netherlands,Brazil,1,3,17,15,27,23,-,25,25,25,25,-,ALL,58,45,10,3,-,45,20,56,121,10,30,31,71,3,7,75,85,15,7,62,84,23,31,82,38,0,81,119
2026,8,2026/6/3,2,1,Brasilia,Brazil,Netherlands,Brazil,1,3,17,15,27,23,-,25,25,25,25,-,1,13,12,1,0,-,12,6,10,28,1,6,3,10,0,2,17,19,3,4,14,21,7,6,19,7,0,22,29
2026,8,2026/6/3,2,1,Brasilia,Brazil,Netherlands,Brazil,1,3,17,15,27,23,-,25,25,25,25,-,2,10,7,2,1,-,7,5,14,26,2,7,6,15,1,1,13,15,5,1,15,21,3,9,17,8,0,16,24
2026,8,2026/6/3,2,1,Brasilia,Brazil,Netherlands,Brazil,1,3,17,15,27,23,-,25,25,25,25,-,3,17,11,4,2,-,11,2,10,23,4,10,8,22,2,1,25,28,2,1,17,20,4,9,17,7,0,16,23
2026,8,2026/6/3,2,1,Brasilia,Brazil,Netherlands,Brazil,1,3,17,15,27,23,-,25,25,25,25,-,4,18,15,3,0,-,15,7,22,44,3,7,14,24,0,3,20,23,5,1,16,22,9,7,29,16,0,27,43
2026,9,2026/6/4,1,1,Quebec City,Canada,Canada,Germany,1,3,26,25,18,18,-,28,22,25,25,-,ALL,70,54,11,5,-,54,24,50,128,11,25,24,60,5,11,72,88,16,3,72,91,36,14,61,30,0,97,127
2026,9,2026/6/4,1,1,Quebec City,Canada,Canada,Germany,1,3,26,25,18,18,-,28,22,25,25,-,1,23,17,4,2,-,17,7,15,39,4,5,3,12,2,4,20,26,7,0,21,28,9,2,14,11,0,27,38
2026,9,2026/6/4,1,1,Quebec City,Canada,Canada,Germany,1,3,26,25,18,18,-,28,22,25,25,-,2,21,15,4,2,-,15,3,14,32,4,8,10,22,2,2,21,25,3,0,16,19,13,3,18,9,0,23,32
2026,9,2026/6/4,1,1,Quebec City,Canada,Canada,Germany,1,3,26,25,18,18,-,28,22,25,25,-,3,14,13,1,0,-,13,10,10,33,1,5,6,12,0,4,14,18,5,1,17,23,8,3,15,5,0,28,33
2026,9,2026/6/4,1,1,Quebec City,Canada,Canada,Germany,1,3,26,25,18,18,-,28,22,25,25,-,4,12,9,2,1,-,9,4,11,24,2,7,5,14,1,1,17,19,1,2,18,21,6,6,14,5,0,19,24
2026,9,2026/6/4,1,1,Quebec City,Canada,Germany,Canada,3,1,28,22,25,25,-,26,25,18,18,-,ALL,77,62,12,3,-,62,19,45,126,12,17,20,49,3,8,88,99,18,5,54,77,46,15,76,34,1,88,123
2026,9,2026/6/4,1,1,Quebec City,Canada,Germany,Canada,3,1,28,22,25,25,-,26,25,18,18,-,1,20,17,3,0,-,17,6,9,32,3,9,5,17,0,0,28,28,3,2,17,22,13,4,19,10,1,20,31
2026,9,2026/6/4,1,1,Quebec City,Canada,Germany,Canada,3,1,28,22,25,25,-,26,25,18,18,-,2,18,17,1,0,-,17,5,17,39,1,4,5,10,0,3,19,22,6,2,15,23,15,3,23,6,0,33,39
2026,9,2026/6/4,1,1,Quebec City,Canada,Germany,Canada,3,1,28,22,25,25,-,26,25,18,18,-,3,15,10,4,1,-,10,3,9,22,4,4,7,15,1,2,22,25,4,0,10,14,5,5,14,6,0,15,21
2026,9,2026/6/4,1,1,Quebec City,Canada,Germany,Canada,3,1,28,22,25,25,-,26,25,18,18,-,4,24,18,4,2,-,18,5,10,33,4,0,3,7,2,3,19,24,5,1,12,18,13,3,20,12,0,20,32
2026,10,2026/6/4,3,1,Nanjing,China,Czechia,Poland,0,3,22,22,20,-,-,25,25,25,-,-,ALL,49,39,7,3,-,39,14,48,101,7,24,25,56,3,7,57,67,13,1,52,66,36,17,74,37,2,75,114
2026,10,2026/6/4,3,1,Nanjing,China,Czechia,Poland,0,3,22,22,20,-,-,25,25,25,-,-,1,17,13,4,0,-,13,6,17,36,4,5,8,17,0,3,20,23,4,1,18,23,11,5,21,12,1,24,37
2026,10,2026/6/4,3,1,Nanjing,China,Czechia,Poland,0,3,22,22,20,-,-,25,25,25,-,-,2,16,13,2,1,-,13,1,14,28,2,12,12,26,1,2,19,22,2,0,19,21,10,5,24,10,1,25,36
2026,10,2026/6/4,3,1,Nanjing,China,Czechia,Poland,0,3,22,22,20,-,-,25,25,25,-,-,3,16,13,1,2,-,13,7,17,37,1,7,5,13,2,2,18,22,7,0,15,22,15,7,29,15,0,26,41
2026,10,2026/6/4,3,1,Nanjing,China,Poland,Czechia,3,0,25,25,25,-,-,22,22,20,-,-,ALL,58,51,6,1,-,51,15,52,118,6,15,23,44,1,7,65,73,27,3,30,60,48,10,76,43,0,75,118
2026,10,2026/6/4,3,1,Nanjing,China,Poland,Czechia,3,0,25,25,25,-,-,22,22,20,-,-,1,18,14,3,1,-,14,8,13,35,3,2,8,13,1,1,22,24,9,0,11,20,13,2,20,11,0,26,37
2026,10,2026/6/4,3,1,Nanjing,China,Poland,Czechia,3,0,25,25,25,-,-,22,22,20,-,-,2,21,21,0,0,-,21,4,21,46,0,7,8,15,0,4,21,25,10,1,9,20,15,5,31,19,0,25,44
2026,10,2026/6/4,3,1,Nanjing,China,Poland,Czechia,3,0,25,25,25,-,-,22,22,20,-,-,3,19,16,3,0,-,16,3,18,37,3,6,7,16,0,2,22,24,8,2,10,20,20,3,25,13,0,24,37
2026,11,2026/6/4,3,1,Nanjing,China,China,Thailand,3,2,25,24,25,23,15,14,26,19,25,7,ALL,91,74,14,3,-,74,18,65,157,14,20,24,58,3,5,103,111,28,2,56,86,67,13,94,51,2,105,158
2026,11,2026/6/4,3,1,Nanjing,China,China,Thailand,3,2,25,24,25,23,15,14,26,19,25,7,1,21,19,2,0,-,19,2,4,25,2,3,3,8,0,2,22,24,8,0,5,13,12,3,16,9,0,16,25
2026,11,2026/6/4,3,1,Nanjing,China,China,Thailand,3,2,25,24,25,23,15,14,26,19,25,7,2,21,19,2,0,-,19,4,14,37,2,7,8,17,0,1,24,25,9,0,15,24,10,5,21,14,1,22,37
2026,11,2026/6/4,3,1,Nanjing,China,China,Thailand,3,2,25,24,25,23,15,14,26,19,25,7,3,22,17,4,1,-,17,6,18,41,4,2,10,16,1,1,22,24,4,0,15,19,19,3,24,11,0,29,40
2026,11,2026/6/4,3,1,Nanjing,China,China,Thailand,3,2,25,24,25,23,15,14,26,19,25,7,4,16,11,4,1,-,11,5,23,39,4,7,2,13,1,0,23,24,5,2,16,23,18,1,23,11,1,29,41
2026,11,2026/6/4,3,1,Nanjing,China,China,Thailand,3,2,25,24,25,23,15,14,26,19,25,7,5,11,8,2,1,-,8,1,6,15,2,1,1,4,1,1,12,14,2,0,5,7,8,1,10,6,0,9,15
2026,11,2026/6/4,3,1,Nanjing,China,Thailand,China,2,3,14,26,19,25,7,25,24,25,23,15,ALL,67,63,2,2,-,63,24,76,163,2,30,22,54,2,6,84,92,28,3,75,106,53,16,89,41,1,126,168
2026,11,2026/6/4,3,1,Nanjing,China,Thailand,China,2,3,14,26,19,25,7,25,24,25,23,15,1,10,10,0,0,-,10,4,14,28,0,5,0,5,0,2,13,15,6,0,16,22,5,3,11,9,0,20,29
2026,11,2026/6/4,3,1,Nanjing,China,Thailand,China,2,3,14,26,19,25,7,25,24,25,23,15,2,21,20,1,0,-,20,3,14,37,1,12,6,19,0,1,24,25,8,0,16,24,9,3,17,10,0,25,35
2026,11,2026/6/4,3,1,Nanjing,China,Thailand,China,2,3,14,26,19,25,7,25,24,25,23,15,3,13,12,1,0,-,12,5,23,40,1,4,6,11,0,1,19,20,6,1,16,23,14,6,28,9,0,34,43
2026,11,2026/6/4,3,1,Nanjing,China,Thailand,China,2,3,14,26,19,25,7,25,24,25,23,15,4,18,16,0,2,-,16,8,17,41,0,6,10,16,2,1,21,24,5,1,18,24,18,2,23,9,0,33,42
2026,11,2026/6/4,3,1,Nanjing,China,Thailand,China,2,3,14,26,19,25,7,25,24,25,23,15,5,5,5,0,0,-,5,4,8,17,0,3,0,3,0,1,7,8,3,1,9,13,7,2,10,4,1,14,19
2026,12,2026/6/4,2,1,Brasilia,Brazil,Türkiye,Netherlands,0,3,23,17,18,-,-,25,25,25,-,-,ALL,43,35,7,1,-,35,19,50,104,7,21,19,47,1,2,57,60,15,5,46,66,39,9,64,34,1,77,112
2026,12,2026/6/4,2,1,Brasilia,Brazil,Türkiye,Netherlands,0,3,23,17,18,-,-,25,25,25,-,-,1,18,15,2,1,-,15,6,19,40,2,9,7,18,1,1,22,24,4,1,17,22,21,3,27,15,1,27,43
2026,12,2026/6/4,2,1,Brasilia,Brazil,Türkiye,Netherlands,0,3,23,17,18,-,-,25,25,25,-,-,2,11,10,1,0,-,10,9,13,32,1,7,3,11,0,0,17,17,5,1,17,23,9,3,16,10,0,24,34
2026,12,2026/6/4,2,1,Brasilia,Brazil,Türkiye,Netherlands,0,3,23,17,18,-,-,25,25,25,-,-,3,14,10,4,0,-,10,4,18,32,4,5,9,18,0,1,18,19,6,3,12,21,9,3,21,9,0,26,35
2026,12,2026/6/4,2,1,Brasilia,Brazil,Netherlands,Türkiye,3,0,25,25,25,-,-,23,17,18,-,-,ALL,62,48,9,5,-,48,14,50,112,9,18,20,47,5,7,61,73,11,1,46,58,43,9,70,37,0,75,112
2026,12,2026/6/4,2,1,Brasilia,Brazil,Netherlands,Türkiye,3,0,25,25,25,-,-,23,17,18,-,-,1,20,16,3,1,-,16,5,24,45,3,7,5,15,1,2,21,24,6,1,16,23,19,5,31,15,0,30,45
2026,12,2026/6/4,2,1,Brasilia,Brazil,Netherlands,Türkiye,3,0,25,25,25,-,-,23,17,18,-,-,2,21,15,5,1,-,15,5,10,30,5,5,5,15,1,2,22,25,1,0,16,17,11,2,17,10,0,20,30
2026,12,2026/6/4,2,1,Brasilia,Brazil,Netherlands,Türkiye,3,0,25,25,25,-,-,23,17,18,-,-,3,21,17,1,3,-,17,4,16,37,1,6,10,17,3,3,18,24,4,0,14,18,13,2,22,12,0,25,37
2026,13,2026/6/4,1,1,Quebec City,Canada,Ukraine,Germany,3,2,25,30,14,19,15,21,28,25,25,13,ALL,77,62,8,7,-,62,25,105,192,8,21,45,74,7,7,88,102,31,8,63,102,77,23,141,54,0,148,202
2026,13,2026/6/4,1,1,Quebec City,Canada,Ukraine,Germany,3,2,25,30,14,19,15,21,28,25,25,13,1,22,16,3,3,-,16,9,19,44,3,2,6,11,3,2,19,24,5,1,14,20,17,3,30,10,0,34,44
2026,13,2026/6/4,1,1,Quebec City,Canada,Ukraine,Germany,3,2,25,30,14,19,15,21,28,25,25,13,2,21,18,0,3,-,18,7,24,49,0,5,14,19,3,0,27,30,9,2,13,24,19,5,36,17,0,33,50
2026,13,2026/6/4,1,1,Quebec City,Canada,Ukraine,Germany,3,2,25,30,14,19,15,21,28,25,25,13,3,9,8,0,1,-,8,3,19,30,0,5,4,9,1,1,12,14,4,2,17,23,12,8,23,9,0,23,32
2026,13,2026/6/4,1,1,Quebec City,Canada,Ukraine,Germany,3,2,25,30,14,19,15,21,28,25,25,13,4,13,12,1,0,-,12,6,23,41,1,5,11,17,0,3,17,20,9,1,12,22,16,4,30,13,0,32,45
2026,13,2026/6/4,1,1,Quebec City,Canada,Ukraine,Germany,3,2,25,30,14,19,15,21,28,25,25,13,5,12,8,4,0,-,8,0,20,28,4,4,10,18,0,1,13,14,4,2,7,13,13,3,22,5,0,26,31
2026,13,2026/6/4,1,1,Quebec City,Canada,Germany,Ukraine,2,3,21,28,25,25,13,25,30,14,19,15,ALL,91,72,11,8,-,72,21,94,187,11,23,47,81,8,11,94,113,22,7,66,95,89,22,143,50,1,144,195
2026,13,2026/6/4,1,1,Quebec City,Canada,Germany,Ukraine,2,3,21,28,25,25,13,25,30,14,19,15,1,13,9,3,1,-,9,4,16,29,3,6,10,19,1,2,19,22,1,3,18,22,9,4,19,9,0,20,29
2026,13,2026/6/4,1,1,Quebec City,Canada,Germany,Ukraine,2,3,21,28,25,25,13,25,30,14,19,15,2,25,19,4,2,-,19,4,27,50,4,3,12,19,2,4,22,28,3,3,24,30,19,7,37,10,1,41,52
2026,13,2026/6/4,1,1,Quebec City,Canada,Germany,Ukraine,2,3,21,28,25,25,13,25,30,14,19,15,3,23,19,2,2,-,19,3,14,36,2,3,9,14,2,2,21,25,4,1,8,13,22,4,30,12,0,25,37
2026,13,2026/6/4,1,1,Quebec City,Canada,Germany,Ukraine,2,3,21,28,25,25,13,25,30,14,19,15,4,18,15,2,1,-,15,4,21,40,2,8,7,17,1,2,21,24,10,0,7,17,25,4,33,13,0,31,44
2026,13,2026/6/4,1,1,Quebec City,Canada,Germany,Ukraine,2,3,21,28,25,25,13,25,30,14,19,15,5,12,10,0,2,-,10,6,16,32,0,3,9,12,2,1,11,14,4,0,9,13,14,3,24,6,0,27,33
2026,14,2026/6/4,2,1,Brasilia,Brazil,Brazil,Dominican Republic,3,1,23,25,25,25,-,25,18,11,15,-,ALL,77,59,15,3,-,59,19,42,120,15,17,22,54,3,14,80,97,17,3,43,63,27,15,79,34,1,87,122
2026,14,2026/6/4,2,1,Brasilia,Brazil,Brazil,Dominican Republic,3,1,23,25,25,25,-,25,18,11,15,-,1,20,17,3,0,-,17,9,7,33,3,6,6,15,0,4,19,23,9,0,15,24,4,6,18,11,0,23,34
2026,14,2026/6/4,2,1,Brasilia,Brazil,Brazil,Dominican Republic,3,1,23,25,25,25,-,25,18,11,15,-,2,18,13,4,1,-,13,5,12,30,4,3,3,10,1,6,18,25,2,0,14,16,6,3,17,8,1,22,31
2026,14,2026/6/4,2,1,Brasilia,Brazil,Brazil,Dominican Republic,3,1,23,25,25,25,-,25,18,11,15,-,3,19,15,3,1,-,15,2,10,27,3,5,6,14,1,2,21,24,5,0,4,9,9,2,22,9,0,19,28
2026,14,2026/6/4,2,1,Brasilia,Brazil,Brazil,Dominican Republic,3,1,23,25,25,25,-,25,18,11,15,-,4,20,14,5,1,-,14,3,13,30,5,3,7,15,1,2,22,25,1,3,10,14,8,4,22,6,0,23,29
2026,14,2026/6/4,2,1,Brasilia,Brazil,Dominican Republic,Brazil,1,3,25,18,11,15,-,23,25,25,25,-,ALL,43,32,8,3,-,32,29,59,120,8,20,16,44,3,7,60,70,12,3,68,83,12,29,81,17,0,106,123
2026,14,2026/6/4,2,1,Brasilia,Brazil,Dominican Republic,Brazil,1,3,25,18,11,15,-,23,25,25,25,-,1,15,12,3,0,-,12,5,13,30,3,4,1,8,0,1,24,25,5,0,14,19,3,11,23,5,0,24,29
2026,14,2026/6/4,2,1,Brasilia,Brazil,Dominican Republic,Brazil,1,3,25,18,11,15,-,23,25,25,25,-,2,7,6,1,0,-,6,9,10,25,1,5,7,13,0,2,16,18,3,1,15,19,1,5,17,1,0,28,29
2026,14,2026/6/4,2,1,Brasilia,Brazil,Dominican Republic,Brazil,1,3,25,18,11,15,-,23,25,25,25,-,3,9,7,2,0,-,7,6,17,30,2,7,5,14,0,3,9,12,2,1,19,22,3,6,18,6,0,24,30
2026,14,2026/6/4,2,1,Brasilia,Brazil,Dominican Republic,Brazil,1,3,25,18,11,15,-,23,25,25,25,-,4,12,7,2,3,-,7,9,19,35,2,4,3,9,3,1,11,15,2,1,20,23,5,7,23,5,0,30,35
2026,15,2026/6/5,1,1,Quebec City,Canada,Canada,USA,3,0,25,25,30,-,-,22,22,28,-,-,ALL,55,40,10,5,-,40,15,44,99,10,20,25,55,5,15,59,79,12,2,46,60,35,6,67,27,5,76,108
2026,15,2026/6/5,1,1,Quebec City,Canada,Canada,USA,3,0,25,25,30,-,-,22,22,28,-,-,1,16,13,2,1,-,13,6,20,39,2,6,7,15,1,5,19,25,5,0,13,18,15,2,24,13,2,25,40
2026,15,2026/6/5,1,1,Quebec City,Canada,Canada,USA,3,0,25,25,30,-,-,22,22,28,-,-,2,17,8,6,3,-,8,4,13,25,6,8,14,28,3,4,17,24,3,1,14,18,8,1,21,8,1,21,30
2026,15,2026/6/5,1,1,Quebec City,Canada,Canada,USA,3,0,25,25,30,-,-,22,22,28,-,-,3,22,19,2,1,-,19,5,11,35,2,6,4,12,1,6,23,30,4,1,19,24,12,3,22,6,2,30,38
2026,15,2026/6/5,1,1,Quebec City,Canada,USA,Canada,0,3,22,22,28,-,-,25,25,30,-,-,ALL,43,34,7,2,-,34,19,56,109,7,12,21,40,2,13,58,73,13,5,46,64,39,14,74,20,2,88,110
2026,15,2026/6/5,1,1,Quebec City,Canada,USA,Canada,0,3,22,22,28,-,-,25,25,30,-,-,1,12,9,3,0,-,9,6,14,29,3,5,12,20,0,4,18,22,6,1,13,20,9,2,18,6,1,24,31
2026,15,2026/6/5,1,1,Quebec City,Canada,USA,Canada,0,3,22,22,28,-,-,25,25,30,-,-,2,15,11,3,1,-,11,8,26,45,3,2,6,11,1,5,17,23,4,3,13,20,20,5,33,7,1,36,44
2026,15,2026/6/5,1,1,Quebec City,Canada,USA,Canada,0,3,22,22,28,-,-,25,25,30,-,-,3,16,14,1,1,-,14,5,16,35,1,5,3,9,1,4,23,28,3,1,20,24,10,7,23,7,0,28,35
2026,16,2026/6/5,3,1,Nanjing,China,Belgium,Czechia,0,3,20,22,15,-,-,25,25,25,-,-,ALL,42,33,6,3,-,33,19,56,108,6,18,15,39,3,6,49,58,19,3,46,68,31,15,65,44,0,66,110
2026,16,2026/6/5,3,1,Nanjing,China,Belgium,Czechia,0,3,20,22,15,-,-,25,25,25,-,-,1,17,12,2,3,-,12,7,16,35,2,5,3,10,3,3,14,20,5,1,18,24,12,5,19,15,0,21,36
2026,16,2026/6/5,3,1,Nanjing,China,Belgium,Czechia,0,3,20,22,15,-,-,25,25,25,-,-,2,14,10,4,0,-,10,7,23,40,4,7,10,21,0,2,21,23,9,0,12,21,12,4,23,14,0,24,38
2026,16,2026/6/5,3,1,Nanjing,China,Belgium,Czechia,0,3,20,22,15,-,-,25,25,25,-,-,3,11,11,0,0,-,11,5,17,33,0,6,2,8,0,1,14,15,5,2,16,23,7,6,23,15,0,21,36
2026,16,2026/6/5,3,1,Nanjing,China,Czechia,Belgium,3,0,25,25,25,-,-,20,22,15,-,-,ALL,61,46,12,3,-,46,11,39,96,12,13,23,48,3,7,65,75,13,3,36,52,42,14,71,30,0,73,103
2026,16,2026/6/5,3,1,Nanjing,China,Czechia,Belgium,3,0,25,25,25,-,-,20,22,15,-,-,1,21,14,6,1,-,14,3,10,27,6,3,8,17,1,2,23,26,3,3,11,17,11,6,21,9,0,19,28
2026,16,2026/6/5,3,1,Nanjing,China,Czechia,Belgium,3,0,25,25,25,-,-,20,22,15,-,-,2,18,16,2,0,-,16,7,19,42,2,6,7,15,0,3,21,24,6,0,15,21,18,2,29,14,0,33,47
2026,16,2026/6/5,3,1,Nanjing,China,Czechia,Belgium,3,0,25,25,25,-,-,20,22,15,-,-,3,22,16,4,2,-,16,1,10,27,4,4,8,16,2,2,21,25,4,0,10,14,13,6,21,7,0,21,28
2026,17,2026/6/5,3,1,Nanjing,China,Serbia,Poland,2,3,25,19,18,25,15,17,25,25,22,17,ALL,78,52,20,6,-,52,17,68,137,20,29,22,71,6,11,86,103,32,4,56,92,41,29,93,33,0,109,142
2026,17,2026/6/5,3,1,Nanjing,China,Serbia,Poland,2,3,25,19,18,25,15,17,25,25,22,17,1,20,12,5,3,-,12,1,7,20,5,4,1,10,3,1,20,24,10,1,6,17,3,5,12,6,0,16,22
2026,17,2026/6/5,3,1,Nanjing,China,Serbia,Poland,2,3,25,19,18,25,15,17,25,25,22,17,2,12,7,3,2,-,7,5,11,23,3,6,6,15,2,2,16,20,4,1,13,18,7,8,16,6,0,16,22
2026,17,2026/6/5,3,1,Nanjing,China,Serbia,Poland,2,3,25,19,18,25,15,17,25,25,22,17,3,15,12,3,0,-,12,3,19,34,3,6,7,16,0,3,15,18,8,2,13,23,10,9,28,7,0,30,37
2026,17,2026/6/5,3,1,Nanjing,China,Serbia,Poland,2,3,25,19,18,25,15,17,25,25,22,17,4,19,14,4,1,-,14,4,12,30,4,9,2,15,1,3,21,25,6,0,13,19,9,3,15,7,0,23,30
2026,17,2026/6/5,3,1,Nanjing,China,Serbia,Poland,2,3,25,19,18,25,15,17,25,25,22,17,5,12,7,5,0,-,7,4,19,30,5,4,6,15,0,2,14,16,4,0,11,15,12,4,22,7,0,24,31
2026,17,2026/6/5,3,1,Nanjing,China,Poland,Serbia,3,2,17,25,25,22,17,25,19,18,25,15,ALL,87,73,10,4,-,73,30,56,159,10,14,24,48,4,13,88,105,20,6,66,92,62,17,101,32,0,131,163
2026,17,2026/6/5,3,1,Nanjing,China,Poland,Serbia,3,2,17,25,25,22,17,25,19,18,25,15,1,16,14,1,1,-,14,9,7,30,1,2,4,7,1,1,16,18,8,3,12,23,9,4,14,8,0,22,30
2026,17,2026/6/5,3,1,Nanjing,China,Poland,Serbia,3,2,17,25,25,22,17,25,19,18,25,15,2,19,16,2,1,-,16,4,11,31,2,2,1,5,1,6,17,24,3,2,13,18,12,3,21,4,0,27,31
2026,17,2026/6/5,3,1,Nanjing,China,Poland,Serbia,3,2,17,25,25,22,17,25,19,18,25,15,3,21,17,2,2,-,17,4,16,37,2,4,8,14,2,2,21,25,1,0,14,15,19,3,27,10,0,28,38
2026,17,2026/6/5,3,1,Nanjing,China,Poland,Serbia,3,2,17,25,25,22,17,25,19,18,25,15,4,18,15,3,0,-,15,7,8,30,3,5,2,10,0,3,19,22,6,1,15,22,8,4,16,5,0,27,32
2026,17,2026/6/5,3,1,Nanjing,China,Poland,Serbia,3,2,17,25,25,22,17,25,19,18,25,15,5,13,11,2,0,-,11,6,14,31,2,1,9,12,0,1,15,16,2,0,12,14,14,3,23,5,0,27,32
2026,18,2026/6/5,2,1,Brasilia,Brazil,Dominican Republic,Bulgaria,0,3,19,19,13,-,-,25,25,25,-,-,ALL,35,25,9,1,-,25,19,59,103,9,13,22,44,1,6,46,53,7,1,57,65,32,13,67,18,0,89,107
2026,18,2026/6/5,2,1,Brasilia,Brazil,Dominican Republic,Bulgaria,0,3,19,19,13,-,-,25,25,25,-,-,1,13,10,3,0,-,10,4,26,40,3,4,4,11,0,2,18,20,2,0,19,21,14,7,29,12,0,30,42
2026,18,2026/6/5,2,1,Brasilia,Brazil,Dominican Republic,Bulgaria,0,3,19,19,13,-,-,25,25,25,-,-,2,12,8,3,1,-,8,10,16,34,3,3,7,13,1,3,15,19,3,0,18,21,10,4,16,4,0,29,33
2026,18,2026/6/5,2,1,Brasilia,Brazil,Dominican Republic,Bulgaria,0,3,19,19,13,-,-,25,25,25,-,-,3,10,7,3,0,-,7,5,17,29,3,6,11,20,0,1,13,14,2,1,20,23,8,2,22,2,0,30,32
2026,18,2026/6/5,2,1,Brasilia,Brazil,Bulgaria,Dominican Republic,3,0,25,25,25,-,-,19,19,13,-,-,ALL,60,49,10,1,-,49,16,51,116,10,12,20,42,1,8,64,73,18,1,28,47,57,4,80,47,0,67,114
2026,18,2026/6/5,2,1,Brasilia,Brazil,Bulgaria,Dominican Republic,3,0,25,25,25,-,-,19,19,13,-,-,1,20,19,1,0,-,19,6,17,42,1,3,10,14,0,3,21,24,9,0,9,18,21,1,28,19,0,23,42
2026,18,2026/6/5,2,1,Brasilia,Brazil,Bulgaria,Dominican Republic,3,0,25,25,25,-,-,19,19,13,-,-,2,18,12,6,0,-,12,6,13,31,6,4,6,16,0,4,21,25,5,1,10,16,17,0,19,10,0,21,31
2026,18,2026/6/5,2,1,Brasilia,Brazil,Bulgaria,Dominican Republic,3,0,25,25,25,-,-,19,19,13,-,-,3,22,18,3,1,-,18,4,21,43,3,5,4,12,1,1,22,24,4,0,9,13,19,3,33,18,0,23,41
2026,19,2026/6/5,1,1,Quebec City,Canada,Ukraine,Japan,1,3,20,25,16,20,-,25,16,25,25,-,ALL,60,43,14,3,-,43,9,65,117,14,20,40,74,3,8,71,82,21,9,51,81,26,27,89,27,1,96,124
2026,19,2026/6/5,1,1,Quebec City,Canada,Ukraine,Japan,1,3,20,25,16,20,-,25,16,25,25,-,1,14,11,3,0,-,11,4,15,30,3,7,10,20,0,3,17,20,3,4,14,21,9,3,19,4,0,27,31
2026,19,2026/6/5,1,1,Quebec City,Canada,Ukraine,Japan,1,3,20,25,16,20,-,25,16,25,25,-,2,18,10,7,1,-,10,2,7,19,7,3,5,15,1,1,23,25,4,1,10,15,2,5,17,7,1,13,21
2026,19,2026/6/5,1,1,Quebec City,Canada,Ukraine,Japan,1,3,20,25,16,20,-,25,16,25,25,-,3,12,9,2,1,-,9,2,21,32,2,3,15,20,1,4,11,16,8,2,13,23,10,10,26,7,0,28,35
2026,19,2026/6/5,1,1,Quebec City,Canada,Ukraine,Japan,1,3,20,25,16,20,-,25,16,25,25,-,4,16,13,2,1,-,13,1,22,36,2,7,10,19,1,0,20,21,6,2,14,22,5,9,27,9,0,28,37
2026,19,2026/6/5,1,1,Quebec City,Canada,Japan,Ukraine,3,1,25,16,25,25,-,20,25,16,20,-,ALL,76,64,3,9,-,64,25,67,156,3,12,22,37,9,9,72,90,26,3,45,74,46,19,111,31,1,125,157
2026,19,2026/6/5,1,1,Quebec City,Canada,Japan,Ukraine,3,1,25,16,25,25,-,20,25,16,20,-,1,19,14,1,4,-,14,5,17,36,1,2,9,12,4,4,17,25,4,0,13,17,10,7,26,7,0,28,35
2026,19,2026/6/5,1,1,Quebec City,Canada,Japan,Ukraine,3,1,25,16,25,25,-,20,25,16,20,-,2,12,11,0,1,-,11,12,12,35,0,3,3,6,1,1,14,16,9,1,14,24,10,4,17,7,1,27,35
2026,19,2026/6/5,1,1,Quebec City,Canada,Japan,Ukraine,3,1,25,16,25,25,-,20,25,16,20,-,3,21,17,2,2,-,17,4,20,41,2,4,5,11,2,2,21,25,5,1,6,12,12,5,38,10,0,31,41
2026,19,2026/6/5,1,1,Quebec City,Canada,Japan,Ukraine,3,1,25,16,25,25,-,20,25,16,20,-,4,24,22,0,2,-,22,4,18,44,0,3,5,8,2,2,20,24,8,1,12,21,14,3,30,7,0,39,46
2026,20,2026/6/5,2,1,Brasilia,Brazil,Netherlands,Italy,0,3,22,18,22,-,-,25,25,25,-,-,ALL,45,31,8,6,-,31,13,50,94,8,20,16,44,6,6,52,64,14,2,47,63,33,14,56,36,2,58,96
2026,20,2026/6/5,2,1,Brasilia,Brazil,Netherlands,Italy,0,3,22,18,22,-,-,25,25,25,-,-,1,16,13,2,1,-,13,5,20,38,2,9,4,15,1,1,21,23,6,0,16,22,14,3,18,15,0,22,37
2026,20,2026/6/5,2,1,Brasilia,Brazil,Netherlands,Italy,0,3,22,18,22,-,-,25,25,25,-,-,2,14,8,5,1,-,8,3,16,27,5,5,5,15,1,3,14,18,2,1,19,22,9,5,18,12,1,16,29
2026,20,2026/6/5,2,1,Brasilia,Brazil,Netherlands,Italy,0,3,22,18,22,-,-,25,25,25,-,-,3,15,10,1,4,-,10,5,14,29,1,6,7,14,4,2,17,23,6,1,12,19,10,6,20,9,1,20,30
2026,20,2026/6/5,2,1,Brasilia,Brazil,Italy,Netherlands,3,0,25,25,25,-,-,22,18,22,-,-,ALL,59,50,7,2,-,50,15,38,103,7,12,22,41,2,10,61,73,15,6,37,58,44,7,69,19,0,82,101
2026,20,2026/6/5,2,1,Brasilia,Brazil,Italy,Netherlands,3,0,25,25,25,-,-,22,18,22,-,-,1,21,18,3,0,-,18,6,14,38,3,5,7,15,0,2,22,24,7,1,14,22,15,3,25,6,0,32,38
2026,20,2026/6/5,2,1,Brasilia,Brazil,Italy,Netherlands,3,0,25,25,25,-,-,22,18,22,-,-,2,20,17,2,1,-,17,6,12,35,2,3,8,13,1,3,21,25,2,1,12,15,15,3,25,6,0,26,32
2026,20,2026/6/5,2,1,Brasilia,Brazil,Italy,Netherlands,3,0,25,25,25,-,-,22,18,22,-,-,3,18,15,2,1,-,15,3,12,30,2,4,7,13,1,5,18,24,6,4,11,21,14,1,19,7,0,24,31
2026,21,2026/6/6,1,1,Quebec City,Canada,France,USA,2,3,21,25,25,25,11,25,23,27,23,15,ALL,83,66,10,7,-,66,21,92,179,10,28,24,62,7,19,82,108,18,4,77,99,72,34,141,35,2,150,187
2026,21,2026/6/6,1,1,Quebec City,Canada,France,USA,2,3,21,25,25,25,11,25,23,27,23,15,1,17,12,3,2,-,12,4,18,34,3,5,3,11,2,6,14,22,5,1,16,22,11,6,22,8,1,27,36
2026,21,2026/6/6,1,1,Quebec City,Canada,France,USA,2,3,21,25,25,25,11,25,23,27,23,15,2,20,17,2,1,-,17,5,22,44,2,3,4,9,1,6,17,24,6,0,14,20,20,8,38,11,1,33,45
2026,21,2026/6/6,1,1,Quebec City,Canada,France,USA,2,3,21,25,25,25,11,25,23,27,23,15,3,21,16,3,2,-,16,7,21,44,3,7,4,14,2,4,20,26,2,1,20,23,20,7,33,7,0,40,47
2026,21,2026/6/6,1,1,Quebec City,Canada,France,USA,2,3,21,25,25,25,11,25,23,27,23,15,4,17,14,2,1,-,14,4,19,37,2,8,6,16,1,2,21,24,2,1,18,21,13,7,30,6,0,33,39
2026,21,2026/6/6,1,1,Quebec City,Canada,France,USA,2,3,21,25,25,25,11,25,23,27,23,15,5,8,7,0,1,-,7,1,12,20,0,5,7,12,1,1,10,12,3,1,9,13,8,6,18,3,0,17,20
2026,21,2026/6/6,1,1,Quebec City,Canada,USA,France,3,2,25,23,27,23,15,21,25,25,25,11,ALL,78,66,8,4,-,66,19,77,162,8,27,36,71,4,13,95,112,15,7,67,89,75,34,130,23,2,143,168
2026,21,2026/6/6,1,1,Quebec City,Canada,USA,France,3,2,25,23,27,23,15,21,25,25,25,11,1,17,13,3,1,-,13,5,13,31,3,5,8,16,1,2,21,24,3,2,11,16,14,6,23,7,0,23,30
2026,21,2026/6/6,1,1,Quebec City,Canada,USA,France,3,2,25,23,27,23,15,21,25,25,25,11,2,11,11,0,0,-,11,3,18,32,0,4,9,13,0,4,20,24,1,1,16,18,14,11,33,4,0,31,35
2026,21,2026/6/6,1,1,Quebec City,Canada,USA,France,3,2,25,23,27,23,15,21,25,25,25,11,3,19,15,3,1,-,15,4,17,36,3,7,11,21,1,3,22,26,5,2,15,22,14,8,28,8,0,27,35
2026,21,2026/6/6,1,1,Quebec City,Canada,USA,France,3,2,25,23,27,23,15,21,25,25,25,11,4,19,16,2,1,-,16,6,17,39,2,8,6,16,1,3,20,24,6,1,15,22,20,5,28,3,1,40,44
2026,21,2026/6/6,1,1,Quebec City,Canada,USA,France,3,2,25,23,27,23,15,21,25,25,25,11,5,12,11,0,1,-,11,1,12,24,0,3,2,5,1,1,12,14,0,1,10,11,13,4,18,1,1,22,24
2026,22,2026/6/6,3,1,Nanjing,China,Thailand,Belgium,2,3,25,25,23,22,14,20,22,25,25,16,ALL,89,80,6,3,-,80,19,101,200,6,26,39,71,3,8,98,109,30,4,64,98,95,19,135,70,1,130,201
2026,22,2026/6/6,3,1,Nanjing,China,Thailand,Belgium,2,3,25,25,23,22,14,20,22,25,25,16,1,23,21,2,0,-,21,3,20,44,2,4,10,16,0,2,22,24,6,0,15,21,20,3,29,18,0,28,46
2026,22,2026/6/6,3,1,Nanjing,China,Thailand,Belgium,2,3,25,25,23,22,14,20,22,25,25,16,2,18,16,1,1,-,16,3,22,41,1,2,9,12,1,1,23,25,4,3,12,19,22,5,31,14,1,25,40
2026,22,2026/6/6,3,1,Nanjing,China,Thailand,Belgium,2,3,25,25,23,22,14,20,22,25,25,16,3,19,16,1,2,-,16,7,22,45,1,5,7,13,2,1,20,23,7,1,14,22,19,2,27,16,0,28,44
2026,22,2026/6/6,3,1,Nanjing,China,Thailand,Belgium,2,3,25,25,23,22,14,20,22,25,25,16,4,17,16,1,0,-,16,3,25,44,1,12,6,19,0,2,21,23,6,0,15,21,24,3,30,15,0,29,44
2026,22,2026/6/6,3,1,Nanjing,China,Thailand,Belgium,2,3,25,25,23,22,14,20,22,25,25,16,5,12,11,1,0,-,11,3,12,26,1,3,7,11,0,2,12,14,7,0,8,15,10,6,18,7,0,20,27
2026,22,2026/6/6,3,1,Nanjing,China,Belgium,Thailand,3,2,20,22,25,25,16,25,25,23,22,14,ALL,89,76,9,4,-,76,14,94,184,9,30,42,81,4,10,94,108,37,3,61,101,79,24,131,40,1,149,190
2026,22,2026/6/6,3,1,Nanjing,China,Belgium,Thailand,3,2,20,22,25,25,16,25,25,23,22,14,1,16,15,1,0,-,15,4,21,40,1,5,8,14,0,0,21,21,9,0,13,22,16,8,30,13,0,26,39
2026,22,2026/6/6,3,1,Nanjing,China,Belgium,Thailand,3,2,20,22,25,25,16,25,25,23,22,14,2,20,14,3,3,-,14,4,26,44,3,8,6,17,3,3,16,22,8,1,15,24,20,3,30,12,1,35,48
2026,22,2026/6/6,3,1,Nanjing,China,Belgium,Thailand,3,2,20,22,25,25,16,25,25,23,22,14,3,20,16,3,1,-,16,2,15,33,3,7,11,21,1,3,21,25,6,2,14,22,13,3,21,9,0,27,36
2026,22,2026/6/6,3,1,Nanjing,China,Belgium,Thailand,3,2,20,22,25,25,16,25,25,23,22,14,4,20,20,0,0,-,20,2,20,42,0,6,10,16,0,3,21,24,8,0,13,21,18,6,31,4,0,36,40
2026,22,2026/6/6,3,1,Nanjing,China,Belgium,Thailand,3,2,20,22,25,25,16,25,25,23,22,14,5,13,11,2,0,-,11,2,12,25,2,4,7,13,0,1,15,16,6,0,6,12,12,4,19,2,0,25,27
2026,23,2026/6/6,3,1,Nanjing,China,China,Serbia,3,0,25,25,25,-,-,21,21,21,-,-,ALL,57,48,7,2,-,48,13,63,124,7,17,21,45,2,2,69,73,13,0,45,58,58,9,86,37,1,86,124
2026,23,2026/6/6,3,1,Nanjing,China,China,Serbia,3,0,25,25,25,-,-,21,21,21,-,-,1,16,14,2,0,-,14,3,19,36,2,5,8,15,0,1,23,24,5,0,14,19,17,3,25,11,1,24,36
2026,23,2026/6/6,3,1,Nanjing,China,China,Serbia,3,0,25,25,25,-,-,21,21,21,-,-,2,20,17,2,1,-,17,3,28,48,2,5,10,17,1,0,24,25,4,0,15,19,26,3,37,15,0,34,49
2026,23,2026/6/6,3,1,Nanjing,China,China,Serbia,3,0,25,25,25,-,-,21,21,21,-,-,3,21,17,3,1,-,17,7,16,40,3,7,3,13,1,1,22,24,4,0,16,20,15,3,24,11,0,28,39
2026,23,2026/6/6,3,1,Nanjing,China,Serbia,China,0,3,21,21,21,-,-,25,25,25,-,-,ALL,53,45,8,0,-,45,15,66,126,8,15,26,49,0,7,58,65,26,2,43,71,51,16,78,49,2,74,125
2026,23,2026/6/6,3,1,Nanjing,China,Serbia,China,0,3,21,21,21,-,-,25,25,25,-,-,1,17,16,1,0,-,16,5,18,39,1,1,7,9,0,3,19,22,6,0,17,23,14,8,26,14,2,23,39
2026,23,2026/6/6,3,1,Nanjing,China,Serbia,China,0,3,21,21,21,-,-,25,25,25,-,-,2,21,18,3,0,-,18,5,28,51,3,8,14,25,0,2,19,21,8,1,16,25,24,3,32,18,0,33,51
2026,23,2026/6/6,3,1,Nanjing,China,Serbia,China,0,3,21,21,21,-,-,25,25,25,-,-,3,15,11,4,0,-,11,5,20,36,4,6,5,15,0,2,20,22,12,1,10,23,13,5,20,17,0,18,35
2026,24,2026/6/6,2,1,Brasilia,Brazil,Brazil,Bulgaria,3,0,25,25,25,-,-,23,17,13,-,-,ALL,58,41,7,10,-,41,11,46,98,7,10,20,37,10,8,55,73,12,4,34,50,34,9,68,23,1,73,97
2026,24,2026/6/6,2,1,Brasilia,Brazil,Brazil,Bulgaria,3,0,25,25,25,-,-,23,17,13,-,-,1,17,13,3,1,-,13,5,25,43,3,7,8,18,1,2,21,24,5,1,16,22,13,3,28,10,1,34,45
2026,24,2026/6/6,2,1,Brasilia,Brazil,Brazil,Bulgaria,3,0,25,25,25,-,-,23,17,13,-,-,2,23,15,3,5,-,15,3,17,35,3,2,9,14,5,1,19,25,2,3,12,17,13,5,27,5,0,27,32
2026,24,2026/6/6,2,1,Brasilia,Brazil,Brazil,Bulgaria,3,0,25,25,25,-,-,23,17,13,-,-,3,18,13,1,4,-,13,3,4,20,1,1,3,5,4,5,15,24,5,0,6,11,8,1,13,8,0,12,20
2026,24,2026/6/6,2,1,Brasilia,Brazil,Bulgaria,Brazil,0,3,23,17,13,-,-,25,25,25,-,-,ALL,39,29,6,4,-,29,17,52,98,6,12,20,38,4,5,46,55,15,10,40,65,29,15,66,24,1,69,94
2026,24,2026/6/6,2,1,Brasilia,Brazil,Bulgaria,Brazil,0,3,23,17,13,-,-,25,25,25,-,-,1,17,14,2,1,-,14,8,23,45,2,4,11,17,1,2,21,24,4,1,17,22,15,7,32,11,0,32,43
2026,24,2026/6/6,2,1,Brasilia,Brazil,Bulgaria,Brazil,0,3,23,17,13,-,-,25,25,25,-,-,2,15,10,2,3,-,10,4,18,32,2,5,6,13,3,0,14,17,9,5,10,24,11,5,25,7,1,25,33
2026,24,2026/6/6,2,1,Brasilia,Brazil,Bulgaria,Brazil,0,3,23,17,13,-,-,25,25,25,-,-,3,7,5,2,0,-,5,5,11,21,2,3,3,8,0,3,11,14,2,4,13,19,3,3,9,6,0,12,18
2026,25,2026/6/6,2,1,Brasilia,Brazil,Italy,Türkiye,3,1,25,26,25,25,-,16,28,19,15,-,ALL,76,57,9,10,-,57,15,52,124,9,23,22,54,10,6,84,100,18,2,49,69,48,16,87,17,0,108,125
2026,25,2026/6/6,2,1,Brasilia,Brazil,Italy,Türkiye,3,1,25,26,25,25,-,16,28,19,15,-,1,19,13,2,4,-,13,1,14,28,2,5,7,14,4,0,20,24,5,1,8,14,13,6,26,3,0,27,30
2026,25,2026/6/6,2,1,Brasilia,Brazil,Italy,Türkiye,3,1,25,26,25,25,-,16,28,19,15,-,2,22,18,1,3,-,18,8,22,48,1,9,5,15,3,2,22,27,9,0,17,26,15,4,29,7,0,40,47
2026,25,2026/6/6,2,1,Brasilia,Brazil,Italy,Türkiye,3,1,25,26,25,25,-,16,28,19,15,-,3,16,11,3,2,-,11,2,13,26,3,5,6,14,2,1,21,24,2,1,13,16,11,5,21,2,0,24,26
2026,25,2026/6/6,2,1,Brasilia,Brazil,Italy,Türkiye,3,1,25,26,25,25,-,16,28,19,15,-,4,19,15,3,1,-,15,4,3,22,3,4,4,11,1,3,21,25,2,0,11,13,9,1,11,5,0,17,22
2026,25,2026/6/6,2,1,Brasilia,Brazil,Türkiye,Italy,1,3,16,28,19,15,-,25,26,25,25,-,ALL,62,54,6,2,-,54,22,55,131,6,30,26,62,2,10,67,79,22,10,62,94,41,18,76,31,0,99,130
2026,25,2026/6/6,2,1,Brasilia,Brazil,Türkiye,Italy,1,3,16,28,19,15,-,25,26,25,25,-,1,16,14,1,1,-,14,4,15,33,1,6,6,13,1,3,13,17,6,4,14,24,11,8,23,8,0,25,33
2026,25,2026/6/6,2,1,Brasilia,Brazil,Türkiye,Italy,1,3,16,28,19,15,-,25,26,25,25,-,2,20,17,3,0,-,17,3,16,36,3,9,12,24,0,1,26,27,5,3,17,25,13,6,26,10,0,26,36
2026,25,2026/6/6,2,1,Brasilia,Brazil,Türkiye,Italy,1,3,16,28,19,15,-,25,26,25,25,-,3,16,15,0,1,-,15,8,15,38,0,7,7,14,1,4,15,20,7,2,14,23,14,1,18,8,0,29,37
2026,25,2026/6/6,2,1,Brasilia,Brazil,Türkiye,Italy,1,3,16,28,19,15,-,25,26,25,25,-,4,10,8,2,0,-,8,7,9,24,2,8,1,11,0,2,13,15,4,1,17,22,3,3,9,5,0,19,24
2026,26,2026/6/6,1,1,Quebec City,Canada,Canada,France,3,1,21,25,25,28,-,25,20,19,26,-,ALL,81,63,13,5,-,63,16,55,134,13,31,26,70,5,12,81,98,22,4,58,84,52,19,95,63,2,69,134
2026,26,2026/6/6,1,1,Quebec City,Canada,Canada,France,3,1,21,25,25,28,-,25,20,19,26,-,1,16,13,2,1,-,13,8,8,29,2,8,5,15,1,2,19,22,7,1,13,21,10,3,20,12,1,19,32
2026,26,2026/6/6,1,1,Quebec City,Canada,Canada,France,3,1,21,25,25,28,-,25,20,19,26,-,2,22,17,2,3,-,17,1,19,37,2,9,8,19,3,3,18,24,2,1,17,20,19,3,32,17,1,18,36
2026,26,2026/6/6,1,1,Quebec City,Canada,Canada,France,3,1,21,25,25,28,-,25,20,19,26,-,3,20,14,5,1,-,14,3,8,25,5,5,4,14,1,3,21,25,6,1,11,18,6,6,16,15,0,8,23
2026,26,2026/6/6,1,1,Quebec City,Canada,Canada,France,3,1,21,25,25,28,-,25,20,19,26,-,4,23,19,4,0,-,19,4,20,43,4,9,9,22,0,4,23,27,7,1,17,25,17,7,27,19,0,24,43
2026,26,2026/6/6,1,1,Quebec City,Canada,France,Canada,1,3,25,20,19,26,-,21,25,25,28,-,ALL,67,56,7,4,-,56,24,61,141,7,23,28,58,4,7,80,91,26,5,55,86,53,26,100,59,0,81,140
2026,26,2026/6/6,1,1,Quebec City,Canada,France,Canada,1,3,25,20,19,26,-,21,25,25,28,-,1,17,13,3,1,-,13,4,14,31,3,5,6,14,1,3,20,24,3,1,16,20,11,5,19,18,0,14,32
2026,26,2026/6/6,1,1,Quebec City,Canada,France,Canada,1,3,25,20,19,26,-,21,25,25,28,-,2,16,14,1,1,-,14,4,24,42,1,5,9,15,1,1,19,21,4,3,14,21,22,8,37,14,0,25,39
2026,26,2026/6/6,1,1,Quebec City,Canada,France,Canada,1,3,25,20,19,26,-,21,25,25,28,-,3,14,12,1,1,-,12,9,7,28,1,6,5,12,1,1,17,19,8,1,13,22,7,6,17,16,0,13,29
2026,26,2026/6/6,1,1,Quebec City,Canada,France,Canada,1,3,25,20,19,26,-,21,25,25,28,-,4,20,17,2,1,-,17,7,16,40,2,7,8,17,1,2,24,27,11,0,12,23,13,7,27,11,0,29,40
2026,27,2026/6/7,1,1,Quebec City,Canada,Germany,Japan,0,3,20,15,24,-,-,25,25,26,-,-,ALL,45,36,7,2,-,36,11,64,111,7,25,21,53,2,8,51,61,12,2,55,69,45,23,83,18,2,96,116
2026,27,2026/6/7,1,1,Quebec City,Canada,Germany,Japan,0,3,20,15,24,-,-,25,25,26,-,-,1,16,13,3,0,-,13,3,23,39,3,10,5,18,0,5,16,21,6,2,14,22,15,5,25,6,0,31,37
2026,27,2026/6/7,1,1,Quebec City,Canada,Germany,Japan,0,3,20,15,24,-,-,25,25,26,-,-,2,12,9,2,1,-,9,4,21,34,2,5,8,15,1,1,13,15,4,0,21,25,14,12,30,5,1,32,38
2026,27,2026/6/7,1,1,Quebec City,Canada,Germany,Japan,0,3,20,15,24,-,-,25,25,26,-,-,3,17,14,2,1,-,14,4,20,38,2,10,8,20,1,2,22,25,2,0,20,22,16,6,28,7,1,33,41
2026,27,2026/6/7,1,1,Quebec City,Canada,Japan,Germany,3,0,25,25,26,-,-,20,15,24,-,-,ALL,59,53,4,2,-,53,15,49,117,4,11,26,41,2,5,67,74,12,2,39,53,61,25,102,20,0,98,118
2026,27,2026/6/7,1,1,Quebec City,Canada,Japan,Germany,3,0,25,25,26,-,-,20,15,24,-,-,1,19,15,2,2,-,15,5,12,32,2,5,12,19,2,2,20,24,2,0,14,16,18,8,33,5,0,29,34
2026,27,2026/6/7,1,1,Quebec City,Canada,Japan,Germany,3,0,25,25,26,-,-,20,15,24,-,-,2,20,19,1,0,-,19,5,17,41,1,4,7,12,0,0,25,25,3,1,10,14,23,5,32,8,0,30,38
2026,27,2026/6/7,1,1,Quebec City,Canada,Japan,Germany,3,0,25,25,26,-,-,20,15,24,-,-,3,20,19,1,0,-,19,5,20,44,1,2,7,10,0,3,22,25,7,1,15,23,20,12,37,7,0,39,46
2026,28,2026/6/7,3,1,Nanjing,China,Thailand,Czechia,0,3,14,19,11,-,-,25,25,25,-,-,ALL,28,27,1,0,-,27,23,44,94,1,10,11,22,0,3,42,45,16,5,43,64,24,12,58,30,1,62,93
2026,28,2026/6/7,3,1,Nanjing,China,Thailand,Czechia,0,3,14,19,11,-,-,25,25,25,-,-,1,10,10,0,0,-,10,9,15,34,0,4,2,6,0,2,12,14,5,1,18,24,6,4,15,11,0,22,33
2026,28,2026/6/7,3,1,Nanjing,China,Thailand,Czechia,0,3,14,19,11,-,-,25,25,25,-,-,2,11,10,1,0,-,10,5,17,32,1,4,4,9,0,1,19,20,8,1,10,19,10,4,23,10,1,21,32
2026,28,2026/6/7,3,1,Nanjing,China,Thailand,Czechia,0,3,14,19,11,-,-,25,25,25,-,-,3,7,7,0,0,-,7,9,12,28,0,2,5,7,0,0,11,11,3,3,15,21,8,4,20,9,0,19,28
2026,28,2026/6/7,3,1,Nanjing,China,Czechia,Thailand,3,0,25,25,25,-,-,14,19,11,-,-,ALL,63,43,15,5,-,43,5,29,77,15,11,28,54,5,10,59,74,9,0,33,42,33,10,52,28,0,52,80
2026,28,2026/6/7,3,1,Nanjing,China,Czechia,Thailand,3,0,25,25,25,-,-,14,19,11,-,-,1,19,13,5,1,-,13,1,4,18,5,8,8,21,1,1,23,25,1,0,11,12,7,1,12,7,0,13,20
2026,28,2026/6/7,3,1,Nanjing,China,Czechia,Thailand,3,0,25,25,25,-,-,14,19,11,-,-,2,21,17,3,1,-,17,4,15,36,3,3,11,17,1,5,18,24,6,0,13,19,17,5,24,11,0,27,38
2026,28,2026/6/7,3,1,Nanjing,China,Czechia,Thailand,3,0,25,25,25,-,-,14,19,11,-,-,3,23,13,7,3,-,13,0,10,23,7,0,9,16,3,4,18,25,2,0,9,11,9,4,16,10,0,12,22
2026,29,2026/6/7,3,1,Nanjing,China,Belgium,Serbia,3,2,25,25,21,20,15,20,22,25,25,12,ALL,72,55,13,4,-,55,30,78,163,13,19,27,59,4,7,95,106,13,2,75,90,65,21,113,21,0,142,163
2026,29,2026/6/7,3,1,Nanjing,China,Belgium,Serbia,3,2,25,25,21,20,15,20,22,25,25,12,1,16,14,2,0,-,14,3,14,31,2,2,8,12,0,1,24,25,3,0,14,17,13,9,26,5,0,26,31
2026,29,2026/6/7,3,1,Nanjing,China,Belgium,Serbia,3,2,25,25,21,20,15,20,22,25,25,12,2,19,15,2,2,-,15,7,14,36,2,6,4,12,2,1,21,24,3,1,16,20,13,6,25,5,0,31,36
2026,29,2026/6/7,3,1,Nanjing,China,Belgium,Serbia,3,2,25,25,21,20,15,20,22,25,25,12,3,14,9,5,0,-,9,7,25,41,5,3,7,15,0,2,20,22,1,0,20,21,18,4,28,4,0,37,41
2026,29,2026/6/7,3,1,Nanjing,China,Belgium,Serbia,3,2,25,25,21,20,15,20,22,25,25,12,4,14,11,2,1,-,11,7,13,31,2,5,4,11,1,2,17,20,5,1,17,23,9,1,17,5,0,26,31
2026,29,2026/6/7,3,1,Nanjing,China,Belgium,Serbia,3,2,25,25,21,20,15,20,22,25,25,12,5,9,6,2,1,-,6,6,12,24,2,3,4,9,1,1,13,15,1,0,8,9,12,1,17,2,0,22,24
2026,29,2026/6/7,3,1,Nanjing,China,Serbia,Belgium,2,3,20,22,25,25,12,25,25,21,20,15,ALL,86,65,19,2,-,65,29,77,171,19,26,34,79,2,14,88,104,29,4,66,99,75,11,101,53,2,119,174
2026,29,2026/6/7,3,1,Nanjing,China,Serbia,Belgium,2,3,20,22,25,25,12,25,25,21,20,15,1,18,16,2,0,-,16,6,17,39,2,5,4,11,0,3,17,20,7,0,17,24,15,5,26,12,1,29,42
2026,29,2026/6/7,3,1,Nanjing,China,Serbia,Belgium,2,3,20,22,25,25,12,25,25,21,20,15,2,19,13,5,1,-,13,5,13,31,5,6,10,21,1,3,19,23,7,2,14,23,10,5,18,11,0,19,30
2026,29,2026/6/7,3,1,Nanjing,China,Serbia,Belgium,2,3,20,22,25,25,12,25,25,21,20,15,3,21,16,5,0,-,16,9,20,45,5,6,10,21,0,3,21,24,6,0,14,20,24,0,25,15,0,29,44
2026,29,2026/6/7,3,1,Nanjing,China,Serbia,Belgium,2,3,20,22,25,25,12,25,25,21,20,15,4,21,15,5,1,-,15,4,14,33,5,4,5,14,1,2,22,25,5,1,12,18,17,1,21,11,1,23,35
2026,29,2026/6/7,3,1,Nanjing,China,Serbia,Belgium,2,3,20,22,25,25,12,25,25,21,20,15,5,7,5,2,0,-,5,5,13,23,2,5,5,12,0,3,9,12,4,1,9,14,9,0,11,4,0,19,23
2026,30,2026/6/7,3,1,Nanjing,China,China,Poland,3,1,16,25,25,26,-,25,18,23,24,-,ALL,70,59,8,3,-,59,15,60,134,8,24,25,57,3,9,79,91,11,7,61,79,51,16,82,35,0,97,132
2026,30,2026/6/7,3,1,Nanjing,China,China,Poland,3,1,16,25,25,26,-,25,18,23,24,-,1,12,11,1,0,-,11,6,10,27,1,5,2,8,0,0,17,17,2,2,18,22,6,7,15,4,0,23,27
2026,30,2026/6/7,3,1,Nanjing,China,China,Poland,3,1,16,25,25,26,-,25,18,23,24,-,2,19,17,2,0,-,17,2,16,35,2,7,6,15,0,2,22,24,1,1,15,17,13,2,18,10,0,22,32
2026,30,2026/6/7,3,1,Nanjing,China,China,Poland,3,1,16,25,25,26,-,25,18,23,24,-,3,21,15,4,2,-,15,2,17,34,4,6,6,16,2,3,20,25,3,2,15,20,14,5,25,10,0,25,35
2026,30,2026/6/7,3,1,Nanjing,China,China,Poland,3,1,16,25,25,26,-,25,18,23,24,-,4,18,16,1,1,-,16,5,17,38,1,6,11,18,1,4,20,25,5,2,13,20,18,2,24,11,0,27,38
2026,30,2026/6/7,3,1,Nanjing,China,Poland,China,1,3,25,18,23,24,-,16,25,25,26,-,ALL,74,59,8,7,-,59,17,47,123,8,23,20,51,7,12,72,91,17,3,62,82,45,15,74,39,1,91,131
2026,30,2026/6/7,3,1,Nanjing,China,Poland,China,1,3,25,18,23,24,-,16,25,25,26,-,1,22,17,3,2,-,17,3,5,25,3,4,3,10,2,2,20,24,5,0,12,17,10,4,14,11,0,16,27
2026,30,2026/6/7,3,1,Nanjing,China,Poland,China,1,3,25,18,23,24,-,16,25,25,26,-,2,15,13,1,1,-,13,5,12,30,1,8,6,15,1,2,16,19,4,0,18,22,11,2,17,8,1,24,33
2026,30,2026/6/7,3,1,Nanjing,China,Poland,China,1,3,25,18,23,24,-,16,25,25,26,-,3,19,16,1,2,-,16,5,11,32,1,5,8,14,2,3,18,23,3,2,17,22,12,5,22,10,0,24,34
2026,30,2026/6/7,3,1,Nanjing,China,Poland,China,1,3,25,18,23,24,-,16,25,25,26,-,4,18,13,3,2,-,13,4,19,36,3,6,3,12,2,5,18,25,5,1,15,21,12,4,21,10,0,27,37
2026,31,2026/6/7,2,1,Brasilia,Brazil,Dominican Republic,Netherlands,0,3,20,19,17,-,-,25,25,25,-,-,ALL,35,30,4,1,-,30,25,33,88,4,9,12,25,1,4,53,58,19,5,37,61,27,15,64,32,2,58,92
2026,31,2026/6/7,2,1,Brasilia,Brazil,Dominican Republic,Netherlands,0,3,20,19,17,-,-,25,25,25,-,-,1,14,11,2,1,-,11,11,13,35,2,1,7,10,1,3,17,21,5,2,12,19,14,3,23,10,0,24,34
2026,31,2026/6/7,2,1,Brasilia,Brazil,Dominican Republic,Netherlands,0,3,20,19,17,-,-,25,25,25,-,-,2,11,11,0,0,-,11,7,9,27,0,2,2,4,0,1,18,19,9,2,11,22,6,7,18,13,2,14,29
2026,31,2026/6/7,2,1,Brasilia,Brazil,Dominican Republic,Netherlands,0,3,20,19,17,-,-,25,25,25,-,-,3,10,8,2,0,-,8,7,11,26,2,6,3,11,0,0,18,18,5,1,14,20,7,5,23,9,0,20,29
2026,31,2026/6/7,2,1,Brasilia,Brazil,Netherlands,Dominican Republic,3,0,25,25,25,-,-,20,19,17,-,-,ALL,53,39,9,5,-,39,12,37,88,9,11,11,31,5,12,56,73,20,1,33,54,26,7,46,46,0,39,85
2026,31,2026/6/7,2,1,Brasilia,Brazil,Netherlands,Dominican Republic,3,0,25,25,25,-,-,20,19,17,-,-,1,16,9,5,2,-,9,3,17,29,5,5,4,14,2,5,17,24,7,1,10,18,9,2,16,14,0,14,28
2026,31,2026/6/7,2,1,Brasilia,Brazil,Netherlands,Dominican Republic,3,0,25,25,25,-,-,20,19,17,-,-,2,16,13,1,2,-,13,5,7,25,1,2,2,5,2,3,20,25,5,0,13,18,6,2,10,18,0,6,24
2026,31,2026/6/7,2,1,Brasilia,Brazil,Netherlands,Dominican Republic,3,0,25,25,25,-,-,20,19,17,-,-,3,21,17,3,1,-,17,4,13,34,3,4,5,12,1,4,19,24,8,0,10,18,11,3,20,14,0,19,33
2026,32,2026/6/7,1,1,Quebec City,Canada,Ukraine,France,2,3,25,25,20,19,10,18,15,25,25,15,ALL,70,50,14,6,-,50,20,71,141,14,25,20,59,6,8,86,100,24,8,52,84,49,13,90,46,0,91,137
2026,32,2026/6/7,1,1,Quebec City,Canada,Ukraine,France,2,3,25,25,20,19,10,18,15,25,25,15,1,18,14,2,2,-,14,5,15,34,2,3,3,8,2,4,19,25,9,0,7,16,11,2,25,14,0,19,33
2026,32,2026/6/7,1,1,Quebec City,Canada,Ukraine,France,2,3,25,25,20,19,10,18,15,25,25,15,2,18,12,5,1,-,12,3,16,31,5,4,5,14,1,1,22,24,2,1,10,13,14,1,22,10,0,21,31
2026,32,2026/6/7,1,1,Quebec City,Canada,Ukraine,France,2,3,25,25,20,19,10,18,15,25,25,15,3,15,10,3,2,-,10,6,13,29,3,8,5,16,2,1,18,21,5,3,13,21,10,3,17,9,0,20,29
2026,32,2026/6/7,1,1,Quebec City,Canada,Ukraine,France,2,3,25,25,20,19,10,18,15,25,25,15,4,12,7,4,1,-,7,4,17,28,4,6,4,14,1,1,17,19,6,2,14,22,7,6,16,8,0,18,26
2026,32,2026/6/7,1,1,Quebec City,Canada,Ukraine,France,2,3,25,25,20,19,10,18,15,25,25,15,5,7,7,0,0,-,7,2,10,19,0,4,3,7,0,1,10,11,2,2,8,12,7,1,10,5,0,13,18
2026,32,2026/6/7,1,1,Quebec City,Canada,France,Ukraine,3,2,18,15,25,25,15,25,25,20,19,10,ALL,84,62,14,8,-,62,29,55,146,14,22,30,66,8,13,76,97,26,6,60,92,60,11,93,36,1,113,150
2026,32,2026/6/7,1,1,Quebec City,Canada,France,Ukraine,3,2,18,15,25,25,15,25,25,20,19,10,1,12,9,3,0,-,9,7,13,29,3,7,9,19,0,2,16,18,7,2,12,21,14,4,20,10,0,22,32
2026,32,2026/6/7,1,1,Quebec City,Canada,France,Ukraine,3,2,18,15,25,25,15,25,25,20,19,10,2,13,10,2,1,-,10,8,14,32,2,5,6,13,1,3,12,16,3,1,19,23,13,2,19,7,1,25,33
2026,32,2026/6/7,1,1,Quebec City,Canada,France,Ukraine,3,2,18,15,25,25,15,25,25,20,19,10,3,23,15,5,3,-,15,5,12,32,5,5,5,15,3,3,18,24,5,2,13,20,13,2,20,7,0,26,33
2026,32,2026/6/7,1,1,Quebec City,Canada,France,Ukraine,3,2,18,15,25,25,15,25,25,20,19,10,4,24,18,4,2,-,18,8,8,34,4,1,6,11,2,3,20,25,7,1,10,18,13,3,21,8,0,25,33
2026,32,2026/6/7,1,1,Quebec City,Canada,France,Ukraine,3,2,18,15,25,25,15,25,25,20,19,10,5,12,10,0,2,-,10,1,8,19,0,4,4,8,2,2,10,14,4,0,6,10,7,0,13,4,0,15,19
2026,33,2026/6/7,2,1,Brasilia,Brazil,Brazil,Italy,3,2,25,25,22,24,15,15,22,25,26,12,ALL,79,59,12,8,-,59,23,50,132,12,13,33,58,8,15,88,111,28,4,55,87,39,21,85,55,2,75,132
2026,33,2026/6/7,2,1,Brasilia,Brazil,Brazil,Italy,3,2,25,25,22,24,15,15,22,25,26,12,1,20,15,4,1,-,15,4,5,24,4,2,9,15,1,5,18,24,3,1,11,15,9,0,15,8,0,15,23
2026,33,2026/6/7,2,1,Brasilia,Brazil,Brazil,Italy,3,2,25,25,22,24,15,15,22,25,26,12,2,20,16,2,2,-,16,5,6,27,2,2,6,10,2,4,19,25,2,0,17,19,6,5,16,12,0,16,28
2026,33,2026/6/7,2,1,Brasilia,Brazil,Brazil,Italy,3,2,25,25,22,24,15,15,22,25,26,12,3,14,8,3,3,-,8,6,13,27,3,5,6,14,3,3,16,22,5,3,13,21,6,5,19,12,1,15,28
2026,33,2026/6/7,2,1,Brasilia,Brazil,Brazil,Italy,3,2,25,25,22,24,15,15,22,25,26,12,4,15,11,2,2,-,11,7,21,39,2,3,6,11,2,2,21,25,12,0,11,23,12,8,25,16,1,21,38
2026,33,2026/6/7,2,1,Brasilia,Brazil,Brazil,Italy,3,2,25,25,22,24,15,15,22,25,26,12,5,10,9,1,0,-,9,1,5,15,1,1,6,8,0,1,14,15,6,0,3,9,6,3,10,7,0,8,15
2026,33,2026/6/7,2,1,Brasilia,Brazil,Italy,Brazil,2,3,15,22,25,26,12,25,25,22,24,15,ALL,69,56,9,4,-,56,28,64,148,9,18,16,43,4,13,83,100,28,8,60,96,38,18,93,39,2,107,148
2026,33,2026/6/7,2,1,Brasilia,Brazil,Italy,Brazil,2,3,15,22,25,26,12,25,25,22,24,15,1,8,5,2,1,-,5,6,17,28,2,3,3,8,1,1,14,16,7,1,11,19,3,5,18,5,1,21,27
2026,33,2026/6/7,2,1,Brasilia,Brazil,Italy,Brazil,2,3,15,22,25,26,12,25,25,22,24,15,2,15,13,2,0,-,13,4,10,27,2,7,4,13,0,3,19,22,5,2,14,21,4,6,17,4,0,22,26
2026,33,2026/6/7,2,1,Brasilia,Brazil,Italy,Brazil,2,3,15,22,25,26,12,25,25,22,24,15,3,17,12,2,3,-,12,7,14,33,2,2,3,7,3,4,18,25,4,3,12,19,11,2,21,10,0,23,33
2026,33,2026/6/7,2,1,Brasilia,Brazil,Italy,Brazil,2,3,15,22,25,26,12,25,25,22,24,15,4,19,16,3,0,-,16,8,15,39,3,3,6,12,0,2,23,25,7,2,14,23,17,3,28,13,1,27,41
2026,33,2026/6/7,2,1,Brasilia,Brazil,Italy,Brazil,2,3,15,22,25,26,12,25,25,22,24,15,5,10,10,0,0,-,10,3,8,21,0,3,0,3,0,3,9,12,5,0,9,14,3,2,9,7,0,14,21
2026,34,2026/6/7,1,1,Quebec City,Canada,USA,Germany,3,0,25,25,25,-,-,22,15,12,-,-,ALL,60,45,11,4,-,45,9,33,87,11,9,20,40,4,7,62,73,11,5,31,47,42,7,59,23,0,64,87
2026,34,2026/6/7,1,1,Quebec City,Canada,USA,Germany,3,0,25,25,25,-,-,22,15,12,-,-,1,21,15,5,1,-,15,3,15,33,5,3,7,15,1,3,20,24,5,1,14,20,15,5,25,9,0,26,35
2026,34,2026/6/7,1,1,Quebec City,Canada,USA,Germany,3,0,25,25,25,-,-,22,15,12,-,-,2,19,13,5,1,-,13,4,10,27,5,3,9,17,1,1,23,25,1,3,10,14,12,1,17,4,0,20,24
2026,34,2026/6/7,1,1,Quebec City,Canada,USA,Germany,3,0,25,25,25,-,-,22,15,12,-,-,3,20,17,1,2,-,17,2,8,27,1,3,4,8,2,3,19,24,5,1,7,13,15,1,17,10,0,18,28
2026,34,2026/6/7,1,1,Quebec City,Canada,Germany,USA,0,3,22,15,12,-,-,25,25,25,-,-,ALL,39,28,6,5,-,28,20,51,99,6,15,10,31,5,4,42,51,12,4,50,66,32,15,67,27,2,74,103
2026,34,2026/6/7,1,1,Quebec City,Canada,Germany,USA,0,3,22,15,12,-,-,25,25,25,-,-,1,19,15,3,1,-,15,6,19,40,3,3,3,9,1,3,19,23,4,1,16,21,17,8,31,13,0,27,40
2026,34,2026/6/7,1,1,Quebec City,Canada,Germany,USA,0,3,22,15,12,-,-,25,25,25,-,-,2,12,7,2,3,-,7,9,18,34,2,6,5,13,3,1,11,15,2,1,21,24,9,4,22,7,1,28,36
2026,34,2026/6/7,1,1,Quebec City,Canada,Germany,USA,0,3,22,15,12,-,-,25,25,25,-,-,3,8,6,1,1,-,6,5,14,25,1,6,2,9,1,0,12,13,6,2,13,21,6,3,14,7,1,19,27
2026,35,2026/6/7,2,1,Brasilia,Brazil,Bulgaria,Türkiye,1,3,12,9,25,18,-,25,25,22,25,-,ALL,53,40,12,1,-,40,32,68,140,12,17,31,60,1,6,58,65,17,6,69,92,42,17,83,12,1,124,137
2026,35,2026/6/7,2,1,Brasilia,Brazil,Bulgaria,Türkiye,1,3,12,9,25,18,-,25,25,22,25,-,1,11,9,2,0,-,9,10,14,33,2,4,8,14,0,2,11,13,6,1,17,24,8,4,18,4,0,29,33
2026,35,2026/6/7,2,1,Brasilia,Brazil,Bulgaria,Türkiye,1,3,12,9,25,18,-,25,25,22,25,-,2,7,6,1,0,-,6,9,16,31,1,4,4,9,0,1,8,9,6,1,17,24,7,5,18,4,0,26,30
2026,35,2026/6/7,2,1,Brasilia,Brazil,Bulgaria,Türkiye,1,3,12,9,25,18,-,25,25,22,25,-,3,23,18,4,1,-,18,4,20,42,4,4,10,18,1,1,23,25,1,1,19,21,17,4,29,1,1,39,41
2026,35,2026/6/7,2,1,Brasilia,Brazil,Bulgaria,Türkiye,1,3,12,9,25,18,-,25,25,22,25,-,4,12,7,5,0,-,7,9,18,34,5,5,9,19,0,2,16,18,4,3,16,23,10,4,18,3,0,30,33
2026,35,2026/6/7,2,1,Brasilia,Brazil,Türkiye,Bulgaria,3,1,25,25,22,25,-,12,9,25,18,-,ALL,72,52,14,6,-,52,19,57,128,14,24,37,75,6,4,86,96,24,1,34,59,60,9,88,40,0,88,128
2026,35,2026/6/7,2,1,Brasilia,Brazil,Türkiye,Bulgaria,3,1,25,25,22,25,-,12,9,25,18,-,1,17,12,4,1,-,12,3,12,27,4,6,9,19,1,0,23,24,3,0,8,11,12,1,19,8,0,19,27
2026,35,2026/6/7,2,1,Brasilia,Brazil,Türkiye,Bulgaria,3,1,25,25,22,25,-,12,9,25,18,-,2,20,14,5,1,-,14,2,11,27,5,2,8,15,1,1,23,25,2,0,6,8,16,3,22,11,0,16,27
2026,35,2026/6/7,2,1,Brasilia,Brazil,Türkiye,Bulgaria,3,1,25,25,22,25,-,12,9,25,18,-,3,17,15,1,1,-,15,5,19,39,1,14,10,25,1,1,20,22,10,1,13,24,15,3,24,12,0,27,39
2026,35,2026/6/7,2,1,Brasilia,Brazil,Türkiye,Bulgaria,3,1,25,25,22,25,-,12,9,25,18,-,4,18,11,4,3,-,11,9,15,35,4,2,10,16,3,2,20,25,9,0,7,16,17,2,23,9,0,26,35
2026,36,2026/6/7,1,1,Quebec City,Canada,Canada,Japan,2,3,27,20,25,30,12,29,25,23,28,15,ALL,93,70,15,8,-,70,24,67,161,15,30,42,87,8,20,86,114,18,7,83,108,53,33,109,36,1,126,163
2026,36,2026/6/7,1,1,Quebec City,Canada,Canada,Japan,2,3,27,20,25,30,12,29,25,23,28,15,1,22,16,2,4,-,16,6,19,41,2,7,10,19,4,5,18,27,3,1,22,26,13,9,26,9,0,32,41
2026,36,2026/6/7,1,1,Quebec City,Canada,Canada,Japan,2,3,27,20,25,30,12,29,25,23,28,15,2,12,10,0,2,-,10,3,12,25,0,8,9,17,2,3,16,21,4,3,13,20,6,7,21,10,0,14,24
2026,36,2026/6/7,1,1,Quebec City,Canada,Canada,Japan,2,3,27,20,25,30,12,29,25,23,28,15,3,21,18,2,1,-,18,5,16,39,2,8,10,20,1,5,18,24,2,1,19,22,17,4,24,6,0,31,37
2026,36,2026/6/7,1,1,Quebec City,Canada,Canada,Japan,2,3,27,20,25,30,12,29,25,23,28,15,4,26,18,8,0,-,18,8,13,39,8,3,8,19,0,5,25,30,6,1,19,26,13,7,28,6,1,38,45
2026,36,2026/6/7,1,1,Quebec City,Canada,Canada,Japan,2,3,27,20,25,30,12,29,25,23,28,15,5,12,8,3,1,-,8,2,7,17,3,4,5,12,1,2,9,12,3,1,10,14,4,6,10,5,0,11,16
2026,36,2026/6/7,1,1,Quebec City,Canada,Japan,Canada,3,2,29,25,23,28,15,27,20,25,30,12,ALL,75,65,3,7,-,65,24,86,175,3,27,21,51,7,11,101,119,14,8,72,94,77,35,138,30,1,143,174
2026,36,2026/6/7,1,1,Quebec City,Canada,Japan,Canada,3,2,29,25,23,28,15,27,20,25,30,12,1,20,17,2,1,-,17,4,21,42,2,7,5,14,1,3,25,29,3,4,15,22,22,6,32,9,0,33,42
2026,36,2026/6/7,1,1,Quebec City,Canada,Japan,Canada,3,2,29,25,23,28,15,27,20,25,30,12,2,17,14,0,3,-,14,3,19,36,0,3,2,5,3,4,17,24,5,2,11,18,17,4,30,5,1,30,36
2026,36,2026/6/7,1,1,Quebec City,Canada,Japan,Canada,3,2,29,25,23,28,15,27,20,25,30,12,3,14,12,1,1,-,12,4,18,34,1,6,8,15,1,2,21,24,0,1,18,19,12,11,30,4,0,28,32
2026,36,2026/6/7,1,1,Quebec City,Canada,Japan,Canada,3,2,29,25,23,28,15,27,20,25,30,12,4,14,13,0,1,-,13,10,21,44,0,8,3,11,1,2,25,28,5,0,20,25,19,9,31,8,0,37,45
2026,36,2026/6/7,1,1,Quebec City,Canada,Japan,Canada,3,2,29,25,23,28,15,27,20,25,30,12,5,10,9,0,1,-,9,3,7,19,0,3,3,6,1,0,13,14,1,1,8,10,7,5,15,4,0,15,19
2026,37,2026/6/17,5,2,Pasig City,Philippines,Dominican Republic,USA,0,3,20,19,12,-,-,25,25,25,-,-,ALL,35,31,2,2,-,31,19,47,97,2,12,14,28,2,7,44,53,14,2,53,69,34,11,60,7,3,94,104
2026,37,2026/6/17,5,2,Pasig City,Philippines,Dominican Republic,USA,0,3,20,19,12,-,-,25,25,25,-,-,1,18,16,0,2,-,16,5,19,40,0,3,7,10,2,4,15,21,3,0,21,24,15,5,27,3,0,39,42
2026,37,2026/6/17,5,2,Pasig City,Philippines,Dominican Republic,USA,0,3,20,19,12,-,-,25,25,25,-,-,2,9,9,0,0,-,9,8,14,31,0,4,5,9,0,1,18,19,5,0,18,23,12,2,18,2,1,31,34
2026,37,2026/6/17,5,2,Pasig City,Philippines,Dominican Republic,USA,0,3,20,19,12,-,-,25,25,25,-,-,3,8,6,2,0,-,6,6,14,26,2,5,2,9,0,2,11,13,6,2,14,22,7,4,15,2,2,24,28
2026,37,2026/6/17,5,2,Pasig City,Philippines,USA,Dominican Republic,3,0,25,25,25,-,-,20,19,12,-,-,ALL,53,43,8,2,-,43,9,43,95,8,18,16,42,2,4,67,73,13,2,31,46,44,6,62,28,3,63,94
2026,37,2026/6/17,5,2,Pasig City,Philippines,USA,Dominican Republic,3,0,25,25,25,-,-,20,19,12,-,-,1,19,16,3,0,-,16,2,18,36,3,7,6,16,0,0,24,24,5,2,10,17,16,4,28,10,0,27,37
2026,37,2026/6/17,5,2,Pasig City,Philippines,USA,Dominican Republic,3,0,25,25,25,-,-,20,19,12,-,-,2,17,15,2,0,-,15,5,16,36,2,6,4,12,0,2,23,25,5,0,13,18,17,2,22,10,2,23,35
2026,37,2026/6/17,5,2,Pasig City,Philippines,USA,Dominican Republic,3,0,25,25,25,-,-,20,19,12,-,-,3,17,12,3,2,-,12,2,9,23,3,5,6,14,2,2,20,24,3,0,8,11,11,0,12,8,1,13,22
2026,38,2026/6/17,6,2,Bangkok,Thailand,Canada,Netherlands,3,1,20,25,25,25,-,25,19,17,20,-,ALL,72,53,8,11,-,53,23,39,115,8,15,24,47,11,11,72,94,9,4,58,71,44,12,72,24,1,91,116
2026,38,2026/6/17,6,2,Bangkok,Thailand,Canada,Netherlands,3,1,20,25,25,25,-,25,19,17,20,-,1,15,12,0,3,-,12,9,10,31,0,6,4,10,3,4,13,20,1,0,19,20,9,3,16,7,0,23,30
2026,38,2026/6/17,6,2,Bangkok,Thailand,Canada,Netherlands,3,1,20,25,25,25,-,25,19,17,20,-,2,21,11,3,7,-,11,6,6,23,3,2,5,10,7,3,15,25,2,1,13,16,8,3,13,5,0,18,23
2026,38,2026/6/17,6,2,Bangkok,Thailand,Canada,Netherlands,3,1,20,25,25,25,-,25,19,17,20,-,3,18,16,2,0,-,16,5,9,30,2,3,5,10,0,2,22,24,3,1,13,17,13,2,20,6,1,23,30
2026,38,2026/6/17,6,2,Bangkok,Thailand,Canada,Netherlands,3,1,20,25,25,25,-,25,19,17,20,-,4,18,14,3,1,-,14,3,14,31,3,4,10,17,1,2,22,25,3,2,13,18,14,4,23,6,0,27,33
2026,38,2026/6/17,6,2,Bangkok,Thailand,Netherlands,Canada,1,3,25,19,17,20,-,20,25,25,25,-,ALL,57,41,12,4,-,41,18,55,114,12,16,16,44,4,11,67,82,18,11,54,83,37,16,72,28,2,87,117
2026,38,2026/6/17,6,2,Bangkok,Thailand,Netherlands,Canada,1,3,25,19,17,20,-,20,25,25,25,-,1,18,12,6,0,-,12,0,10,22,6,2,3,11,0,5,20,25,4,3,9,16,11,5,19,7,0,16,23
2026,38,2026/6/17,6,2,Bangkok,Thailand,Netherlands,Canada,1,3,25,19,17,20,-,20,25,25,25,-,2,12,9,2,1,-,9,3,11,23,2,4,1,7,1,3,15,19,4,7,11,22,6,3,14,6,1,17,24
2026,38,2026/6/17,6,2,Bangkok,Thailand,Netherlands,Canada,1,3,25,19,17,20,-,20,25,25,25,-,3,11,8,2,1,-,8,7,14,29,2,9,5,16,1,1,16,18,5,0,17,22,7,3,13,2,1,27,30
2026,38,2026/6/17,6,2,Bangkok,Thailand,Netherlands,Canada,1,3,25,19,17,20,-,20,25,25,25,-,4,16,12,2,2,-,12,8,20,40,2,1,7,10,2,2,16,20,5,1,17,23,13,5,26,13,0,27,40
2026,39,2026/6/17,5,2,Pasig City,Philippines,Czechia,Italy,0,3,18,21,22,-,-,25,25,25,-,-,ALL,50,38,8,4,-,38,13,47,98,8,12,16,36,4,3,55,62,16,6,48,70,35,16,67,19,0,82,101
2026,39,2026/6/17,5,2,Pasig City,Philippines,Czechia,Italy,0,3,18,21,22,-,-,25,25,25,-,-,1,15,9,4,2,-,9,6,26,41,4,3,8,15,2,0,16,18,5,0,19,24,15,9,32,7,0,35,42
2026,39,2026/6/17,5,2,Pasig City,Philippines,Czechia,Italy,0,3,18,21,22,-,-,25,25,25,-,-,2,16,13,3,0,-,13,4,12,29,3,6,3,12,0,1,21,22,6,3,14,23,10,3,17,7,0,24,31
2026,39,2026/6/17,5,2,Pasig City,Philippines,Czechia,Italy,0,3,18,21,22,-,-,25,25,25,-,-,3,19,16,1,2,-,16,3,9,28,1,3,5,9,2,2,18,22,5,3,15,23,10,4,18,5,0,23,28
2026,39,2026/6/17,5,2,Pasig City,Philippines,Italy,Czechia,3,0,25,25,25,-,-,18,21,22,-,-,ALL,65,53,6,6,-,53,13,42,108,6,13,14,33,6,5,64,75,15,4,40,59,46,9,70,19,0,87,106
2026,39,2026/6/17,5,2,Pasig City,Philippines,Italy,Czechia,3,0,25,25,25,-,-,18,21,22,-,-,1,22,19,3,0,-,19,5,19,43,3,2,11,16,0,2,24,26,3,2,13,18,25,2,33,7,0,36,43
2026,39,2026/6/17,5,2,Pasig City,Philippines,Italy,Czechia,3,0,25,25,25,-,-,18,21,22,-,-,2,21,17,1,3,-,17,6,13,36,1,5,1,7,3,1,20,24,7,0,14,21,12,4,22,5,0,31,36
2026,39,2026/6/17,5,2,Pasig City,Philippines,Italy,Czechia,3,0,25,25,25,-,-,18,21,22,-,-,3,22,17,2,3,-,17,2,10,29,2,6,2,10,3,2,20,25,5,2,13,20,9,3,15,7,0,20,27
2026,40,2026/6/17,4,2,Ankara,Türkiye,Germany,China,2,3,27,23,25,20,6,25,25,18,25,15,ALL,74,59,9,6,-,59,25,93,177,9,24,33,66,6,10,86,102,34,5,57,96,81,15,118,47,1,136,184
2026,40,2026/6/17,4,2,Ankara,Türkiye,Germany,China,2,3,27,23,25,20,6,25,25,18,25,15,1,18,15,2,1,-,15,5,22,42,2,6,8,16,1,2,24,27,4,1,15,20,24,4,33,8,0,36,44
2026,40,2026/6/17,4,2,Ankara,Türkiye,Germany,China,2,3,27,23,25,20,6,25,25,18,25,15,2,17,12,4,1,-,12,6,30,48,4,8,12,24,1,0,22,23,9,0,15,24,21,5,31,14,0,35,49
2026,40,2026/6/17,4,2,Ankara,Türkiye,Germany,China,2,3,27,23,25,20,6,25,25,18,25,15,3,21,17,3,1,-,17,5,14,36,3,5,7,15,1,3,21,25,9,0,9,18,19,3,25,12,0,26,38
2026,40,2026/6/17,4,2,Ankara,Türkiye,Germany,China,2,3,27,23,25,20,6,25,25,18,25,15,4,14,11,0,3,-,11,7,22,40,0,4,6,10,3,4,13,20,8,2,12,22,14,0,22,11,1,28,40
2026,40,2026/6/17,4,2,Ankara,Türkiye,Germany,China,2,3,27,23,25,20,6,25,25,18,25,15,5,4,4,0,0,-,4,2,5,11,0,1,0,1,0,1,6,7,4,2,6,12,3,3,7,2,0,11,13
2026,40,2026/6/17,4,2,Ankara,Türkiye,China,Germany,3,2,25,25,18,25,15,27,23,25,20,6,ALL,83,66,12,5,-,66,22,91,179,12,26,37,75,5,12,91,108,18,6,68,92,82,10,109,40,1,136,177
2026,40,2026/6/17,4,2,Ankara,Türkiye,China,Germany,3,2,25,25,18,25,15,27,23,25,20,6,1,19,17,1,1,-,17,4,23,44,1,9,11,21,1,6,19,26,3,1,21,25,19,0,23,13,0,30,43
2026,40,2026/6/17,4,2,Ankara,Türkiye,China,Germany,3,2,25,25,18,25,15,27,23,25,20,6,2,23,19,4,0,-,19,8,27,54,4,5,10,19,0,1,24,25,6,1,16,23,26,2,35,10,1,43,54
2026,40,2026/6/17,4,2,Ankara,Türkiye,China,Germany,3,2,25,25,18,25,15,27,23,25,20,6,3,13,9,4,0,-,9,7,21,37,4,4,5,13,0,0,18,18,3,1,18,22,15,5,24,7,0,31,38
2026,40,2026/6/17,4,2,Ankara,Türkiye,China,Germany,3,2,25,25,18,25,15,27,23,25,20,6,4,16,11,3,2,-,11,3,16,30,3,7,10,20,2,3,20,25,4,3,9,16,15,1,18,6,0,23,29
2026,40,2026/6/17,4,2,Ankara,Türkiye,China,Germany,3,2,25,25,18,25,15,27,23,25,20,6,5,12,10,0,2,-,10,0,4,14,0,1,1,2,2,2,10,14,2,0,4,6,7,2,9,4,0,9,13
2026,41,2026/6/17,6,2,Bangkok,Thailand,Bulgaria,Poland,0,3,12,22,23,-,-,25,25,25,-,-,ALL,48,36,7,5,-,36,19,50,105,7,13,14,34,5,11,44,60,10,4,57,71,36,13,63,26,2,78,106
2026,41,2026/6/17,6,2,Bangkok,Thailand,Bulgaria,Poland,0,3,12,22,23,-,-,25,25,25,-,-,1,10,8,1,1,-,8,5,13,26,1,6,3,10,1,1,12,14,2,2,19,23,8,8,17,5,1,21,27
2026,41,2026/6/17,6,2,Bangkok,Thailand,Bulgaria,Poland,0,3,12,22,23,-,-,25,25,25,-,-,2,20,13,4,3,-,13,9,23,45,4,5,7,16,3,2,17,22,6,1,19,26,15,2,24,11,0,34,45
2026,41,2026/6/17,6,2,Bangkok,Thailand,Bulgaria,Poland,0,3,12,22,23,-,-,25,25,25,-,-,3,18,15,2,1,-,15,5,14,34,2,2,4,8,1,8,15,24,2,1,19,22,13,3,22,10,1,23,34
2026,41,2026/6/17,6,2,Bangkok,Thailand,Poland,Bulgaria,3,0,25,25,25,-,-,12,22,23,-,-,ALL,51,39,8,4,-,39,12,39,90,8,16,16,40,4,2,68,74,7,5,37,49,43,14,71,31,1,59,91
2026,41,2026/6/17,6,2,Bangkok,Thailand,Poland,Bulgaria,3,0,25,25,25,-,-,12,22,23,-,-,1,23,17,4,2,-,17,1,8,26,4,5,4,13,2,1,21,24,3,1,9,13,12,3,16,14,0,11,25
2026,41,2026/6/17,6,2,Bangkok,Thailand,Poland,Bulgaria,3,0,25,25,25,-,-,12,22,23,-,-,2,17,13,3,1,-,13,6,15,34,3,5,5,13,1,0,25,26,2,3,15,20,17,4,28,6,0,31,37
2026,41,2026/6/17,6,2,Bangkok,Thailand,Poland,Bulgaria,3,0,25,25,25,-,-,12,22,23,-,-,3,11,9,1,1,-,9,5,16,30,1,6,7,14,1,1,22,24,2,1,13,16,14,7,27,11,1,17,29
2026,42,2026/6/17,5,2,Pasig City,Philippines,Japan,Serbia,3,2,20,26,18,32,15,25,24,25,30,7,ALL,84,73,4,7,-,73,31,74,178,4,20,26,50,7,9,94,110,20,4,76,100,64,16,113,48,1,129,178
2026,42,2026/6/17,5,2,Pasig City,Philippines,Japan,Serbia,3,2,20,26,18,32,15,25,24,25,30,7,1,14,12,1,1,-,12,8,19,39,1,6,5,12,1,2,17,20,5,0,17,22,13,1,21,7,0,32,39
2026,42,2026/6/17,5,2,Pasig City,Philippines,Japan,Serbia,3,2,20,26,18,32,15,25,24,25,30,7,2,20,18,1,1,-,18,6,15,39,1,2,12,15,1,1,24,26,7,1,14,22,17,6,29,15,0,25,40
2026,42,2026/6/17,5,2,Pasig City,Philippines,Japan,Serbia,3,2,20,26,18,32,15,25,24,25,30,7,3,15,14,0,1,-,14,8,13,35,0,5,4,9,1,3,14,18,2,3,18,23,11,0,19,9,1,24,34
2026,42,2026/6/17,5,2,Pasig City,Philippines,Japan,Serbia,3,2,20,26,18,32,15,25,24,25,30,7,4,23,20,1,2,-,20,8,22,50,1,5,3,9,2,2,28,32,5,0,20,25,17,7,34,14,0,36,50
2026,42,2026/6/17,5,2,Pasig City,Philippines,Japan,Serbia,3,2,20,26,18,32,15,25,24,25,30,7,5,12,9,1,2,-,9,1,5,15,1,2,2,5,2,1,11,14,1,0,7,8,6,2,10,3,0,12,15
2026,42,2026/6/17,5,2,Pasig City,Philippines,Serbia,Japan,2,3,25,24,25,30,7,20,26,18,32,15,ALL,84,65,15,4,-,65,17,73,155,15,33,39,87,4,12,96,112,28,7,66,101,60,25,98,40,0,116,156
2026,42,2026/6/17,5,2,Pasig City,Philippines,Serbia,Japan,2,3,25,24,25,30,7,20,26,18,32,15,1,19,15,4,0,-,15,3,16,34,4,7,10,21,0,3,22,25,5,1,12,18,16,3,21,6,0,28,34
2026,42,2026/6/17,5,2,Pasig City,Philippines,Serbia,Japan,2,3,25,24,25,30,7,20,26,18,32,15,2,20,16,3,1,-,16,5,22,43,3,8,6,17,1,2,21,24,9,1,15,25,15,5,24,12,0,30,42
2026,42,2026/6/17,5,2,Pasig City,Philippines,Serbia,Japan,2,3,25,24,25,30,7,20,26,18,32,15,3,18,10,5,3,-,10,1,13,24,5,6,7,18,3,2,20,25,3,1,11,15,11,5,19,7,0,16,23
2026,42,2026/6/17,5,2,Pasig City,Philippines,Serbia,Japan,2,3,25,24,25,30,7,20,26,18,32,15,4,22,19,3,0,-,19,4,17,40,3,10,13,26,0,5,25,30,9,2,19,30,15,6,22,12,0,29,41
2026,42,2026/6/17,5,2,Pasig City,Philippines,Serbia,Japan,2,3,25,24,25,30,7,20,26,18,32,15,5,5,5,0,0,-,5,4,5,14,0,2,3,5,0,0,8,8,2,2,9,13,3,6,12,3,0,13,16
2026,43,2026/6/17,4,2,Ankara,Türkiye,France,Brazil,0,3,22,19,15,-,-,25,25,25,-,-,ALL,31,22,7,2,-,22,23,40,85,7,7,10,24,2,11,44,57,12,8,39,59,28,13,64,11,1,76,88
2026,43,2026/6/17,4,2,Ankara,Türkiye,France,Brazil,0,3,22,19,15,-,-,25,25,25,-,-,1,11,5,6,0,-,5,6,14,25,6,0,4,10,0,3,19,22,3,1,13,17,13,10,27,3,1,23,27
2026,43,2026/6/17,4,2,Ankara,Türkiye,France,Brazil,0,3,22,19,15,-,-,25,25,25,-,-,2,11,9,1,1,-,9,7,13,29,1,3,2,6,1,3,16,20,5,4,11,20,8,3,21,4,0,26,30
2026,43,2026/6/17,4,2,Ankara,Türkiye,France,Brazil,0,3,22,19,15,-,-,25,25,25,-,-,3,9,8,0,1,-,8,10,13,31,0,4,4,8,1,5,9,15,4,3,15,22,7,0,16,4,0,27,31
2026,43,2026/6/17,4,2,Ankara,Türkiye,Brazil,France,3,0,25,25,25,-,-,22,19,15,-,-,ALL,50,31,11,8,-,31,14,41,86,11,12,14,37,8,15,51,74,9,2,35,46,36,6,51,13,2,69,84
2026,43,2026/6/17,4,2,Ankara,Türkiye,Brazil,France,3,0,25,25,25,-,-,22,19,15,-,-,1,18,14,3,1,-,14,8,17,39,3,5,3,11,1,8,16,25,2,0,17,19,16,1,19,7,0,29,36
2026,43,2026/6/17,4,2,Ankara,Türkiye,Brazil,France,3,0,25,25,25,-,-,22,19,15,-,-,2,16,10,2,4,-,10,5,10,25,2,4,7,13,4,4,16,24,2,1,14,17,9,3,14,3,0,21,24
2026,43,2026/6/17,4,2,Ankara,Türkiye,Brazil,France,3,0,25,25,25,-,-,22,19,15,-,-,3,16,7,6,3,-,7,1,14,22,6,3,4,13,3,3,19,25,5,1,4,10,11,2,18,3,2,19,24
2026,44,2026/6/17,6,2,Bangkok,Thailand,Thailand,Ukraine,2,3,23,25,26,25,10,25,19,28,22,15,ALL,83,71,5,7,-,71,32,88,191,5,17,32,54,7,11,92,110,30,2,65,97,71,15,127,79,2,112,193
2026,44,2026/6/17,6,2,Bangkok,Thailand,Thailand,Ukraine,2,3,23,25,26,25,10,25,19,28,22,15,1,18,15,0,3,-,15,6,17,38,0,4,7,11,3,2,19,24,7,1,13,21,15,6,25,15,0,23,38
2026,44,2026/6/17,6,2,Bangkok,Thailand,Thailand,Ukraine,2,3,23,25,26,25,10,25,19,28,22,15,2,21,16,3,2,-,16,6,18,40,3,2,10,15,2,4,18,24,7,0,12,19,13,1,25,19,1,20,40
2026,44,2026/6/17,6,2,Bangkok,Thailand,Thailand,Ukraine,2,3,23,25,26,25,10,25,19,28,22,15,3,16,15,0,1,-,15,9,26,50,0,4,7,11,1,2,24,27,6,1,16,23,18,3,36,21,1,29,51
2026,44,2026/6/17,6,2,Bangkok,Thailand,Thailand,Ukraine,2,3,23,25,26,25,10,25,19,28,22,15,4,20,17,2,1,-,17,7,16,40,2,4,7,13,1,2,21,24,5,0,15,20,16,3,28,13,0,27,40
2026,44,2026/6/17,6,2,Bangkok,Thailand,Thailand,Ukraine,2,3,23,25,26,25,10,25,19,28,22,15,5,8,8,0,0,-,8,4,11,23,0,3,1,4,0,1,10,11,5,0,9,14,9,2,13,11,0,13,24
2026,44,2026/6/17,6,2,Bangkok,Thailand,Ukraine,Thailand,3,2,25,19,28,22,15,23,25,26,25,10,ALL,83,62,19,2,-,62,18,79,159,19,33,44,96,2,11,95,108,41,7,51,99,59,12,96,64,2,98,164
2026,44,2026/6/17,6,2,Bangkok,Thailand,Ukraine,Thailand,3,2,25,19,28,22,15,23,25,26,25,10,1,20,16,3,1,-,16,2,15,33,3,7,6,16,1,3,20,24,10,3,9,22,14,1,17,18,0,14,32
2026,44,2026/6/17,6,2,Bangkok,Thailand,Ukraine,Thailand,3,2,25,19,28,22,15,23,25,26,25,10,2,11,8,3,0,-,8,5,18,31,3,10,11,24,0,1,19,20,9,2,9,20,10,2,18,14,1,17,32
2026,44,2026/6/17,6,2,Bangkok,Thailand,Ukraine,Thailand,3,2,25,19,28,22,15,23,25,26,25,10,3,23,15,7,1,-,15,6,19,40,7,6,16,29,1,4,22,27,10,1,14,25,14,2,23,15,0,27,42
2026,44,2026/6/17,6,2,Bangkok,Thailand,Ukraine,Thailand,3,2,25,19,28,22,15,23,25,26,25,10,4,17,13,4,0,-,13,4,19,36,4,9,8,21,0,3,20,23,8,1,13,22,13,4,25,9,0,31,40
2026,44,2026/6/17,6,2,Bangkok,Thailand,Ukraine,Thailand,3,2,25,19,28,22,15,23,25,26,25,10,5,12,10,2,0,-,10,1,8,19,2,1,3,6,0,0,14,14,4,0,6,10,8,3,13,8,1,9,18
2026,45,2026/6/17,4,2,Ankara,Türkiye,Türkiye,Belgium,3,0,25,25,25,-,-,14,13,23,-,-,ALL,54,44,5,5,-,44,3,31,78,5,14,9,28,5,9,59,73,18,4,24,46,34,5,50,20,1,59,80
2026,45,2026/6/17,4,2,Ankara,Türkiye,Türkiye,Belgium,3,0,25,25,25,-,-,14,13,23,-,-,1,19,15,2,2,-,15,1,13,29,2,4,2,8,2,2,20,24,4,0,11,15,13,1,19,9,1,20,30
2026,45,2026/6/17,4,2,Ankara,Türkiye,Türkiye,Belgium,3,0,25,25,25,-,-,14,13,23,-,-,2,16,12,1,3,-,12,0,8,20,1,5,4,10,3,1,21,25,8,0,2,10,8,3,16,7,0,14,21
2026,45,2026/6/17,4,2,Ankara,Türkiye,Türkiye,Belgium,3,0,25,25,25,-,-,14,13,23,-,-,3,19,17,2,0,-,17,2,10,29,2,5,3,10,0,6,18,24,6,4,11,21,13,1,15,4,0,25,29
2026,45,2026/6/17,4,2,Ankara,Türkiye,Belgium,Türkiye,0,3,14,13,23,-,-,25,25,25,-,-,ALL,36,30,2,4,-,30,16,40,86,2,15,11,28,4,6,42,52,11,5,48,64,27,10,49,26,2,60,88
2026,45,2026/6/17,4,2,Ankara,Türkiye,Belgium,Türkiye,0,3,14,13,23,-,-,25,25,25,-,-,1,8,8,0,0,-,8,7,15,30,0,5,6,11,0,0,15,15,3,2,17,22,12,2,18,8,1,23,32
2026,45,2026/6/17,4,2,Ankara,Türkiye,Belgium,Türkiye,0,3,14,13,23,-,-,25,25,25,-,-,2,12,12,0,0,-,12,5,11,28,0,3,2,5,0,3,10,13,5,3,16,24,7,3,14,9,1,19,29
2026,45,2026/6/17,4,2,Ankara,Türkiye,Belgium,Türkiye,0,3,14,13,23,-,-,25,25,25,-,-,3,16,10,2,4,-,10,4,14,28,2,7,3,12,4,3,17,24,3,0,15,18,8,5,17,9,0,18,27
2026,46,2026/6/18,5,2,Pasig City,Philippines,Czechia,USA,0,3,17,12,16,-,-,25,25,25,-,-,ALL,40,27,5,8,-,27,23,46,96,5,14,10,29,8,3,36,47,11,8,51,70,19,16,55,8,1,87,96
2026,46,2026/6/18,5,2,Pasig City,Philippines,Czechia,USA,0,3,17,12,16,-,-,25,25,25,-,-,1,15,11,1,3,-,11,6,13,30,1,3,3,7,3,1,14,18,3,1,18,22,7,6,17,1,1,29,31
2026,46,2026/6/18,5,2,Pasig City,Philippines,Czechia,USA,0,3,17,12,16,-,-,25,25,25,-,-,2,10,9,0,1,-,9,9,20,38,0,4,5,9,1,0,11,12,3,4,18,25,7,6,26,4,0,34,38
2026,46,2026/6/18,5,2,Pasig City,Philippines,Czechia,USA,0,3,17,12,16,-,-,25,25,25,-,-,3,15,7,4,4,-,7,8,13,28,4,7,2,13,4,2,11,17,5,3,15,23,5,4,12,3,0,24,27
2026,46,2026/6/18,5,2,Pasig City,Philippines,USA,Czechia,3,0,25,25,25,-,-,17,12,16,-,-,ALL,60,40,12,8,-,40,6,24,70,12,13,25,50,8,4,62,74,11,8,25,44,23,12,53,15,0,55,70
2026,46,2026/6/18,5,2,Pasig City,Philippines,USA,Czechia,3,0,25,25,25,-,-,17,12,16,-,-,1,22,16,5,1,-,16,1,5,22,5,5,6,16,1,2,21,24,4,3,10,17,4,4,14,5,0,17,22
2026,46,2026/6/18,5,2,Pasig City,Philippines,USA,Czechia,3,0,25,25,25,-,-,17,12,16,-,-,2,19,12,3,4,-,12,1,14,27,3,6,12,21,4,1,21,26,3,1,8,12,10,3,22,5,0,23,28
2026,46,2026/6/18,5,2,Pasig City,Philippines,USA,Czechia,3,0,25,25,25,-,-,17,12,16,-,-,3,19,12,4,3,-,12,4,5,21,4,2,7,13,3,1,20,24,4,4,7,15,9,5,17,5,0,15,20
2026,47,2026/6/18,6,2,Bangkok,Thailand,Ukraine,Poland,1,3,21,13,25,23,-,25,25,22,25,-,ALL,63,47,13,3,-,47,24,70,141,13,20,37,70,3,7,73,83,19,3,66,88,41,17,85,20,0,115,135
2026,47,2026/6/18,6,2,Bangkok,Thailand,Ukraine,Poland,1,3,21,13,25,23,-,25,25,22,25,-,1,16,10,4,2,-,10,7,18,35,4,6,9,19,2,2,18,22,3,0,19,22,9,4,21,5,0,28,33
2026,47,2026/6/18,6,2,Bangkok,Thailand,Ukraine,Poland,1,3,21,13,25,23,-,25,25,22,25,-,2,10,8,2,0,-,8,7,11,26,2,5,4,11,0,1,12,13,7,1,15,23,5,5,14,5,0,21,26
2026,47,2026/6/18,6,2,Bangkok,Thailand,Ukraine,Poland,1,3,21,13,25,23,-,25,25,22,25,-,3,16,12,3,1,-,12,4,21,37,3,3,16,22,1,2,22,25,3,2,14,19,13,4,27,7,0,28,35
2026,47,2026/6/18,6,2,Bangkok,Thailand,Ukraine,Poland,1,3,21,13,25,23,-,25,25,22,25,-,4,21,17,4,0,-,17,6,20,43,4,6,8,18,0,2,21,23,6,0,18,24,14,4,23,3,0,38,41
2026,47,2026/6/18,6,2,Bangkok,Thailand,Poland,Ukraine,3,1,25,25,22,25,-,21,13,25,23,-,ALL,75,62,10,3,-,62,21,68,151,10,20,31,61,3,8,85,96,19,3,54,76,56,13,99,23,0,125,148
2026,47,2026/6/18,6,2,Bangkok,Thailand,Poland,Ukraine,3,1,25,25,22,25,-,21,13,25,23,-,1,19,16,3,0,-,16,6,18,40,3,5,8,16,0,2,22,24,7,2,11,20,13,5,28,4,0,32,36
2026,47,2026/6/18,6,2,Bangkok,Thailand,Poland,Ukraine,3,1,25,25,22,25,-,21,13,25,23,-,2,20,16,3,1,-,16,3,8,27,3,3,5,11,1,2,22,25,1,0,11,12,11,1,17,3,0,24,27
2026,47,2026/6/18,6,2,Bangkok,Thailand,Poland,Ukraine,3,1,25,25,22,25,-,21,13,25,23,-,3,17,13,2,2,-,13,7,24,44,2,8,10,20,2,3,17,22,6,1,16,23,17,1,26,7,0,38,45
2026,47,2026/6/18,6,2,Bangkok,Thailand,Poland,Ukraine,3,1,25,25,22,25,-,21,13,25,23,-,4,19,17,2,0,-,17,5,18,40,2,4,8,14,0,1,24,25,5,0,16,21,15,6,28,9,0,31,40
2026,48,2026/6/18,5,2,Pasig City,Philippines,Serbia,Italy,2,3,14,15,25,25,12,25,25,18,21,15,ALL,62,49,11,2,-,49,24,71,144,11,25,25,61,2,16,73,91,25,5,61,91,52,14,84,39,0,107,146
2026,48,2026/6/18,5,2,Pasig City,Philippines,Serbia,Italy,2,3,14,15,25,25,12,25,25,18,21,15,1,7,7,0,0,-,7,6,18,31,0,5,3,8,0,4,11,15,5,2,14,21,10,1,18,5,0,27,32
2026,48,2026/6/18,5,2,Pasig City,Philippines,Serbia,Italy,2,3,14,15,25,25,12,25,25,18,21,15,2,10,9,1,0,-,9,7,20,36,1,6,5,12,0,6,9,15,7,0,16,23,11,3,16,9,0,26,35
2026,48,2026/6/18,5,2,Pasig City,Philippines,Serbia,Italy,2,3,14,15,25,25,12,25,25,18,21,15,3,19,14,4,1,-,14,4,9,27,4,4,7,15,1,3,21,25,4,0,9,13,14,3,19,13,0,14,27
2026,48,2026/6/18,5,2,Pasig City,Philippines,Serbia,Italy,2,3,14,15,25,25,12,25,25,18,21,15,4,18,12,5,1,-,12,3,20,35,5,4,7,16,1,2,21,24,7,2,12,21,14,6,26,9,0,28,37
2026,48,2026/6/18,5,2,Pasig City,Philippines,Serbia,Italy,2,3,14,15,25,25,12,25,25,18,21,15,5,8,7,1,0,-,7,4,4,15,1,6,3,10,0,1,11,12,2,1,10,13,3,1,5,3,0,12,15
2026,48,2026/6/18,5,2,Pasig City,Philippines,Italy,Serbia,3,2,25,25,18,21,15,14,15,25,25,12,ALL,78,57,16,5,-,57,23,66,146,16,15,25,56,5,13,86,104,25,2,48,75,63,18,101,23,2,121,146
2026,48,2026/6/18,5,2,Pasig City,Philippines,Italy,Serbia,3,2,25,25,18,21,15,14,15,25,25,12,1,17,13,2,2,-,13,2,14,29,2,3,8,13,2,3,19,24,5,0,6,11,16,3,20,6,1,21,28
2026,48,2026/6/18,5,2,Pasig City,Philippines,Italy,Serbia,3,2,25,25,18,21,15,14,15,25,25,12,2,18,12,6,0,-,12,3,13,28,6,2,5,13,0,2,23,25,3,0,6,9,19,3,26,6,1,22,29
2026,48,2026/6/18,5,2,Pasig City,Philippines,Italy,Serbia,3,2,25,25,18,21,15,14,15,25,25,12,3,14,10,4,0,-,10,5,18,33,4,4,3,11,0,5,13,18,6,1,15,22,10,4,19,5,0,28,33
2026,48,2026/6/18,5,2,Pasig City,Philippines,Italy,Serbia,3,2,25,25,18,21,15,14,15,25,25,12,4,18,14,2,2,-,14,10,15,39,2,4,7,13,2,1,19,22,7,1,14,22,14,5,27,2,0,37,39
2026,48,2026/6/18,5,2,Pasig City,Philippines,Italy,Serbia,3,2,25,25,18,21,15,14,15,25,25,12,5,11,8,2,1,-,8,3,6,17,2,2,2,6,1,2,12,15,4,0,7,11,4,3,9,4,0,13,17
2026,49,2026/6/18,4,2,Ankara,Türkiye,Belgium,Brazil,2,3,20,25,25,22,13,25,22,23,25,15,ALL,73,58,11,4,-,58,23,87,168,11,17,20,48,4,14,88,106,17,4,76,97,62,23,117,28,4,141,173
2026,49,2026/6/18,4,2,Ankara,Türkiye,Belgium,Brazil,2,3,20,25,25,22,13,25,22,23,25,15,1,14,14,0,0,-,14,4,22,40,0,7,9,16,0,3,18,21,3,1,16,20,19,4,31,6,1,35,42
2026,49,2026/6/18,4,2,Ankara,Türkiye,Belgium,Brazil,2,3,20,25,25,22,13,25,22,23,25,15,2,17,14,2,1,-,14,6,15,35,2,2,1,5,1,3,20,24,4,1,13,18,14,3,26,6,1,30,37
2026,49,2026/6/18,4,2,Ankara,Türkiye,Belgium,Brazil,2,3,20,25,25,22,13,25,22,23,25,15,3,16,10,4,2,-,10,4,20,34,4,3,4,11,2,5,18,25,3,2,18,23,8,5,21,6,0,26,32
2026,49,2026/6/18,4,2,Ankara,Türkiye,Belgium,Brazil,2,3,20,25,25,22,13,25,22,23,25,15,4,18,14,3,1,-,14,5,17,36,3,3,2,8,1,1,20,22,5,0,19,24,11,7,23,5,2,31,38
2026,49,2026/6/18,4,2,Ankara,Türkiye,Belgium,Brazil,2,3,20,25,25,22,13,25,22,23,25,15,5,8,6,2,0,-,6,4,13,23,2,2,4,8,0,2,12,14,2,0,10,12,10,4,16,5,0,19,24
2026,49,2026/6/18,4,2,Ankara,Türkiye,Brazil,Belgium,3,2,25,22,23,25,15,20,25,25,22,13,ALL,79,64,11,4,-,64,30,69,163,11,24,38,73,4,12,93,109,28,4,60,92,68,20,102,43,0,117,160
2026,49,2026/6/18,4,2,Ankara,Türkiye,Brazil,Belgium,3,2,25,22,23,25,15,20,25,25,22,13,1,19,16,2,1,-,16,2,21,39,2,8,10,20,1,4,19,24,6,0,12,18,22,3,27,10,0,29,39
2026,49,2026/6/18,4,2,Ankara,Türkiye,Brazil,Belgium,3,2,25,22,23,25,15,20,25,25,22,13,2,15,10,4,1,-,10,5,14,29,4,7,10,21,1,5,17,23,7,1,13,21,8,2,13,9,0,20,29
2026,49,2026/6/18,4,2,Ankara,Türkiye,Brazil,Belgium,3,2,25,22,23,25,15,20,25,25,22,13,3,15,12,1,2,-,12,12,11,35,1,4,9,14,2,0,21,23,5,2,13,20,14,4,21,7,0,25,32
2026,49,2026/6/18,4,2,Ankara,Türkiye,Brazil,Belgium,3,2,25,22,23,25,15,20,25,25,22,13,4,18,17,1,0,-,17,6,14,37,1,4,5,10,0,1,24,25,6,1,14,21,15,7,23,11,0,25,36
2026,49,2026/6/18,4,2,Ankara,Türkiye,Brazil,Belgium,3,2,25,22,23,25,15,20,25,25,22,13,5,12,9,3,0,-,9,5,9,23,3,1,4,8,0,2,12,14,4,0,8,12,9,4,18,6,0,18,24
2026,50,2026/6/18,6,2,Bangkok,Thailand,Thailand,Bulgaria,3,0,25,25,25,-,-,22,20,17,-,-,ALL,59,43,10,6,-,43,15,55,113,10,13,18,41,6,6,62,74,20,3,32,55,46,15,81,46,0,62,108
2026,50,2026/6/18,6,2,Bangkok,Thailand,Thailand,Bulgaria,3,0,25,25,25,-,-,22,20,17,-,-,1,21,16,5,0,-,16,6,19,41,5,7,8,20,0,1,24,25,6,2,12,20,17,4,32,10,0,29,39
2026,50,2026/6/18,6,2,Bangkok,Thailand,Thailand,Bulgaria,3,0,25,25,25,-,-,22,20,17,-,-,2,17,12,3,2,-,12,7,18,37,3,4,6,13,2,1,21,24,9,0,10,19,14,6,23,19,0,17,36
2026,50,2026/6/18,6,2,Bangkok,Thailand,Thailand,Bulgaria,3,0,25,25,25,-,-,22,20,17,-,-,3,21,15,2,4,-,15,2,18,35,2,2,4,8,4,4,17,25,5,1,10,16,15,5,26,17,0,16,33
2026,50,2026/6/18,6,2,Bangkok,Thailand,Bulgaria,Thailand,0,3,22,20,17,-,-,25,25,25,-,-,ALL,46,34,9,3,-,34,21,46,101,9,15,25,49,3,5,52,60,10,6,52,68,41,19,74,26,0,75,101
2026,50,2026/6/18,6,2,Bangkok,Thailand,Bulgaria,Thailand,0,3,22,20,17,-,-,25,25,25,-,-,1,18,12,4,2,-,12,7,20,39,4,6,11,21,2,2,18,22,5,0,19,24,16,8,29,13,0,27,40
2026,50,2026/6/18,6,2,Bangkok,Thailand,Bulgaria,Thailand,0,3,22,20,17,-,-,25,25,25,-,-,2,16,12,4,0,-,12,9,12,33,4,5,6,15,0,2,19,21,3,2,18,23,14,4,22,8,0,25,33
2026,50,2026/6/18,6,2,Bangkok,Thailand,Bulgaria,Thailand,0,3,22,20,17,-,-,25,25,25,-,-,3,12,10,1,1,-,10,5,14,29,1,4,8,13,1,1,15,17,2,4,15,21,11,7,23,5,0,23,28
2026,51,2026/6/18,4,2,Ankara,Türkiye,Türkiye,France,3,0,25,25,25,-,-,17,23,20,-,-,ALL,50,41,7,2,-,41,10,48,99,7,20,17,44,2,6,66,74,8,2,43,53,43,8,64,13,0,86,99
2026,51,2026/6/18,4,2,Ankara,Türkiye,Türkiye,France,3,0,25,25,25,-,-,17,23,20,-,-,1,18,14,3,1,-,14,4,14,32,3,6,8,17,1,0,24,25,1,0,14,15,16,2,19,3,0,27,30
2026,51,2026/6/18,4,2,Ankara,Türkiye,Türkiye,France,3,0,25,25,25,-,-,17,23,20,-,-,2,19,16,2,1,-,16,5,17,38,2,6,6,14,1,4,19,24,7,1,13,21,15,2,24,5,0,35,40
2026,51,2026/6/18,4,2,Ankara,Türkiye,Türkiye,France,3,0,25,25,25,-,-,17,23,20,-,-,3,13,11,2,0,-,11,1,17,29,2,8,3,13,0,2,23,25,0,1,16,17,12,4,21,5,0,24,29
2026,51,2026/6/18,4,2,Ankara,Türkiye,France,Türkiye,0,3,17,23,20,-,-,25,25,25,-,-,ALL,49,41,6,2,-,41,22,45,108,6,14,16,36,2,8,51,61,15,2,51,68,36,14,70,8,1,101,110
2026,51,2026/6/18,4,2,Ankara,Türkiye,France,Türkiye,0,3,17,23,20,-,-,25,25,25,-,-,1,15,13,2,0,-,13,7,16,36,2,4,4,10,0,2,15,17,5,1,19,25,10,5,22,3,1,34,38
2026,51,2026/6/18,4,2,Ankara,Türkiye,France,Türkiye,0,3,17,23,20,-,-,25,25,25,-,-,2,16,12,3,1,-,12,5,15,32,3,4,7,14,1,3,20,24,6,1,13,20,12,6,26,1,0,32,33
2026,51,2026/6/18,4,2,Ankara,Türkiye,France,Türkiye,0,3,17,23,20,-,-,25,25,25,-,-,3,18,16,1,1,-,16,10,14,40,1,6,5,12,1,3,16,20,4,0,19,23,14,3,22,4,0,35,39
2026,52,2026/6/19,5,2,Pasig City,Philippines,Dominican Republic,Serbia,0,3,19,23,18,-,-,25,25,25,-,-,ALL,46,37,8,1,-,37,15,42,94,8,12,20,40,1,11,50,62,11,5,51,67,30,14,66,5,1,95,101
2026,52,2026/6/19,5,2,Pasig City,Philippines,Dominican Republic,Serbia,0,3,19,23,18,-,-,25,25,25,-,-,1,13,12,1,0,-,12,2,12,26,1,2,3,6,0,5,15,20,4,3,15,22,6,7,22,3,1,24,28
2026,52,2026/6/19,5,2,Pasig City,Philippines,Dominican Republic,Serbia,0,3,19,23,18,-,-,25,25,25,-,-,2,18,14,3,1,-,14,8,13,35,3,6,7,16,1,2,20,23,5,0,17,22,10,3,18,0,0,36,36
2026,52,2026/6/19,5,2,Pasig City,Philippines,Dominican Republic,Serbia,0,3,19,23,18,-,-,25,25,25,-,-,3,15,11,4,0,-,11,5,17,33,4,4,10,18,0,4,15,19,2,2,19,23,14,4,26,2,0,35,37
2026,52,2026/6/19,5,2,Pasig City,Philippines,Serbia,Dominican Republic,3,0,25,25,25,-,-,19,23,18,-,-,ALL,55,42,8,5,-,42,14,47,103,8,12,23,43,5,7,62,74,13,1,37,51,49,9,63,34,0,65,99
2026,52,2026/6/19,5,2,Pasig City,Philippines,Serbia,Dominican Republic,3,0,25,25,25,-,-,19,23,18,-,-,1,17,13,1,3,-,13,4,12,29,1,3,8,12,3,2,19,24,5,0,10,15,13,3,16,7,0,21,28
2026,52,2026/6/19,5,2,Pasig City,Philippines,Serbia,Dominican Republic,3,0,25,25,25,-,-,19,23,18,-,-,2,20,15,5,0,-,15,4,12,31,5,5,8,18,0,4,22,26,5,1,15,21,12,4,17,11,0,19,30
2026,52,2026/6/19,5,2,Pasig City,Philippines,Serbia,Dominican Republic,3,0,25,25,25,-,-,19,23,18,-,-,3,18,14,2,2,-,14,6,23,43,2,4,7,13,2,1,21,24,3,0,12,15,24,2,30,16,0,25,41
2026,53,2026/6/19,6,2,Bangkok,Thailand,Ukraine,Netherlands,0,3,22,17,20,-,-,25,25,25,-,-,ALL,41,32,5,4,-,32,25,55,112,5,15,14,34,4,3,54,61,13,1,52,66,43,20,86,34,0,80,114
2026,53,2026/6/19,6,2,Bangkok,Thailand,Ukraine,Netherlands,0,3,22,17,20,-,-,25,25,25,-,-,1,12,10,1,1,-,10,11,12,33,1,5,2,8,1,1,21,23,2,0,18,20,12,5,25,9,0,26,35
2026,53,2026/6/19,6,2,Bangkok,Thailand,Ukraine,Netherlands,0,3,22,17,20,-,-,25,25,25,-,-,2,11,8,2,1,-,8,7,28,43,2,5,9,16,1,1,15,17,5,1,16,22,18,9,37,12,0,29,41
2026,53,2026/6/19,6,2,Bangkok,Thailand,Ukraine,Netherlands,0,3,22,17,20,-,-,25,25,25,-,-,3,18,14,2,2,-,14,7,15,36,2,5,3,10,2,1,18,21,6,0,18,24,13,6,24,13,0,25,38
2026,53,2026/6/19,6,2,Bangkok,Thailand,Netherlands,Ukraine,3,0,25,25,25,-,-,22,17,20,-,-,ALL,57,45,11,1,-,45,12,52,109,11,14,23,48,1,7,65,73,17,4,37,58,49,16,83,47,0,58,105
2026,53,2026/6/19,6,2,Bangkok,Thailand,Netherlands,Ukraine,3,0,25,25,25,-,-,22,17,20,-,-,1,15,12,3,0,-,12,4,13,29,3,6,2,11,0,4,20,24,6,1,15,22,9,6,20,11,0,18,29
2026,53,2026/6/19,6,2,Bangkok,Thailand,Netherlands,Ukraine,3,0,25,25,25,-,-,22,17,20,-,-,2,23,16,6,1,-,16,4,24,44,6,2,14,22,1,3,21,25,4,1,11,16,24,4,39,21,0,20,41
2026,53,2026/6/19,6,2,Bangkok,Thailand,Netherlands,Ukraine,3,0,25,25,25,-,-,22,17,20,-,-,3,19,17,2,0,-,17,4,15,36,2,6,7,15,0,0,24,24,7,2,11,20,16,6,24,15,0,20,35
2026,54,2026/6/19,5,2,Pasig City,Philippines,Japan,Czechia,3,0,25,25,27,-,-,15,23,25,-,-,ALL,60,52,5,3,-,52,18,58,128,5,10,28,43,3,6,67,76,14,1,42,57,58,9,87,41,1,87,129
2026,54,2026/6/19,5,2,Pasig City,Philippines,Japan,Czechia,3,0,25,25,27,-,-,15,23,25,-,-,1,20,16,2,2,-,16,4,20,40,2,2,11,15,2,0,23,25,1,0,11,12,24,2,32,9,0,31,40
2026,54,2026/6/19,5,2,Pasig City,Philippines,Japan,Czechia,3,0,25,25,27,-,-,15,23,25,-,-,2,18,16,2,0,-,16,7,14,37,2,4,6,12,0,3,21,24,5,0,16,21,12,3,21,11,1,26,38
2026,54,2026/6/19,5,2,Pasig City,Philippines,Japan,Czechia,3,0,25,25,27,-,-,15,23,25,-,-,3,22,20,1,1,-,20,7,24,51,1,4,11,16,1,3,23,27,8,1,15,24,22,4,34,21,0,30,51
2026,54,2026/6/19,5,2,Pasig City,Philippines,Czechia,Japan,0,3,15,23,25,-,-,25,25,27,-,-,ALL,47,37,9,1,-,37,11,62,110,9,22,27,58,1,7,56,64,13,3,54,70,37,16,67,30,0,80,110
2026,54,2026/6/19,5,2,Pasig City,Philippines,Czechia,Japan,0,3,15,23,25,-,-,25,25,27,-,-,1,12,11,1,0,-,11,4,28,43,1,5,9,15,0,3,12,15,4,2,19,25,15,6,26,7,0,34,41
2026,54,2026/6/19,5,2,Pasig City,Philippines,Czechia,Japan,0,3,15,23,25,-,-,25,25,27,-,-,2,18,12,6,0,-,12,5,13,30,6,9,5,20,0,3,21,24,4,0,17,21,10,4,15,10,0,21,31
2026,54,2026/6/19,5,2,Pasig City,Philippines,Czechia,Japan,0,3,15,23,25,-,-,25,25,27,-,-,3,17,14,2,1,-,14,2,21,37,2,8,13,23,1,1,23,25,5,1,18,24,12,6,26,13,0,25,38
2026,55,2026/6/19,4,2,Ankara,Türkiye,France,China,0,3,18,17,19,-,-,25,25,25,-,-,ALL,42,38,4,0,-,38,15,46,99,4,14,23,41,0,9,47,56,18,4,47,69,39,11,61,24,2,73,99
2026,55,2026/6/19,4,2,Ankara,Türkiye,France,China,0,3,18,17,19,-,-,25,25,25,-,-,1,13,11,2,0,-,11,6,21,38,2,7,13,22,0,1,18,19,4,1,16,21,21,2,26,6,0,30,36
2026,55,2026/6/19,4,2,Ankara,Türkiye,France,China,0,3,18,17,19,-,-,25,25,25,-,-,2,12,11,1,0,-,11,4,18,33,1,6,6,13,0,2,15,17,6,2,16,24,11,5,20,11,2,21,34
2026,55,2026/6/19,4,2,Ankara,Türkiye,France,China,0,3,18,17,19,-,-,25,25,25,-,-,3,17,16,1,0,-,16,5,7,28,1,1,4,6,0,6,14,20,8,1,15,24,7,4,15,7,0,22,29
2026,55,2026/6/19,4,2,Ankara,Türkiye,China,France,3,0,25,25,25,-,-,18,17,19,-,-,ALL,55,44,7,4,-,44,10,47,101,7,17,16,40,4,4,65,73,10,0,37,47,44,12,68,22,0,72,94
2026,55,2026/6/19,4,2,Ankara,Türkiye,China,France,3,0,25,25,25,-,-,18,17,19,-,-,1,20,17,2,1,-,17,3,23,43,2,3,7,12,1,3,20,24,2,0,16,18,20,5,34,8,0,33,41
2026,55,2026/6/19,4,2,Ankara,Türkiye,China,France,3,0,25,25,25,-,-,18,17,19,-,-,2,18,14,2,2,-,14,5,14,33,2,5,6,13,2,1,22,25,5,0,10,15,16,2,20,8,0,23,31
2026,55,2026/6/19,4,2,Ankara,Türkiye,China,France,3,0,25,25,25,-,-,18,17,19,-,-,3,17,13,3,1,-,13,2,10,25,3,9,3,15,1,0,23,24,3,0,11,14,8,5,14,6,0,16,22
2026,56,2026/6/19,6,2,Bangkok,Thailand,Bulgaria,Canada,1,3,17,25,23,26,-,25,23,25,28,-,ALL,55,39,8,8,-,39,27,92,158,8,17,36,61,8,10,75,93,17,6,61,84,64,19,108,35,3,118,156
2026,56,2026/6/19,6,2,Bangkok,Thailand,Bulgaria,Canada,1,3,17,25,23,26,-,25,23,25,28,-,1,11,9,1,1,-,9,6,24,39,1,5,11,17,1,3,13,17,5,3,16,24,15,3,24,7,1,32,40
2026,56,2026/6/19,6,2,Bangkok,Thailand,Bulgaria,Canada,1,3,17,25,23,26,-,25,23,25,28,-,2,13,10,1,2,-,10,9,22,41,1,5,10,16,2,2,21,25,2,1,15,18,20,3,29,6,0,34,40
2026,56,2026/6/19,6,2,Bangkok,Thailand,Bulgaria,Canada,1,3,17,25,23,26,-,25,23,25,28,-,3,12,7,3,2,-,7,6,24,37,3,4,8,15,2,3,19,24,3,1,15,19,15,8,28,10,1,24,35
2026,56,2026/6/19,6,2,Bangkok,Thailand,Bulgaria,Canada,1,3,17,25,23,26,-,25,23,25,28,-,4,19,13,3,3,-,13,6,22,41,3,3,7,13,3,2,22,27,7,1,15,23,14,5,27,12,1,28,41
2026,56,2026/6/19,6,2,Bangkok,Thailand,Canada,Bulgaria,3,1,25,23,25,28,-,17,25,23,26,-,ALL,75,55,14,6,-,55,22,74,151,14,20,45,79,6,16,78,100,17,8,58,83,70,13,102,37,2,115,154
2026,56,2026/6/19,6,2,Bangkok,Thailand,Canada,Bulgaria,3,1,25,23,25,28,-,17,25,23,26,-,1,18,12,3,3,-,12,5,18,35,3,6,13,22,3,1,21,25,2,1,11,14,17,2,24,8,0,26,34
2026,56,2026/6/19,6,2,Bangkok,Thailand,Canada,Bulgaria,3,1,25,23,25,28,-,17,25,23,26,-,2,16,11,4,1,-,11,7,21,39,4,5,10,19,1,5,17,23,6,2,15,23,19,5,28,12,0,30,42
2026,56,2026/6/19,6,2,Bangkok,Thailand,Canada,Bulgaria,3,1,25,23,25,28,-,17,25,23,26,-,3,19,14,4,1,-,14,5,16,35,4,5,10,19,1,6,18,25,4,2,15,21,20,2,24,9,1,26,36
2026,56,2026/6/19,6,2,Bangkok,Thailand,Canada,Bulgaria,3,1,25,23,25,28,-,17,25,23,26,-,4,22,18,3,1,-,18,5,19,42,3,4,12,19,1,4,22,27,5,3,17,25,14,4,26,8,1,33,42
2026,57,2026/6/19,4,2,Ankara,Türkiye,Belgium,Germany,0,3,20,19,21,-,-,25,25,25,-,-,ALL,47,37,7,3,-,37,18,60,115,7,11,13,31,3,9,49,61,13,4,50,67,41,14,80,16,1,99,116
2026,57,2026/6/19,4,2,Ankara,Türkiye,Belgium,Germany,0,3,20,19,21,-,-,25,25,25,-,-,1,15,10,3,2,-,10,6,20,36,3,3,4,10,2,2,16,20,6,2,14,22,10,5,24,5,0,30,35
2026,57,2026/6/19,4,2,Ankara,Türkiye,Belgium,Germany,0,3,20,19,21,-,-,25,25,25,-,-,2,13,12,0,1,-,12,6,17,35,0,3,4,7,1,5,14,20,5,2,15,22,14,3,23,3,0,33,36
2026,57,2026/6/19,4,2,Ankara,Türkiye,Belgium,Germany,0,3,20,19,21,-,-,25,25,25,-,-,3,19,15,4,0,-,15,6,23,44,4,5,5,14,0,2,19,21,2,0,21,23,17,6,33,8,1,36,45
2026,57,2026/6/19,4,2,Ankara,Türkiye,Germany,Belgium,3,0,25,25,25,-,-,20,19,21,-,-,ALL,55,43,8,4,-,43,11,46,100,8,12,20,40,4,7,63,74,8,3,41,52,46,11,81,26,1,75,102
2026,57,2026/6/19,4,2,Ankara,Türkiye,Germany,Belgium,3,0,25,25,25,-,-,20,19,21,-,-,1,20,15,3,2,-,15,5,14,34,3,2,5,10,2,3,20,25,0,2,16,18,18,3,25,5,0,30,35
2026,57,2026/6/19,4,2,Ankara,Türkiye,Germany,Belgium,3,0,25,25,25,-,-,20,19,21,-,-,2,17,12,3,2,-,12,2,15,29,3,6,7,16,2,2,20,24,4,1,10,15,14,3,25,11,1,18,30
2026,57,2026/6/19,4,2,Ankara,Türkiye,Germany,Belgium,3,0,25,25,25,-,-,20,19,21,-,-,3,18,16,2,0,-,16,4,17,37,2,4,8,14,0,2,23,25,4,0,15,19,14,5,31,10,0,27,37
2026,58,2026/6/20,5,2,Pasig City,Philippines,USA,Italy,3,0,27,25,25,-,-,25,20,16,-,-,ALL,60,49,9,2,-,49,10,39,98,9,12,15,36,2,5,68,75,17,4,38,59,38,12,61,16,0,83,99
2026,58,2026/6/20,5,2,Pasig City,Philippines,USA,Italy,3,0,27,25,25,-,-,25,20,16,-,-,1,20,17,2,1,-,17,6,16,39,2,6,11,19,1,0,25,26,8,1,16,25,14,6,24,7,0,34,41
2026,58,2026/6/20,5,2,Pasig City,Philippines,USA,Italy,3,0,27,25,25,-,-,25,20,16,-,-,2,21,16,5,0,-,16,2,9,27,5,4,2,11,0,3,22,25,4,2,13,19,9,3,15,3,0,25,28
2026,58,2026/6/20,5,2,Pasig City,Philippines,USA,Italy,3,0,27,25,25,-,-,25,20,16,-,-,3,19,16,2,1,-,16,2,14,32,2,2,2,6,1,2,21,24,5,1,9,15,15,3,22,6,0,24,30
2026,58,2026/6/20,5,2,Pasig City,Philippines,Italy,USA,0,3,25,20,16,-,-,27,25,25,-,-,ALL,52,41,7,4,-,41,21,43,105,7,11,14,32,4,4,55,63,23,2,45,70,33,20,66,20,0,90,110
2026,58,2026/6/20,5,2,Pasig City,Philippines,Italy,USA,0,3,25,20,16,-,-,27,25,25,-,-,1,23,17,5,1,-,17,8,17,42,5,2,7,14,1,1,24,26,8,1,17,26,12,8,29,10,0,35,45
2026,58,2026/6/20,5,2,Pasig City,Philippines,Italy,USA,0,3,25,20,16,-,-,27,25,25,-,-,2,15,13,0,2,-,13,8,10,31,0,3,4,7,2,1,17,20,11,0,11,22,9,6,16,3,0,29,32
2026,58,2026/6/20,5,2,Pasig City,Philippines,Italy,USA,0,3,25,20,16,-,-,27,25,25,-,-,3,14,11,2,1,-,11,5,16,32,2,6,3,11,1,2,14,17,4,1,17,22,12,6,21,7,0,26,33
2026,59,2026/6/20,6,2,Bangkok,Thailand,Netherlands,Poland,1,3,17,17,25,23,-,25,25,14,25,-,ALL,66,56,7,3,-,56,19,56,131,7,20,24,51,3,11,69,83,19,3,62,84,46,24,83,33,0,99,132
2026,59,2026/6/20,6,2,Bangkok,Thailand,Netherlands,Poland,1,3,17,17,25,23,-,25,25,14,25,-,1,14,9,3,2,-,9,11,12,32,3,3,6,12,2,4,12,18,3,1,18,22,11,5,19,7,0,25,32
2026,59,2026/6/20,6,2,Bangkok,Thailand,Netherlands,Poland,1,3,17,17,25,23,-,25,25,14,25,-,2,15,15,0,0,-,15,3,10,28,0,4,3,7,0,4,13,17,9,1,15,25,7,9,18,11,0,20,31
2026,59,2026/6/20,6,2,Bangkok,Thailand,Netherlands,Poland,1,3,17,17,25,23,-,25,25,14,25,-,3,20,17,2,1,-,17,1,15,33,2,5,5,12,1,1,23,25,4,0,9,13,13,5,24,5,0,26,31
2026,59,2026/6/20,6,2,Bangkok,Thailand,Netherlands,Poland,1,3,17,17,25,23,-,25,25,14,25,-,4,17,15,2,0,-,15,4,19,38,2,8,10,20,0,2,21,23,3,1,20,24,15,5,22,10,0,28,38
2026,59,2026/6/20,6,2,Bangkok,Thailand,Poland,Netherlands,3,1,25,25,14,25,-,17,17,25,23,-,ALL,68,56,9,3,-,56,18,48,122,9,21,16,46,3,4,81,88,21,3,48,72,53,20,87,30,1,98,129
2026,59,2026/6/20,6,2,Bangkok,Thailand,Poland,Netherlands,3,1,25,25,14,25,-,17,17,25,23,-,1,14,9,4,1,-,9,4,12,25,4,3,1,8,1,2,21,24,7,2,5,14,12,5,21,6,0,21,27
2026,59,2026/6/20,6,2,Bangkok,Thailand,Poland,Netherlands,3,1,25,25,14,25,-,17,17,25,23,-,2,20,17,2,1,-,17,2,8,27,2,6,2,10,1,0,24,25,5,0,8,13,14,4,19,9,0,19,28
2026,59,2026/6/20,6,2,Bangkok,Thailand,Poland,Netherlands,3,1,25,25,14,25,-,17,17,25,23,-,3,13,12,1,0,-,12,6,12,30,1,7,8,16,0,1,13,14,4,1,19,24,9,6,17,6,0,25,31
2026,59,2026/6/20,6,2,Bangkok,Thailand,Poland,Netherlands,3,1,25,25,14,25,-,17,17,25,23,-,4,21,18,2,1,-,18,6,16,40,2,5,5,12,1,1,23,25,5,0,16,21,18,5,30,9,1,33,43
2026,60,2026/6/20,5,2,Pasig City,Philippines,Japan,Dominican Republic,1,3,25,20,26,23,-,17,25,28,25,-,ALL,77,68,6,3,-,68,19,61,148,6,31,30,67,3,11,81,95,25,4,59,88,39,26,102,36,1,116,153
2026,60,2026/6/20,5,2,Pasig City,Philippines,Japan,Dominican Republic,1,3,25,20,26,23,-,17,25,28,25,-,1,19,18,1,0,-,18,5,14,37,1,5,6,12,0,3,21,24,10,1,7,18,13,2,23,11,0,27,38
2026,60,2026/6/20,5,2,Pasig City,Philippines,Japan,Dominican Republic,1,3,25,20,26,23,-,17,25,28,25,-,2,19,16,2,1,-,16,6,13,35,2,6,7,15,1,3,17,21,5,2,17,24,8,8,24,9,0,26,35
2026,60,2026/6/20,5,2,Pasig City,Philippines,Japan,Dominican Republic,1,3,25,20,26,23,-,17,25,28,25,-,3,21,19,2,0,-,19,6,20,45,2,7,10,19,0,5,21,26,9,1,15,25,12,6,31,12,1,33,46
2026,60,2026/6/20,5,2,Pasig City,Philippines,Japan,Dominican Republic,1,3,25,20,26,23,-,17,25,28,25,-,4,18,15,1,2,-,15,2,14,31,1,13,7,21,2,0,22,24,1,0,20,21,6,10,24,4,0,30,34
2026,60,2026/6/20,5,2,Pasig City,Philippines,Dominican Republic,Japan,3,1,17,25,28,25,-,25,20,26,23,-,ALL,74,60,10,4,-,60,15,56,131,10,30,35,75,4,6,84,94,16,3,65,84,39,37,100,9,1,122,132
2026,60,2026/6/20,5,2,Pasig City,Philippines,Dominican Republic,Japan,3,1,17,25,28,25,-,25,20,26,23,-,1,11,8,2,1,-,8,7,15,30,2,9,8,19,1,0,17,18,6,0,15,21,7,9,23,2,0,30,32
2026,60,2026/6/20,5,2,Pasig City,Philippines,Dominican Republic,Japan,3,1,17,25,28,25,-,25,20,26,23,-,2,21,14,5,2,-,14,3,11,28,5,7,7,19,2,0,22,24,3,1,14,18,3,9,19,2,0,23,25
2026,60,2026/6/20,5,2,Pasig City,Philippines,Dominican Republic,Japan,3,1,17,25,28,25,-,25,20,26,23,-,3,18,15,2,1,-,15,3,18,36,2,7,11,20,1,3,24,28,4,0,17,21,13,11,30,3,0,35,38
2026,60,2026/6/20,5,2,Pasig City,Philippines,Dominican Republic,Japan,3,1,17,25,28,25,-,25,20,26,23,-,4,24,23,1,0,-,23,2,12,37,1,7,9,17,0,3,21,24,3,2,19,24,16,8,28,2,1,34,37
2026,61,2026/6/20,4,2,Ankara,Türkiye,China,Brazil,1,3,24,18,25,15,-,26,25,19,25,-,ALL,56,47,6,3,-,47,28,53,128,6,19,18,43,3,4,76,83,17,4,61,82,49,15,82,34,2,97,133
2026,61,2026/6/20,4,2,Ankara,Türkiye,China,Brazil,1,3,24,18,25,15,-,26,25,19,25,-,1,16,15,1,0,-,15,6,14,35,1,3,8,12,0,2,22,24,4,2,18,24,14,7,28,10,1,27,38
2026,61,2026/6/20,4,2,Ankara,Türkiye,China,Brazil,1,3,24,18,25,15,-,26,25,19,25,-,2,13,12,1,0,-,12,8,11,31,1,4,5,10,0,1,18,19,7,1,13,21,10,4,19,7,1,24,32
2026,61,2026/6/20,4,2,Ankara,Türkiye,China,Brazil,1,3,24,18,25,15,-,26,25,19,25,-,3,18,13,3,2,-,13,3,16,32,3,7,2,12,2,0,22,24,0,1,16,17,15,2,20,9,0,23,32
2026,61,2026/6/20,4,2,Ankara,Türkiye,China,Brazil,1,3,24,18,25,15,-,26,25,19,25,-,4,9,7,1,1,-,7,11,12,30,1,5,3,9,1,1,14,16,6,0,14,20,10,2,15,8,0,23,31
2026,61,2026/6/20,4,2,Ankara,Türkiye,Brazil,China,3,1,26,25,19,25,-,24,18,25,15,-,ALL,75,55,16,4,-,55,18,58,131,16,17,22,55,4,12,78,94,22,3,54,79,49,8,71,39,0,94,133
2026,61,2026/6/20,4,2,Ankara,Türkiye,Brazil,China,3,1,26,25,19,25,-,24,18,25,15,-,1,21,14,5,2,-,14,6,22,42,5,4,6,15,2,2,22,26,7,0,15,22,16,2,24,17,0,24,41
2026,61,2026/6/20,4,2,Ankara,Türkiye,Brazil,China,3,1,26,25,19,25,-,24,18,25,15,-,2,19,14,4,1,-,14,3,14,31,4,4,5,13,1,3,20,24,7,0,11,18,10,4,18,9,0,22,31
2026,61,2026/6/20,4,2,Ankara,Türkiye,Brazil,China,3,1,26,25,19,25,-,24,18,25,15,-,3,17,15,1,1,-,15,6,13,34,1,5,6,12,1,3,16,20,8,2,14,24,15,1,18,12,0,27,39
2026,61,2026/6/20,4,2,Ankara,Türkiye,Brazil,China,3,1,26,25,19,25,-,24,18,25,15,-,4,18,12,6,0,-,12,3,9,24,6,4,5,15,0,4,20,24,0,1,14,15,8,1,11,1,0,21,22
2026,62,2026/6/20,6,2,Bangkok,Thailand,Thailand,Canada,3,1,25,22,25,25,-,21,25,18,20,-,ALL,68,55,7,6,-,55,23,66,144,7,16,23,46,6,8,82,96,19,4,51,74,61,10,90,29,0,113,142
2026,62,2026/6/20,6,2,Bangkok,Thailand,Thailand,Canada,3,1,25,22,25,25,-,21,25,18,20,-,1,18,15,1,2,-,15,7,12,34,1,3,3,7,2,2,20,24,4,1,15,20,15,2,18,5,0,29,34
2026,62,2026/6/20,6,2,Bangkok,Thailand,Thailand,Canada,3,1,25,22,25,25,-,21,25,18,20,-,2,15,11,3,1,-,11,6,19,36,3,7,10,20,1,0,22,23,5,2,13,20,20,4,25,9,0,28,37
2026,62,2026/6/20,6,2,Bangkok,Thailand,Thailand,Canada,3,1,25,22,25,25,-,21,25,18,20,-,3,19,17,2,0,-,17,5,17,39,2,3,8,13,0,3,21,24,1,1,14,16,17,1,27,5,0,32,37
2026,62,2026/6/20,6,2,Bangkok,Thailand,Thailand,Canada,3,1,25,22,25,25,-,21,25,18,20,-,4,16,12,1,3,-,12,5,18,35,1,3,2,6,3,3,19,25,9,0,9,18,9,3,20,10,0,24,34
2026,62,2026/6/20,6,2,Bangkok,Thailand,Canada,Thailand,1,3,21,25,18,20,-,25,22,25,25,-,ALL,68,47,17,4,-,47,22,63,132,17,26,32,75,4,11,70,85,22,6,60,88,50,9,73,38,2,92,132
2026,62,2026/6/20,6,2,Bangkok,Thailand,Canada,Thailand,1,3,21,25,18,20,-,25,22,25,25,-,1,18,11,6,1,-,11,5,14,30,6,6,6,18,1,2,19,22,6,2,14,22,11,2,15,8,1,22,31
2026,62,2026/6/20,6,2,Bangkok,Thailand,Canada,Thailand,1,3,21,25,18,20,-,25,22,25,25,-,2,22,16,4,2,-,16,6,20,42,4,7,7,18,2,4,18,24,4,1,18,23,16,2,27,9,0,33,42
2026,62,2026/6/20,6,2,Bangkok,Thailand,Canada,Thailand,1,3,21,25,18,20,-,25,22,25,25,-,3,13,9,3,1,-,9,4,19,32,3,5,8,16,1,3,15,19,4,0,17,21,13,4,18,10,1,21,32
2026,62,2026/6/20,6,2,Bangkok,Thailand,Canada,Thailand,1,3,21,25,18,20,-,25,22,25,25,-,4,15,11,4,0,-,11,7,10,28,4,8,11,23,0,2,18,20,8,3,11,22,10,1,13,11,0,16,27
2026,63,2026/6/20,4,2,Ankara,Türkiye,Türkiye,Germany,3,2,18,24,25,25,15,25,26,19,22,13,ALL,82,69,10,3,-,69,24,61,154,10,24,17,51,3,9,95,107,42,4,48,94,58,12,89,40,1,112,153
2026,63,2026/6/20,4,2,Ankara,Türkiye,Türkiye,Germany,3,2,18,24,25,25,15,25,26,19,22,13,1,11,10,1,0,-,10,7,16,33,1,6,3,10,0,1,18,19,10,2,8,20,16,2,22,9,1,26,36
2026,63,2026/6/20,4,2,Ankara,Türkiye,Türkiye,Germany,3,2,18,24,25,25,15,25,26,19,22,13,2,19,17,1,1,-,17,10,14,41,1,7,3,11,1,1,22,24,10,1,14,25,15,4,21,10,0,29,39
2026,63,2026/6/20,4,2,Ankara,Türkiye,Türkiye,Germany,3,2,18,24,25,25,15,25,26,19,22,13,3,19,15,3,1,-,15,4,14,33,3,4,7,14,1,2,22,25,10,0,5,15,16,2,22,12,0,20,32
2026,63,2026/6/20,4,2,Ankara,Türkiye,Türkiye,Germany,3,2,18,24,25,25,15,25,26,19,22,13,4,21,16,4,1,-,16,2,11,29,4,3,3,10,1,2,21,24,9,1,13,23,6,4,16,4,0,24,28
2026,63,2026/6/20,4,2,Ankara,Türkiye,Türkiye,Germany,3,2,18,24,25,25,15,25,26,19,22,13,5,12,11,1,0,-,11,1,6,18,1,4,1,6,0,3,12,15,3,0,8,11,5,0,8,5,0,13,18
2026,63,2026/6/20,4,2,Ankara,Türkiye,Germany,Türkiye,2,3,25,26,19,22,13,18,24,25,25,15,ALL,84,67,13,4,-,67,20,59,146,13,25,21,59,4,11,90,105,30,3,65,98,51,23,100,40,2,107,149
2026,63,2026/6/20,4,2,Ankara,Türkiye,Germany,Türkiye,2,3,25,26,19,22,13,18,24,25,25,15,1,18,14,2,2,-,14,2,16,32,2,6,4,12,2,4,18,24,9,0,9,18,15,3,22,10,1,22,33
2026,63,2026/6/20,4,2,Ankara,Türkiye,Germany,Türkiye,2,3,25,26,19,22,13,18,24,25,25,15,2,21,14,6,1,-,14,4,14,32,6,3,3,12,1,1,24,26,8,1,14,23,10,6,22,10,1,21,32
2026,63,2026/6/20,4,2,Ankara,Türkiye,Germany,Türkiye,2,3,25,26,19,22,13,18,24,25,25,15,3,16,13,3,0,-,13,5,16,34,3,5,8,16,0,4,15,19,7,1,15,23,11,7,28,10,0,27,37
2026,63,2026/6/20,4,2,Ankara,Türkiye,Germany,Türkiye,2,3,25,26,19,22,13,18,24,25,25,15,4,20,17,2,1,-,17,7,9,33,2,5,4,11,1,0,22,23,4,1,17,22,11,6,21,9,0,23,32
2026,63,2026/6/20,4,2,Ankara,Türkiye,Germany,Türkiye,2,3,25,26,19,22,13,18,24,25,25,15,5,9,9,0,0,-,9,2,4,15,0,6,2,8,0,2,11,13,2,0,10,12,4,1,7,1,0,14,15
2026,64,2026/6/21,5,2,Pasig City,Philippines,Serbia,USA,1,3,22,25,16,20,-,25,18,25,25,-,ALL,68,55,8,5,-,55,16,57,128,8,26,18,52,5,10,69,84,25,4,53,82,45,25,93,32,1,102,135
2026,64,2026/6/21,5,2,Pasig City,Philippines,Serbia,USA,1,3,22,25,16,20,-,25,18,25,25,-,1,19,15,2,2,-,15,3,15,33,2,6,5,13,2,4,17,23,8,1,13,22,10,9,26,7,0,29,36
2026,64,2026/6/21,5,2,Pasig City,Philippines,Serbia,USA,1,3,22,25,16,20,-,25,18,25,25,-,2,23,18,2,3,-,18,2,14,34,2,3,7,12,3,3,18,24,5,0,13,18,14,7,27,7,0,28,35
2026,64,2026/6/21,5,2,Pasig City,Philippines,Serbia,USA,1,3,22,25,16,20,-,25,18,25,25,-,3,12,10,2,0,-,10,8,14,32,2,9,4,15,0,1,16,17,6,1,14,21,11,4,22,8,1,26,35
2026,64,2026/6/21,5,2,Pasig City,Philippines,Serbia,USA,1,3,22,25,16,20,-,25,18,25,25,-,4,14,12,2,0,-,12,3,14,29,2,8,2,12,0,2,18,20,6,2,13,21,10,5,18,10,0,19,29
2026,64,2026/6/21,5,2,Pasig City,Philippines,USA,Serbia,3,1,25,18,25,25,-,22,25,16,20,-,ALL,77,62,11,4,-,62,13,50,125,11,25,26,62,4,10,78,92,18,5,51,74,50,17,80,27,0,99,126
2026,64,2026/6/21,5,2,Pasig City,Philippines,USA,Serbia,3,1,25,18,25,25,-,22,25,16,20,-,1,20,17,2,1,-,17,3,11,31,2,6,7,15,1,2,21,24,5,2,12,19,10,7,23,4,0,27,31
2026,64,2026/6/21,5,2,Pasig City,Philippines,USA,Serbia,3,1,25,18,25,25,-,22,25,16,20,-,2,14,13,1,0,-,13,3,14,30,1,9,8,18,0,1,18,19,7,3,11,21,12,3,18,6,0,26,32
2026,64,2026/6/21,5,2,Pasig City,Philippines,USA,Serbia,3,1,25,18,25,25,-,22,25,16,20,-,3,21,14,6,1,-,14,3,16,33,6,5,4,15,1,3,20,24,2,0,14,16,15,3,20,8,0,24,32
2026,64,2026/6/21,5,2,Pasig City,Philippines,USA,Serbia,3,1,25,18,25,25,-,22,25,16,20,-,4,22,18,2,2,-,18,4,9,31,2,5,7,14,2,4,19,25,4,0,14,18,13,4,19,9,0,22,31
2026,65,2026/6/21,6,2,Bangkok,Thailand,Bulgaria,Ukraine,3,2,25,19,21,25,17,22,25,25,15,15,ALL,77,61,8,8,-,61,22,85,168,8,18,20,46,8,8,91,107,18,6,66,90,78,18,113,33,1,138,172
2026,65,2026/6/21,6,2,Bangkok,Thailand,Bulgaria,Ukraine,3,2,25,19,21,25,17,22,25,25,15,15,1,16,12,1,3,-,12,3,22,37,1,5,5,11,3,1,21,25,4,1,15,20,16,6,26,8,0,29,37
2026,65,2026/6/21,6,2,Bangkok,Thailand,Bulgaria,Ukraine,3,2,25,19,21,25,17,22,25,25,15,15,2,17,15,1,1,-,15,5,17,37,1,6,2,9,1,1,17,19,3,0,21,24,12,4,17,9,0,27,36
2026,65,2026/6/21,6,2,Bangkok,Thailand,Bulgaria,Ukraine,3,2,25,19,21,25,17,22,25,25,15,15,3,15,10,3,2,-,10,7,17,34,3,2,3,8,2,2,18,22,4,3,14,21,18,2,22,5,1,32,38
2026,65,2026/6/21,6,2,Bangkok,Thailand,Bulgaria,Ukraine,3,2,25,19,21,25,17,22,25,25,15,15,4,17,13,2,2,-,13,4,12,29,2,0,3,5,2,3,19,24,3,2,8,13,18,3,25,6,0,24,30
2026,65,2026/6/21,6,2,Bangkok,Thailand,Bulgaria,Ukraine,3,2,25,19,21,25,17,22,25,25,15,15,5,12,11,1,0,-,11,3,17,31,1,5,7,13,0,1,16,17,4,0,8,12,14,3,23,5,0,26,31
2026,65,2026/6/21,6,2,Bangkok,Thailand,Ukraine,Bulgaria,2,3,22,25,25,15,15,25,19,21,25,17,ALL,78,64,8,6,-,64,19,66,149,8,26,37,71,6,12,84,102,22,8,69,99,65,20,102,32,3,121,156
2026,65,2026/6/21,6,2,Bangkok,Thailand,Ukraine,Bulgaria,2,3,22,25,25,15,15,25,19,21,25,17,1,19,17,1,1,-,17,5,13,35,1,6,8,15,1,2,19,22,7,3,14,24,17,4,25,9,1,27,37
2026,65,2026/6/21,6,2,Bangkok,Thailand,Ukraine,Bulgaria,2,3,22,25,25,15,15,25,19,21,25,17,2,20,19,1,0,-,19,2,8,29,1,8,6,15,0,1,24,25,7,1,10,18,13,3,20,9,0,21,30
2026,65,2026/6/21,6,2,Bangkok,Thailand,Ukraine,Bulgaria,2,3,22,25,25,15,15,25,19,21,25,17,3,19,11,5,3,-,11,5,16,32,5,4,11,20,3,3,18,24,3,2,15,20,14,4,22,5,1,27,33
2026,65,2026/6/21,6,2,Bangkok,Thailand,Ukraine,Bulgaria,2,3,22,25,25,15,15,25,19,21,25,17,4,9,6,1,2,-,6,5,15,26,1,5,3,9,2,3,11,16,2,2,17,21,11,4,17,5,1,22,28
2026,65,2026/6/21,6,2,Bangkok,Thailand,Ukraine,Bulgaria,2,3,22,25,25,15,15,25,19,21,25,17,5,11,11,0,0,-,11,2,14,27,0,3,9,12,0,3,12,15,3,0,13,16,10,5,18,4,0,24,28
2026,66,2026/6/21,5,2,Pasig City,Philippines,Czechia,Dominican Republic,3,2,17,24,25,31,15,25,26,18,29,10,ALL,86,70,13,3,-,70,27,104,201,13,28,47,88,3,9,99,111,25,1,77,103,85,15,129,49,2,152,203
2026,66,2026/6/21,5,2,Pasig City,Philippines,Czechia,Dominican Republic,3,2,17,24,25,31,15,25,26,18,29,10,1,13,10,3,0,-,10,9,20,39,3,4,10,17,0,2,16,18,5,1,16,22,15,3,23,11,0,26,37
2026,66,2026/6/21,5,2,Pasig City,Philippines,Czechia,Dominican Republic,3,2,17,24,25,31,15,25,26,18,29,10,2,20,15,5,0,-,15,4,14,33,5,7,4,16,0,2,22,24,9,0,15,24,11,4,19,9,1,27,37
2026,66,2026/6/21,5,2,Pasig City,Philippines,Czechia,Dominican Republic,3,2,17,24,25,31,15,25,26,18,29,10,3,21,17,3,1,-,17,3,19,39,3,7,10,20,1,1,23,25,2,0,16,18,19,2,25,12,1,27,40
2026,66,2026/6/21,5,2,Pasig City,Philippines,Czechia,Dominican Republic,3,2,17,24,25,31,15,25,26,18,29,10,4,21,18,1,2,-,18,10,34,62,1,8,12,21,2,3,25,30,7,0,21,28,28,3,41,11,0,50,61
2026,66,2026/6/21,5,2,Pasig City,Philippines,Czechia,Dominican Republic,3,2,17,24,25,31,15,25,26,18,29,10,5,11,10,1,0,-,10,1,17,28,1,2,11,14,0,1,13,14,2,0,9,11,12,3,21,6,0,22,28
2026,66,2026/6/21,5,2,Pasig City,Philippines,Dominican Republic,Czechia,2,3,25,26,18,29,10,17,24,25,31,15,ALL,84,67,16,1,-,67,28,95,190,16,28,38,82,1,6,102,109,17,3,82,102,73,20,128,24,2,166,192
2026,66,2026/6/21,5,2,Pasig City,Philippines,Dominican Republic,Czechia,2,3,25,26,18,29,10,17,24,25,31,15,1,20,13,6,1,-,13,5,19,37,6,2,5,13,1,2,21,24,4,0,12,16,14,5,29,7,0,30,37
2026,66,2026/6/21,5,2,Pasig City,Philippines,Dominican Republic,Czechia,2,3,25,26,18,29,10,17,24,25,31,15,2,21,19,2,0,-,19,6,13,38,2,4,4,10,0,2,24,26,1,0,21,22,13,9,26,6,0,31,37
2026,66,2026/6/21,5,2,Pasig City,Philippines,Dominican Republic,Czechia,2,3,25,26,18,29,10,17,24,25,31,15,3,15,13,2,0,-,13,7,18,38,2,7,7,16,0,0,18,18,5,1,18,24,13,1,22,4,0,35,39
2026,66,2026/6/21,5,2,Pasig City,Philippines,Dominican Republic,Czechia,2,3,25,26,18,29,10,17,24,25,31,15,4,19,14,5,0,-,14,7,28,49,5,10,14,29,0,2,28,30,5,2,20,27,23,3,33,4,1,46,51
2026,66,2026/6/21,5,2,Pasig City,Philippines,Dominican Republic,Czechia,2,3,25,26,18,29,10,17,24,25,31,15,5,9,8,1,0,-,8,3,17,28,1,5,8,14,0,0,11,11,2,0,11,13,10,2,18,3,1,24,28
2026,67,2026/6/21,4,2,Ankara,Türkiye,Belgium,France,3,2,25,20,21,25,15,17,25,25,18,8,ALL,66,51,13,2,-,51,19,75,145,13,22,38,73,2,11,94,107,17,7,49,73,71,10,104,30,3,114,147
2026,67,2026/6/21,4,2,Ankara,Türkiye,Belgium,France,3,2,25,20,21,25,15,17,25,25,18,8,1,18,11,6,1,-,11,4,14,29,6,3,1,10,1,3,21,25,6,0,9,15,13,4,21,6,0,23,29
2026,67,2026/6/21,4,2,Ankara,Türkiye,Belgium,France,3,2,25,20,21,25,15,17,25,25,18,8,2,11,10,1,0,-,10,6,12,28,1,5,8,14,0,2,18,20,1,3,14,18,10,3,15,5,0,22,27
2026,67,2026/6/21,4,2,Ankara,Türkiye,Belgium,France,3,2,25,20,21,25,15,17,25,25,18,8,3,9,7,2,0,-,7,3,18,28,2,9,11,22,0,3,20,23,1,4,14,19,14,1,22,9,2,20,31
2026,67,2026/6/21,4,2,Ankara,Türkiye,Belgium,France,3,2,25,20,21,25,15,17,25,25,18,8,4,19,16,2,1,-,16,6,18,40,2,4,14,20,1,2,21,24,7,0,8,15,23,2,28,7,0,32,39
2026,67,2026/6/21,4,2,Ankara,Türkiye,Belgium,France,3,2,25,20,21,25,15,17,25,25,18,8,5,9,7,2,0,-,7,0,13,20,2,1,4,7,0,1,14,15,2,0,4,6,11,0,18,3,1,17,21
2026,67,2026/6/21,4,2,Ankara,Türkiye,France,Belgium,2,3,17,25,25,18,8,25,20,21,25,15,ALL,71,53,11,7,-,53,29,80,162,11,24,19,54,7,20,66,93,27,2,67,96,62,12,109,36,3,129,168
2026,67,2026/6/21,4,2,Ankara,Türkiye,France,Belgium,2,3,17,25,25,18,8,25,20,21,25,15,1,13,10,3,0,-,10,9,11,30,3,3,3,9,0,2,15,17,6,1,15,22,14,5,22,9,2,22,33
2026,67,2026/6/21,4,2,Ankara,Türkiye,France,Belgium,2,3,17,25,25,18,8,25,20,21,25,15,2,20,14,3,3,-,14,3,12,29,3,4,4,11,3,7,15,25,6,0,12,18,11,1,15,8,0,23,31
2026,67,2026/6/21,4,2,Ankara,Türkiye,France,Belgium,2,3,17,25,25,18,8,25,20,21,25,15,3,17,13,0,4,-,13,8,20,41,0,6,5,11,4,5,15,24,5,0,15,20,17,1,27,9,0,31,40
2026,67,2026/6/21,4,2,Ankara,Türkiye,France,Belgium,2,3,17,25,25,18,8,25,20,21,25,15,4,15,10,5,0,-,10,4,25,39,5,8,3,16,0,4,15,19,4,1,17,22,11,3,27,5,0,31,36
2026,67,2026/6/21,4,2,Ankara,Türkiye,France,Belgium,2,3,17,25,25,18,8,25,20,21,25,15,5,6,6,0,0,-,6,5,12,23,0,3,4,7,0,2,6,8,6,0,8,14,9,2,18,5,1,22,28
2026,68,2026/6/21,6,2,Bangkok,Thailand,Canada,Poland,3,2,25,21,25,11,15,23,25,16,25,13,ALL,81,58,17,6,-,58,25,51,134,17,25,30,72,6,13,77,96,12,4,80,96,44,18,78,35,3,100,138
2026,68,2026/6/21,6,2,Bangkok,Thailand,Canada,Poland,3,2,25,21,25,11,15,23,25,16,25,13,1,21,14,4,3,-,14,5,13,32,4,7,6,17,3,2,20,25,1,0,21,22,8,4,17,6,0,26,32
2026,68,2026/6/21,6,2,Bangkok,Thailand,Canada,Poland,3,2,25,21,25,11,15,23,25,16,25,13,2,19,15,4,0,-,15,4,17,36,4,8,6,18,0,5,16,21,2,1,21,24,14,2,20,6,1,30,37
2026,68,2026/6/21,6,2,Bangkok,Thailand,Canada,Poland,3,2,25,21,25,11,15,23,25,16,25,13,3,18,11,5,2,-,11,1,3,15,5,3,7,15,2,4,19,25,2,1,8,11,7,6,16,9,0,7,16
2026,68,2026/6/21,6,2,Bangkok,Thailand,Canada,Poland,3,2,25,21,25,11,15,23,25,16,25,13,4,10,7,3,0,-,7,12,13,32,3,3,9,15,0,1,10,11,1,2,22,25,10,4,18,4,2,28,34
2026,68,2026/6/21,6,2,Bangkok,Thailand,Canada,Poland,3,2,25,21,25,11,15,23,25,16,25,13,5,13,11,1,1,-,11,3,5,19,1,4,2,7,1,1,12,14,6,0,8,14,5,2,7,10,0,9,19
2026,68,2026/6/21,6,2,Bangkok,Thailand,Poland,Canada,2,3,23,25,16,25,13,25,21,25,11,15,ALL,73,55,14,4,-,55,25,63,143,14,17,19,50,4,7,92,103,20,6,57,83,57,19,98,45,0,102,147
2026,68,2026/6/21,6,2,Bangkok,Thailand,Poland,Canada,2,3,23,25,16,25,13,25,21,25,11,15,1,18,16,2,0,-,16,7,15,38,2,5,5,12,0,1,22,23,6,3,14,23,17,5,26,12,0,27,39
2026,68,2026/6/21,6,2,Bangkok,Thailand,Poland,Canada,2,3,23,25,16,25,13,25,21,25,11,15,2,17,14,2,1,-,14,5,15,34,2,4,5,11,1,1,23,25,4,0,12,16,18,6,30,11,0,25,36
2026,68,2026/6/21,6,2,Bangkok,Thailand,Poland,Canada,2,3,23,25,16,25,13,25,21,25,11,15,3,12,10,1,1,-,10,6,13,29,1,4,1,6,1,5,10,16,6,2,13,21,6,4,14,14,0,15,29
2026,68,2026/6/21,6,2,Bangkok,Thailand,Poland,Canada,2,3,23,25,16,25,13,25,21,25,11,15,4,16,7,7,2,-,7,4,14,25,7,1,7,15,2,0,23,25,1,0,9,10,12,2,20,4,0,22,26
2026,68,2026/6/21,6,2,Bangkok,Thailand,Poland,Canada,2,3,23,25,16,25,13,25,21,25,11,15,5,10,8,2,0,-,8,3,6,17,2,3,1,6,0,0,14,14,3,1,9,13,4,2,8,4,0,13,17
2026,69,2026/6/21,5,2,Pasig City,Philippines,Japan,Italy,0,3,21,23,18,-,-,25,25,25,-,-,ALL,49,46,1,2,-,46,14,46,106,1,9,14,24,2,8,53,63,23,8,40,71,38,20,77,33,2,76,111
2026,69,2026/6/21,5,2,Pasig City,Philippines,Japan,Italy,0,3,21,23,18,-,-,25,25,25,-,-,1,16,16,0,0,-,16,5,17,38,0,0,5,5,0,5,16,21,10,1,12,23,15,7,28,11,1,29,41
2026,69,2026/6/21,5,2,Pasig City,Philippines,Japan,Italy,0,3,21,23,18,-,-,25,25,25,-,-,2,19,18,1,0,-,18,3,14,35,1,5,5,11,0,1,23,24,4,3,16,23,10,8,24,10,0,23,33
2026,69,2026/6/21,5,2,Pasig City,Philippines,Japan,Italy,0,3,21,23,18,-,-,25,25,25,-,-,3,14,12,0,2,-,12,6,15,33,0,4,4,8,2,2,14,18,9,4,12,25,13,5,25,12,1,24,37
2026,69,2026/6/21,5,2,Pasig City,Philippines,Italy,Japan,3,0,25,25,25,-,-,21,23,18,-,-,ALL,57,43,6,8,-,43,10,39,92,6,21,20,47,8,3,63,74,20,2,33,55,32,15,61,19,0,70,89
2026,69,2026/6/21,5,2,Pasig City,Philippines,Italy,Japan,3,0,25,25,25,-,-,21,23,18,-,-,1,15,13,1,1,-,13,3,14,30,1,7,9,17,1,2,22,25,9,0,7,16,12,4,23,9,0,22,31
2026,69,2026/6/21,5,2,Pasig City,Philippines,Italy,Japan,3,0,25,25,25,-,-,21,23,18,-,-,2,22,18,1,3,-,18,4,13,35,1,9,7,17,3,1,20,24,9,0,14,23,10,4,16,6,0,26,32
2026,69,2026/6/21,5,2,Pasig City,Philippines,Italy,Japan,3,0,25,25,25,-,-,21,23,18,-,-,3,20,12,4,4,-,12,3,12,27,4,5,4,13,4,0,21,25,2,2,12,16,10,7,22,4,0,22,26
2026,70,2026/6/21,4,2,Ankara,Türkiye,Germany,Brazil,3,2,26,28,15,19,16,24,26,25,25,14,ALL,72,55,14,3,-,55,20,75,150,14,21,25,60,3,10,90,103,28,4,70,102,52,23,96,44,1,110,155
2026,70,2026/6/21,4,2,Ankara,Türkiye,Germany,Brazil,3,2,26,28,15,19,16,24,26,25,25,14,1,16,9,6,1,-,9,4,13,26,6,3,2,11,1,2,23,26,5,0,15,20,7,5,16,6,0,21,27
2026,70,2026/6/21,4,2,Ankara,Türkiye,Germany,Brazil,3,2,26,28,15,19,16,24,26,25,25,14,2,22,17,4,1,-,17,2,19,38,4,7,10,21,1,4,22,27,7,0,17,24,16,8,29,14,0,26,40
2026,70,2026/6/21,4,2,Ankara,Türkiye,Germany,Brazil,3,2,26,28,15,19,16,24,26,25,25,14,3,10,9,1,0,-,9,5,17,31,1,4,5,10,0,1,15,16,6,4,11,21,11,4,21,11,1,21,33
2026,70,2026/6/21,4,2,Ankara,Türkiye,Germany,Brazil,3,2,26,28,15,19,16,24,26,25,25,14,4,15,14,1,0,-,14,6,15,35,1,5,5,11,0,1,18,19,5,0,19,24,12,4,20,10,0,27,37
2026,70,2026/6/21,4,2,Ankara,Türkiye,Germany,Brazil,3,2,26,28,15,19,16,24,26,25,25,14,5,9,6,2,1,-,6,3,11,20,2,2,3,7,1,2,12,15,5,0,8,13,6,2,10,3,0,15,18
2026,70,2026/6/21,4,2,Ankara,Türkiye,Brazil,Germany,2,3,24,26,25,25,14,26,28,15,19,16,ALL,92,78,10,4,-,78,30,61,169,10,27,34,71,4,13,98,115,27,3,63,93,65,12,92,40,1,119,160
2026,70,2026/6/21,4,2,Ankara,Türkiye,Brazil,Germany,2,3,24,26,25,25,14,26,28,15,19,16,1,20,17,3,0,-,17,12,9,38,3,5,5,13,0,4,20,24,4,1,19,24,11,2,15,8,0,26,34
2026,70,2026/6/21,4,2,Ankara,Türkiye,Brazil,Germany,2,3,24,26,25,25,14,26,28,15,19,16,2,22,20,2,0,-,20,6,19,45,2,7,9,18,0,3,24,27,9,1,13,23,19,6,32,12,1,31,44
2026,70,2026/6/21,4,2,Ankara,Türkiye,Brazil,Germany,2,3,24,26,25,25,14,26,28,15,19,16,3,20,14,2,4,-,14,3,13,30,2,4,11,17,4,3,17,24,6,0,9,15,13,2,16,11,0,18,29
2026,70,2026/6/21,4,2,Ankara,Türkiye,Brazil,Germany,2,3,24,26,25,25,14,26,28,15,19,16,4,20,18,2,0,-,18,2,13,33,2,10,4,16,0,1,24,25,5,0,13,18,13,1,16,7,0,24,31
2026,70,2026/6/21,4,2,Ankara,Türkiye,Brazil,Germany,2,3,24,26,25,25,14,26,28,15,19,16,5,10,9,1,0,-,9,7,7,23,1,1,5,7,0,2,13,15,3,1,9,13,9,1,13,2,0,20,22
2026,71,2026/6/21,6,2,Bangkok,Thailand,Thailand,Netherlands,0,3,23,22,15,-,-,25,25,25,-,-,ALL,44,37,4,3,-,37,14,53,104,4,13,16,33,3,5,55,63,17,3,47,67,34,14,68,21,3,84,108
2026,71,2026/6/21,6,2,Bangkok,Thailand,Thailand,Netherlands,0,3,23,22,15,-,-,25,25,25,-,-,1,18,15,3,0,-,15,5,17,37,3,1,7,11,0,2,23,25,7,2,14,23,15,8,27,7,0,31,38
2026,71,2026/6/21,6,2,Bangkok,Thailand,Thailand,Netherlands,0,3,23,22,15,-,-,25,25,25,-,-,2,15,14,0,1,-,14,3,19,36,0,8,5,13,1,0,21,22,4,1,18,23,12,3,22,8,1,28,37
2026,71,2026/6/21,6,2,Bangkok,Thailand,Thailand,Netherlands,0,3,23,22,15,-,-,25,25,25,-,-,3,11,8,1,2,-,8,6,17,31,1,4,4,9,2,3,11,16,6,0,15,21,7,3,19,6,2,25,33
2026,71,2026/6/21,6,2,Bangkok,Thailand,Netherlands,Thailand,3,0,25,25,25,-,-,23,22,15,-,-,ALL,57,48,6,3,-,48,10,41,99,6,19,25,50,3,6,64,73,11,3,44,58,37,11,62,35,3,62,100
2026,71,2026/6/21,6,2,Bangkok,Thailand,Netherlands,Thailand,3,0,25,25,25,-,-,23,22,15,-,-,1,20,16,2,2,-,16,6,17,39,2,9,10,21,2,1,21,24,6,0,17,23,13,3,17,13,0,24,37
2026,71,2026/6/21,6,2,Bangkok,Thailand,Netherlands,Thailand,3,0,25,25,25,-,-,23,22,15,-,-,2,21,19,1,1,-,19,3,13,35,1,6,6,13,1,2,22,25,3,1,18,22,11,7,26,12,2,23,37
2026,71,2026/6/21,6,2,Bangkok,Thailand,Netherlands,Thailand,3,0,25,25,25,-,-,23,22,15,-,-,3,16,13,3,0,-,13,1,11,25,3,4,9,16,0,3,21,24,2,2,9,13,13,1,19,10,1,15,26
2026,72,2026/6/22,4,2,Ankara,Türkiye,Türkiye,China,3,2,25,26,23,25,15,21,28,25,16,12,ALL,82,68,8,6,-,68,16,63,147,8,16,31,55,6,12,96,114,31,4,54,89,58,38,113,56,2,91,149
2026,72,2026/6/22,4,2,Ankara,Türkiye,Türkiye,China,3,2,25,26,23,25,15,21,28,25,16,12,1,18,15,2,1,-,15,1,11,27,2,1,7,10,1,3,21,25,4,0,13,17,10,13,24,12,0,14,26
2026,72,2026/6/22,4,2,Ankara,Türkiye,Türkiye,China,3,2,25,26,23,25,15,21,28,25,16,12,2,19,18,1,0,-,18,6,17,41,1,4,7,12,0,4,22,26,9,2,14,25,14,8,32,14,1,26,41
2026,72,2026/6/22,4,2,Ankara,Türkiye,Türkiye,China,3,2,25,26,23,25,15,21,28,25,16,12,3,16,15,0,1,-,15,6,22,43,0,4,7,11,1,1,22,24,5,2,15,22,19,10,32,14,0,27,41
2026,72,2026/6/22,4,2,Ankara,Türkiye,Türkiye,China,3,2,25,26,23,25,15,21,28,25,16,12,4,18,11,4,3,-,11,1,9,21,4,4,9,17,3,2,19,24,6,0,8,14,9,5,16,9,0,15,24
2026,72,2026/6/22,4,2,Ankara,Türkiye,Türkiye,China,3,2,25,26,23,25,15,21,28,25,16,12,5,11,9,1,1,-,9,2,4,15,1,3,1,5,1,2,12,15,7,0,4,11,6,2,9,7,1,9,17
2026,72,2026/6/22,4,2,Ankara,Türkiye,China,Türkiye,2,3,21,28,25,16,12,25,26,23,25,15,ALL,77,65,8,4,-,65,22,66,153,8,20,23,51,4,13,85,102,21,6,74,101,56,29,108,51,2,104,157
2026,72,2026/6/22,4,2,Ankara,Türkiye,China,Türkiye,2,3,21,28,25,16,12,25,26,23,25,15,1,17,17,0,0,-,17,5,9,31,0,1,6,7,0,4,17,21,3,1,18,22,13,7,21,9,0,24,33
2026,72,2026/6/22,4,2,Ankara,Türkiye,China,Türkiye,2,3,21,28,25,16,12,25,26,23,25,15,2,19,14,3,2,-,14,4,21,39,3,4,6,13,2,3,23,28,5,0,16,21,15,8,32,12,0,27,39
2026,72,2026/6/22,4,2,Ankara,Türkiye,China,Türkiye,2,3,21,28,25,16,12,25,26,23,25,15,3,21,16,3,2,-,16,3,17,36,3,5,4,12,2,2,20,24,8,1,14,23,14,5,28,11,1,25,37
2026,72,2026/6/22,4,2,Ankara,Türkiye,China,Türkiye,2,3,21,28,25,16,12,25,26,23,25,15,4,11,11,0,0,-,11,8,14,33,0,5,5,10,0,3,14,17,2,3,17,22,11,6,21,12,0,21,33
2026,72,2026/6/22,4,2,Ankara,Türkiye,China,Türkiye,2,3,21,28,25,16,12,25,26,23,25,15,5,9,7,2,0,-,7,2,5,14,2,5,2,9,0,1,11,12,3,1,9,13,3,3,6,7,1,7,15
2026,73,2026/7/8,9,3,Osaka,Japan,Türkiye,Poland,3,1,27,20,25,25,-,25,25,19,19,-,ALL,75,59,11,5,-,59,21,55,135,11,20,34,65,5,6,85,96,14,6,63,83,61,14,99,26,2,118,146
2026,73,2026/7/8,9,3,Osaka,Japan,Türkiye,Poland,3,1,27,20,25,25,-,25,25,19,19,-,1,23,17,4,2,-,17,6,14,37,4,7,10,21,2,0,25,27,3,2,18,23,14,4,26,6,0,33,39
2026,73,2026/7/8,9,3,Osaka,Japan,Türkiye,Poland,3,1,27,20,25,25,-,25,25,19,19,-,2,15,12,3,0,-,12,5,13,30,3,7,9,19,0,3,17,20,4,2,19,25,13,1,20,7,1,28,36
2026,73,2026/7/8,9,3,Osaka,Japan,Türkiye,Poland,3,1,27,20,25,25,-,25,25,19,19,-,3,17,15,1,1,-,15,6,14,35,1,4,10,15,1,2,22,25,2,0,15,17,15,3,24,7,1,28,36
2026,73,2026/7/8,9,3,Osaka,Japan,Türkiye,Poland,3,1,27,20,25,25,-,25,25,19,19,-,4,20,15,3,2,-,15,4,14,33,3,2,5,10,2,1,21,24,5,2,11,18,19,6,29,6,0,29,35
2026,73,2026/7/8,9,3,Osaka,Japan,Poland,Türkiye,1,3,25,25,19,19,-,27,20,25,25,-,ALL,67,51,10,6,-,51,24,79,154,10,27,14,51,6,7,77,90,21,5,64,90,64,17,101,29,2,129,160
2026,73,2026/7/8,9,3,Osaka,Japan,Poland,Türkiye,1,3,25,25,19,19,-,27,20,25,25,-,1,22,16,4,2,-,16,6,18,40,4,8,6,18,2,2,21,25,8,2,17,27,13,2,21,6,0,36,42
2026,73,2026/7/8,9,3,Osaka,Japan,Poland,Türkiye,1,3,25,25,19,19,-,27,20,25,25,-,2,16,13,1,2,-,13,8,22,43,1,4,4,9,2,0,23,25,5,0,12,17,19,4,30,12,0,29,41
2026,73,2026/7/8,9,3,Osaka,Japan,Poland,Türkiye,1,3,25,25,19,19,-,27,20,25,25,-,3,12,10,2,0,-,10,5,20,35,2,6,2,10,0,2,17,19,3,1,19,23,14,7,24,7,2,28,37
2026,73,2026/7/8,9,3,Osaka,Japan,Poland,Türkiye,1,3,25,25,19,19,-,27,20,25,25,-,4,17,12,3,2,-,12,5,19,36,3,9,2,14,2,3,16,21,5,2,16,23,18,4,26,4,0,36,40
2026,74,2026/7/8,8,3,Hong Kong,China,Belgium,Dominican Republic,3,2,25,25,14,24,15,19,20,25,26,12,ALL,80,67,7,6,-,67,21,96,184,7,20,36,63,6,11,85,102,23,1,70,94,81,24,136,49,3,140,192
2026,74,2026/7/8,8,3,Hong Kong,China,Belgium,Dominican Republic,3,2,25,25,14,24,15,19,20,25,26,12,1,21,18,2,1,-,18,2,14,34,2,4,6,12,1,3,21,25,4,0,13,17,17,5,25,9,0,26,35
2026,74,2026/7/8,8,3,Hong Kong,China,Belgium,Dominican Republic,3,2,25,25,14,24,15,19,20,25,26,12,2,20,16,2,2,-,16,5,23,44,2,3,8,13,2,1,21,24,4,0,16,20,22,6,35,11,1,35,47
2026,74,2026/7/8,8,3,Hong Kong,China,Belgium,Dominican Republic,3,2,25,25,14,24,15,19,20,25,26,12,3,11,9,2,0,-,9,4,21,34,2,6,8,16,0,3,12,15,4,1,18,23,12,4,22,13,1,22,36
2026,74,2026/7/8,8,3,Hong Kong,China,Belgium,Dominican Republic,3,2,25,25,14,24,15,19,20,25,26,12,4,20,17,1,2,-,17,8,24,49,1,7,9,17,2,3,19,24,9,0,14,23,21,5,36,13,1,37,51
2026,74,2026/7/8,8,3,Hong Kong,China,Belgium,Dominican Republic,3,2,25,25,14,24,15,19,20,25,26,12,5,8,7,0,1,-,7,2,14,23,0,0,5,5,1,1,12,14,2,0,9,11,9,4,18,3,0,20,23
2026,74,2026/7/8,8,3,Hong Kong,China,Dominican Republic,Belgium,2,3,19,20,25,26,12,25,25,14,24,15,ALL,72,60,11,1,-,60,16,90,166,11,31,37,79,1,9,93,103,11,6,73,90,77,9,115,19,3,152,174
2026,74,2026/7/8,8,3,Hong Kong,China,Dominican Republic,Belgium,2,3,19,20,25,26,12,25,25,14,24,15,1,13,12,1,0,-,12,3,20,35,1,10,4,15,0,2,17,19,4,1,17,22,12,2,16,6,0,26,32
2026,74,2026/7/8,8,3,Hong Kong,China,Dominican Republic,Belgium,2,3,19,20,25,26,12,25,25,14,24,15,2,14,12,2,0,-,12,5,20,37,2,7,9,18,0,1,20,21,0,2,21,23,19,3,27,2,1,41,44
2026,74,2026/7/8,8,3,Hong Kong,China,Dominican Republic,Belgium,2,3,19,20,25,26,12,25,25,14,24,15,3,17,15,1,1,-,15,4,15,34,1,4,7,12,1,1,22,24,2,0,10,12,18,2,28,6,0,28,34
2026,74,2026/7/8,8,3,Hong Kong,China,Dominican Republic,Belgium,2,3,19,20,25,26,12,25,25,14,24,15,4,17,12,5,0,-,12,1,22,35,5,8,10,23,0,3,23,26,4,2,14,20,15,0,26,3,0,34,37
2026,74,2026/7/8,8,3,Hong Kong,China,Dominican Republic,Belgium,2,3,19,20,25,26,12,25,25,14,24,15,5,11,9,2,0,-,9,3,13,25,2,2,7,11,0,2,11,13,1,1,11,13,13,2,18,2,2,23,27
2026,75,2026/7/8,9,3,Osaka,Japan,Thailand,USA,0,3,21,18,20,-,-,25,25,25,-,-,ALL,47,43,2,2,-,43,15,58,116,2,20,13,35,2,5,54,61,8,3,56,67,36,13,68,33,0,82,115
2026,75,2026/7/8,9,3,Osaka,Japan,Thailand,USA,0,3,21,18,20,-,-,25,25,25,-,-,1,15,13,0,2,-,13,3,23,39,0,7,4,11,2,2,18,22,4,2,16,22,11,5,22,11,0,26,37
2026,75,2026/7/8,9,3,Osaka,Japan,Thailand,USA,0,3,21,18,20,-,-,25,25,25,-,-,2,14,13,1,0,-,13,7,17,37,1,5,4,10,0,2,16,18,1,0,22,23,11,5,23,9,0,28,37
2026,75,2026/7/8,9,3,Osaka,Japan,Thailand,USA,0,3,21,18,20,-,-,25,25,25,-,-,3,18,17,1,0,-,17,5,18,40,1,8,5,14,0,1,20,21,3,1,18,22,14,3,23,13,0,28,41
2026,75,2026/7/8,9,3,Osaka,Japan,USA,Thailand,3,0,25,25,25,-,-,21,18,20,-,-,ALL,62,51,8,3,-,51,8,38,97,8,25,35,68,3,6,64,73,15,2,39,56,40,8,59,39,0,58,97
2026,75,2026/7/8,9,3,Osaka,Japan,USA,Thailand,3,0,25,25,25,-,-,21,18,20,-,-,1,23,18,3,2,-,18,4,12,34,3,9,12,24,2,2,20,24,5,2,13,20,17,2,22,12,0,23,35
2026,75,2026/7/8,9,3,Osaka,Japan,USA,Thailand,3,0,25,25,25,-,-,21,18,20,-,-,2,19,16,3,0,-,16,3,11,30,3,4,9,16,0,2,23,25,4,0,12,16,10,4,19,12,0,16,28
2026,75,2026/7/8,9,3,Osaka,Japan,USA,Thailand,3,0,25,25,25,-,-,21,18,20,-,-,3,20,17,2,1,-,17,1,15,33,2,12,14,28,1,2,21,24,6,0,14,20,13,2,18,15,0,19,34
2026,76,2026/7/8,8,3,Hong Kong,China,Ukraine,Italy,1,3,15,25,10,21,-,25,23,25,25,-,ALL,61,52,5,4,-,52,26,72,150,5,12,23,40,4,8,60,72,29,10,56,95,57,19,102,26,0,120,146
2026,76,2026/7/8,8,3,Hong Kong,China,Ukraine,Italy,1,3,15,25,10,21,-,25,23,25,25,-,1,13,11,1,1,-,11,7,24,42,1,3,5,9,1,1,14,16,7,2,15,24,16,5,29,6,0,36,42
2026,76,2026/7/8,8,3,Hong Kong,China,Ukraine,Italy,1,3,15,25,10,21,-,25,23,25,25,-,2,20,17,2,1,-,17,5,16,38,2,3,5,10,1,5,18,24,7,4,12,23,13,3,22,9,0,26,35
2026,76,2026/7/8,8,3,Hong Kong,China,Ukraine,Italy,1,3,15,25,10,21,-,25,23,25,25,-,3,8,8,0,0,-,8,8,14,30,0,3,3,6,0,2,9,11,6,3,14,23,12,3,21,3,0,27,30
2026,76,2026/7/8,8,3,Hong Kong,China,Ukraine,Italy,1,3,15,25,10,21,-,25,23,25,25,-,4,20,16,2,2,-,16,6,18,40,2,3,10,15,2,0,19,21,9,1,15,25,16,8,30,8,0,31,39
2026,76,2026/7/8,8,3,Hong Kong,China,Italy,Ukraine,3,1,25,23,25,25,-,15,25,10,21,-,ALL,77,54,13,10,-,54,11,60,125,13,20,28,61,10,2,85,97,14,4,46,64,62,18,98,22,0,100,122
2026,76,2026/7/8,8,3,Hong Kong,China,Italy,Ukraine,3,1,25,23,25,25,-,15,25,10,21,-,1,19,15,2,2,-,15,2,18,35,2,5,12,19,2,0,22,24,3,1,11,15,21,2,25,10,0,25,35
2026,76,2026/7/8,8,3,Hong Kong,China,Italy,Ukraine,3,1,25,23,25,25,-,15,25,10,21,-,2,17,9,4,4,-,9,5,13,27,4,6,7,17,4,1,19,24,4,1,14,19,9,7,23,3,0,24,27
2026,76,2026/7/8,8,3,Hong Kong,China,Italy,Ukraine,3,1,25,23,25,25,-,15,25,10,21,-,3,20,12,5,3,-,12,1,10,23,5,1,5,11,3,1,20,24,0,0,9,9,12,4,21,3,0,17,20
2026,76,2026/7/8,8,3,Hong Kong,China,Italy,Ukraine,3,1,25,23,25,25,-,15,25,10,21,-,4,21,18,2,1,-,18,3,19,40,2,8,4,14,1,0,24,25,7,2,12,21,20,5,29,6,0,34,40
2026,77,2026/7/8,9,3,Osaka,Japan,Japan,Brazil,1,3,20,25,19,23,-,25,19,25,25,-,ALL,62,55,2,5,-,55,21,87,163,2,18,30,50,5,6,77,88,15,2,67,84,70,25,117,49,2,112,163
2026,77,2026/7/8,9,3,Osaka,Japan,Japan,Brazil,1,3,20,25,19,23,-,25,19,25,25,-,1,13,12,1,0,-,12,6,21,39,1,3,10,14,0,2,19,21,3,1,18,22,17,5,26,9,0,30,39
2026,77,2026/7/8,9,3,Osaka,Japan,Japan,Brazil,1,3,20,25,19,23,-,25,19,25,25,-,2,14,12,1,1,-,12,3,24,39,1,9,7,17,1,3,20,24,5,0,10,15,21,3,27,14,0,24,38
2026,77,2026/7/8,9,3,Osaka,Japan,Japan,Brazil,1,3,20,25,19,23,-,25,19,25,25,-,3,15,13,0,2,-,13,5,18,36,0,5,4,9,2,1,17,20,2,1,20,23,12,7,25,10,1,26,37
2026,77,2026/7/8,9,3,Osaka,Japan,Japan,Brazil,1,3,20,25,19,23,-,25,19,25,25,-,4,20,18,0,2,-,18,7,24,49,0,1,9,10,2,0,21,23,5,0,19,24,20,10,39,16,1,32,49
2026,77,2026/7/8,9,3,Osaka,Japan,Brazil,Japan,3,1,25,19,25,25,-,20,25,19,23,-,ALL,77,62,13,2,-,62,13,80,155,13,13,25,51,2,9,82,93,17,5,60,82,74,28,121,21,4,131,156
2026,77,2026/7/8,9,3,Osaka,Japan,Brazil,Japan,3,1,25,19,25,25,-,20,25,19,23,-,1,21,16,4,1,-,16,4,20,40,4,6,8,18,1,2,21,24,2,0,17,19,20,6,30,5,2,34,41
2026,77,2026/7/8,9,3,Osaka,Japan,Brazil,Japan,3,1,25,19,25,25,-,20,25,19,23,-,2,15,12,3,0,-,12,6,21,39,3,1,5,9,0,5,15,20,8,1,12,21,19,6,31,6,1,32,39
2026,77,2026/7/8,9,3,Osaka,Japan,Brazil,Japan,3,1,25,19,25,25,-,20,25,19,23,-,3,21,17,3,1,-,17,2,14,33,3,2,5,10,1,1,22,24,3,2,14,19,17,6,24,6,1,28,35
2026,77,2026/7/8,9,3,Osaka,Japan,Brazil,Japan,3,1,25,19,25,25,-,20,25,19,23,-,4,20,17,3,0,-,17,1,25,43,3,4,7,14,0,1,24,25,4,2,17,23,18,10,36,4,0,37,41
2026,78,2026/7/8,7,3,Belgrade,Serbia,France,Netherlands,0,3,22,18,23,-,-,25,25,25,-,-,ALL,48,35,10,3,-,35,17,60,112,10,17,21,48,3,8,53,64,17,3,49,69,37,14,75,14,1,94,109
2026,78,2026/7/8,7,3,Belgrade,Serbia,France,Netherlands,0,3,22,18,23,-,-,25,25,25,-,-,1,16,13,3,0,-,13,5,14,32,3,5,10,18,0,2,20,22,7,2,15,24,11,6,22,6,0,25,31
2026,78,2026/7/8,7,3,Belgrade,Serbia,France,Netherlands,0,3,22,18,23,-,-,25,25,25,-,-,2,14,11,1,2,-,11,6,13,30,1,6,1,8,2,3,14,19,4,1,17,22,6,4,19,4,0,26,30
2026,78,2026/7/8,7,3,Belgrade,Serbia,France,Netherlands,0,3,22,18,23,-,-,25,25,25,-,-,3,18,11,6,1,-,11,6,33,50,6,6,10,22,1,3,19,23,6,0,17,23,20,4,34,4,1,43,48
2026,78,2026/7/8,7,3,Belgrade,Serbia,Netherlands,France,3,0,25,25,25,-,-,22,18,23,-,-,ALL,57,45,9,3,-,45,19,54,118,9,11,23,43,3,4,67,74,13,3,40,56,49,16,87,16,0,98,114
2026,78,2026/7/8,7,3,Belgrade,Serbia,Netherlands,France,3,0,25,25,25,-,-,22,18,23,-,-,1,20,16,2,2,-,16,7,20,43,2,3,4,9,2,1,22,25,5,0,15,20,15,6,29,5,0,38,43
2026,78,2026/7/8,7,3,Belgrade,Serbia,Netherlands,France,3,0,25,25,25,-,-,22,18,23,-,-,2,20,15,4,1,-,15,3,11,29,4,3,6,13,1,2,21,24,5,2,9,16,13,6,21,5,0,22,27
2026,78,2026/7/8,7,3,Belgrade,Serbia,Netherlands,France,3,0,25,25,25,-,-,22,18,23,-,-,3,17,14,3,0,-,14,9,23,46,3,5,13,21,0,1,24,25,3,1,16,20,21,4,37,6,0,38,44
2026,79,2026/7/8,8,3,Hong Kong,China,China,Canada,2,3,25,17,22,25,11,19,25,25,23,15,ALL,73,55,13,5,-,55,18,71,144,13,30,33,76,5,4,91,100,22,7,62,91,45,46,127,34,1,115,150
2026,79,2026/7/8,8,3,Hong Kong,China,China,Canada,2,3,25,17,22,25,11,19,25,25,23,15,1,19,13,4,2,-,13,3,12,28,4,6,6,16,2,2,20,24,5,2,11,18,10,4,20,6,1,22,29
2026,79,2026/7/8,8,3,Hong Kong,China,China,Canada,2,3,25,17,22,25,11,19,25,25,23,15,2,10,8,2,0,-,8,5,14,27,2,8,6,16,0,0,18,18,4,0,16,20,7,12,24,4,0,25,29
2026,79,2026/7/8,8,3,Hong Kong,China,China,Canada,2,3,25,17,22,25,11,19,25,25,23,15,3,17,11,3,3,-,11,8,24,43,3,6,10,19,3,1,18,22,7,2,13,22,12,8,35,10,0,33,43
2026,79,2026/7/8,8,3,Hong Kong,China,China,Canada,2,3,25,17,22,25,11,19,25,25,23,15,4,19,17,2,0,-,17,1,13,31,2,6,6,14,0,0,25,25,4,1,13,18,12,15,35,10,0,24,34
2026,79,2026/7/8,8,3,Hong Kong,China,China,Canada,2,3,25,17,22,25,11,19,25,25,23,15,5,8,6,2,0,-,6,1,8,15,2,4,5,11,0,1,10,11,2,2,9,13,4,7,13,4,0,11,15
2026,79,2026/7/8,8,3,Hong Kong,China,Canada,China,3,2,19,25,25,23,15,25,17,22,25,11,ALL,92,77,8,7,-,77,18,64,159,8,28,32,68,7,16,84,107,24,5,67,96,45,29,107,36,1,119,156
2026,79,2026/7/8,8,3,Hong Kong,China,Canada,China,3,2,19,25,25,23,15,25,17,22,25,11,1,13,11,0,2,-,11,6,12,29,0,5,6,11,2,2,16,20,3,2,17,22,4,9,21,6,1,21,28
2026,79,2026/7/8,8,3,Hong Kong,China,Canada,China,3,2,19,25,25,23,15,25,17,22,25,11,2,23,20,3,0,-,20,4,10,34,3,4,7,14,0,4,20,24,6,0,12,18,11,5,23,11,0,23,34
2026,79,2026/7/8,8,3,Hong Kong,China,Canada,China,3,2,19,25,25,23,15,25,17,22,25,11,3,20,14,4,2,-,14,4,17,35,4,6,9,19,2,3,20,25,4,3,14,21,12,6,27,7,0,28,35
2026,79,2026/7/8,8,3,Hong Kong,China,Canada,China,3,2,19,25,25,23,15,25,17,22,25,11,4,22,21,0,1,-,21,2,18,41,0,10,4,14,1,5,17,23,6,0,19,25,15,6,24,10,0,30,40
2026,79,2026/7/8,8,3,Hong Kong,China,Canada,China,3,2,19,25,25,23,15,25,17,22,25,11,5,14,11,1,2,-,11,2,7,20,1,3,6,10,2,2,11,15,5,0,5,10,3,3,12,2,0,17,19
2026,80,2026/7/8,7,3,Belgrade,Serbia,Czechia,Germany,1,3,25,15,22,17,-,22,25,25,25,-,ALL,55,47,7,1,-,47,20,80,147,7,31,37,75,1,3,76,80,17,5,66,88,64,14,101,44,0,114,158
2026,80,2026/7/8,7,3,Belgrade,Serbia,Czechia,Germany,1,3,25,15,22,17,-,22,25,25,25,-,1,17,14,3,0,-,14,4,27,45,3,7,15,25,0,0,25,25,2,0,18,20,22,4,36,15,0,34,49
2026,80,2026/7/8,7,3,Belgrade,Serbia,Czechia,Germany,1,3,25,15,22,17,-,22,25,25,25,-,2,7,6,0,1,-,6,9,18,33,0,6,8,14,1,0,14,15,6,2,13,21,12,3,20,12,0,22,34
2026,80,2026/7/8,7,3,Belgrade,Serbia,Czechia,Germany,1,3,25,15,22,17,-,22,25,25,25,-,3,17,16,1,0,-,16,5,20,41,1,8,10,19,0,2,21,23,4,2,17,23,20,4,29,11,0,31,42
2026,80,2026/7/8,7,3,Belgrade,Serbia,Czechia,Germany,1,3,25,15,22,17,-,22,25,25,25,-,4,14,11,3,0,-,11,2,15,28,3,10,4,17,0,1,16,17,5,1,18,24,10,3,16,6,0,27,33
2026,80,2026/7/8,7,3,Belgrade,Serbia,Germany,Czechia,3,1,22,25,25,25,-,25,15,22,17,-,ALL,81,66,10,5,-,66,18,75,159,10,16,36,62,5,9,83,97,22,1,54,77,74,19,120,40,2,121,163
2026,80,2026/7/8,7,3,Belgrade,Serbia,Germany,Czechia,3,1,22,25,25,25,-,25,15,22,17,-,1,21,18,3,0,-,18,6,30,54,3,5,14,22,0,3,20,23,10,0,15,25,27,4,38,16,2,41,59
2026,80,2026/7/8,7,3,Belgrade,Serbia,Germany,Czechia,3,1,22,25,25,25,-,25,15,22,17,-,2,21,13,6,2,-,13,3,13,29,6,3,8,17,2,4,19,25,3,1,11,15,12,3,23,8,0,19,27
2026,80,2026/7/8,7,3,Belgrade,Serbia,Germany,Czechia,3,1,22,25,25,25,-,25,15,22,17,-,3,18,15,1,2,-,15,4,19,38,1,6,9,16,2,1,21,24,3,0,18,21,18,6,31,9,0,32,41
2026,80,2026/7/8,7,3,Belgrade,Serbia,Germany,Czechia,3,1,22,25,25,25,-,25,15,22,17,-,4,21,20,0,1,-,20,5,13,38,0,2,5,7,1,1,23,25,6,0,10,16,17,6,28,7,0,29,36
2026,81,2026/7/8,7,3,Belgrade,Serbia,Serbia,Bulgaria,3,0,25,25,27,-,-,16,19,25,-,-,ALL,57,51,4,2,-,51,16,26,93,4,19,23,46,2,5,68,75,14,3,36,53,33,7,57,40,1,54,95
2026,81,2026/7/8,7,3,Belgrade,Serbia,Serbia,Bulgaria,3,0,25,25,27,-,-,16,19,25,-,-,1,19,18,1,0,-,18,3,5,26,1,7,6,14,0,1,23,24,3,0,11,14,8,4,16,13,0,12,25
2026,81,2026/7/8,7,3,Belgrade,Serbia,Serbia,Bulgaria,3,0,25,25,27,-,-,16,19,25,-,-,2,18,17,1,0,-,17,4,5,26,1,5,7,13,0,1,24,25,7,2,8,17,10,3,19,9,1,18,28
2026,81,2026/7/8,7,3,Belgrade,Serbia,Serbia,Bulgaria,3,0,25,25,27,-,-,16,19,25,-,-,3,20,16,2,2,-,16,9,16,41,2,7,10,19,2,3,21,26,4,1,17,22,15,0,22,18,0,24,42
2026,81,2026/7/8,7,3,Belgrade,Serbia,Bulgaria,Serbia,0,3,16,19,25,-,-,25,25,27,-,-,ALL,43,35,5,3,-,35,13,44,92,5,18,12,35,3,9,50,62,15,2,53,70,18,17,46,16,0,73,89
2026,81,2026/7/8,7,3,Belgrade,Serbia,Bulgaria,Serbia,0,3,16,19,25,-,-,25,25,27,-,-,1,12,12,0,0,-,12,3,9,24,0,6,4,10,0,3,14,17,5,0,18,23,1,5,9,5,0,19,24
2026,81,2026/7/8,7,3,Belgrade,Serbia,Bulgaria,Serbia,0,3,16,19,25,-,-,25,25,27,-,-,2,14,11,1,2,-,11,5,17,33,1,6,3,10,2,2,15,19,5,0,19,24,6,5,14,8,0,24,32
2026,81,2026/7/8,7,3,Belgrade,Serbia,Bulgaria,Serbia,0,3,16,19,25,-,-,25,25,27,-,-,3,17,12,4,1,-,12,5,18,35,4,6,5,15,1,4,21,26,5,2,16,23,11,7,23,3,0,30,33
2026,82,2026/7/9,9,3,Osaka,Japan,USA,Poland,2,3,25,20,23,25,12,20,25,25,18,15,ALL,83,63,16,4,-,63,16,85,164,16,29,35,80,4,8,94,106,14,3,80,97,64,25,110,39,1,122,162
2026,82,2026/7/9,9,3,Osaka,Japan,USA,Poland,2,3,25,20,23,25,12,20,25,25,18,15,1,20,18,2,0,-,18,4,12,34,2,6,11,19,0,1,23,24,3,0,16,19,14,7,25,13,0,23,36
2026,82,2026/7/9,9,3,Osaka,Japan,USA,Poland,2,3,25,20,23,25,12,20,25,25,18,15,2,15,10,3,2,-,10,5,21,36,3,3,7,13,2,3,16,21,2,1,21,24,12,8,25,9,1,26,36
2026,82,2026/7/9,9,3,Osaka,Japan,USA,Poland,2,3,25,20,23,25,12,20,25,25,18,15,3,19,16,2,1,-,16,2,22,40,2,9,7,18,1,1,21,23,4,1,19,24,14,5,22,6,0,31,37
2026,82,2026/7/9,9,3,Osaka,Japan,USA,Poland,2,3,25,20,23,25,12,20,25,25,18,15,4,19,12,6,1,-,12,4,17,33,6,4,7,17,1,2,23,26,3,0,12,15,17,3,21,8,0,22,30
2026,82,2026/7/9,9,3,Osaka,Japan,USA,Poland,2,3,25,20,23,25,12,20,25,25,18,15,5,10,7,3,0,-,7,1,13,21,3,7,3,13,0,1,11,12,2,1,12,15,7,2,17,3,0,20,23
2026,82,2026/7/9,9,3,Osaka,Japan,Poland,USA,3,2,20,25,25,18,15,25,20,23,25,12,ALL,86,75,8,3,-,75,31,74,180,8,27,40,75,3,6,94,103,22,4,72,98,75,16,115,20,1,162,183
2026,82,2026/7/9,9,3,Osaka,Japan,Poland,USA,3,2,20,25,25,18,15,25,20,23,25,12,1,18,15,3,0,-,15,5,18,38,3,8,6,17,0,2,19,21,3,0,20,23,12,5,23,6,0,34,40
2026,82,2026/7/9,9,3,Osaka,Japan,Poland,USA,3,2,20,25,25,18,15,25,20,23,25,12,2,19,15,3,1,-,15,8,13,36,3,3,10,16,1,0,23,24,3,2,13,18,18,2,26,6,0,29,35
2026,82,2026/7/9,9,3,Osaka,Japan,Poland,USA,3,2,20,25,25,18,15,25,20,23,25,12,3,23,21,1,1,-,21,4,16,41,1,8,10,19,1,1,23,25,6,1,15,22,16,6,28,1,1,39,41
2026,82,2026/7/9,9,3,Osaka,Japan,Poland,USA,3,2,20,25,25,18,15,25,20,23,25,12,4,13,12,1,0,-,12,9,17,38,1,5,5,11,0,3,15,18,6,1,17,24,14,2,19,4,0,34,38
2026,82,2026/7/9,9,3,Osaka,Japan,Poland,USA,3,2,20,25,25,18,15,25,20,23,25,12,5,13,12,0,1,-,12,5,10,27,0,3,9,12,1,0,14,15,4,0,7,11,15,1,19,3,0,26,29
2026,83,2026/7/9,8,3,Hong Kong,China,Belgium,Canada,1,3,25,21,17,25,-,10,25,25,27,-,ALL,63,51,8,4,-,51,19,64,134,8,17,20,45,4,5,80,89,16,5,51,72,49,16,88,15,1,113,129
2026,83,2026/7/9,8,3,Hong Kong,China,Belgium,Canada,1,3,25,21,17,25,-,10,25,25,27,-,1,21,16,4,1,-,16,1,6,23,4,1,4,9,1,3,20,24,2,0,7,9,11,2,15,4,0,17,21
2026,83,2026/7/9,8,3,Hong Kong,China,Belgium,Canada,1,3,25,21,17,25,-,10,25,25,27,-,2,16,11,4,1,-,11,8,16,35,4,6,5,15,1,0,21,22,6,1,15,22,8,4,20,6,0,28,34
2026,83,2026/7/9,8,3,Hong Kong,China,Belgium,Canada,1,3,25,21,17,25,-,10,25,25,27,-,3,13,13,0,0,-,13,6,25,44,0,8,8,16,0,0,17,17,4,3,16,23,19,2,29,2,0,41,43
2026,83,2026/7/9,8,3,Hong Kong,China,Belgium,Canada,1,3,25,21,17,25,-,10,25,25,27,-,4,13,11,0,2,-,11,4,17,32,0,2,3,5,2,2,22,26,4,1,13,18,11,8,24,3,1,27,31
2026,83,2026/7/9,8,3,Hong Kong,China,Canada,Belgium,3,1,10,25,25,27,-,25,21,17,25,-,ALL,74,57,12,5,-,57,19,51,127,12,17,31,60,5,14,67,86,8,4,72,84,49,18,82,25,0,102,127
2026,83,2026/7/9,8,3,Hong Kong,China,Canada,Belgium,3,1,10,25,25,27,-,25,21,17,25,-,1,7,6,1,0,-,6,6,8,20,1,5,4,10,0,2,9,11,1,1,19,21,4,7,13,3,0,20,23
2026,83,2026/7/9,8,3,Hong Kong,China,Canada,Belgium,3,1,10,25,25,27,-,25,21,17,25,-,2,22,16,5,1,-,16,7,12,35,5,7,8,20,1,2,21,24,3,1,18,22,10,1,18,8,0,26,34
2026,83,2026/7/9,8,3,Hong Kong,China,Canada,Belgium,3,1,10,25,25,27,-,25,21,17,25,-,3,24,16,5,3,-,16,2,19,37,5,2,9,16,3,2,20,25,1,0,16,17,21,6,31,4,0,31,35
2026,83,2026/7/9,8,3,Hong Kong,China,Canada,Belgium,3,1,10,25,25,27,-,25,21,17,25,-,4,21,19,1,1,-,19,4,12,35,1,3,10,14,1,8,17,26,3,2,19,24,14,4,20,10,0,25,35
2026,84,2026/7/9,9,3,Osaka,Japan,Japan,Thailand,3,1,25,25,22,25,-,15,21,25,22,-,ALL,77,66,10,1,-,66,15,106,187,10,20,40,70,1,9,86,96,18,1,56,75,84,15,133,47,0,136,183
2026,84,2026/7/9,9,3,Osaka,Japan,Japan,Thailand,3,1,25,25,22,25,-,15,21,25,22,-,1,18,16,1,1,-,16,3,20,39,1,2,10,13,1,2,21,24,4,0,9,13,21,2,29,9,0,28,37
2026,84,2026/7/9,9,3,Osaka,Japan,Japan,Thailand,3,1,25,25,22,25,-,15,21,25,22,-,2,20,17,3,0,-,17,3,35,55,3,10,13,26,0,2,23,25,5,0,15,20,26,3,37,18,0,34,52
2026,84,2026/7/9,9,3,Osaka,Japan,Japan,Thailand,3,1,25,25,22,25,-,15,21,25,22,-,3,18,17,1,0,-,17,3,25,45,1,5,7,13,0,1,21,22,6,0,16,22,17,8,37,10,0,38,48
2026,84,2026/7/9,9,3,Osaka,Japan,Japan,Thailand,3,1,25,25,22,25,-,15,21,25,22,-,4,21,16,5,0,-,16,6,26,48,5,3,10,18,0,4,21,25,3,1,16,20,20,2,30,10,0,36,46
2026,84,2026/7/9,9,3,Osaka,Japan,Thailand,Japan,1,3,15,21,25,22,-,25,25,22,25,-,ALL,63,57,5,1,-,57,20,91,168,5,18,39,62,1,9,74,84,14,1,72,87,77,13,122,48,1,126,175
2026,84,2026/7/9,9,3,Osaka,Japan,Thailand,Japan,1,3,15,21,25,22,-,25,25,22,25,-,1,11,10,1,0,-,10,4,24,38,1,6,8,15,0,3,13,16,2,1,19,22,18,3,25,11,1,28,40
2026,84,2026/7/9,9,3,Osaka,Japan,Thailand,Japan,1,3,15,21,25,22,-,25,25,22,25,-,2,16,15,1,0,-,15,7,27,49,1,2,6,9,0,1,20,21,4,0,19,23,29,5,42,9,0,44,53
2026,84,2026/7/9,9,3,Osaka,Japan,Thailand,Japan,1,3,15,21,25,22,-,25,25,22,25,-,3,22,21,1,0,-,21,2,19,42,1,4,10,15,0,3,22,25,2,0,19,21,16,1,26,18,0,25,43
2026,84,2026/7/9,9,3,Osaka,Japan,Thailand,Japan,1,3,15,21,25,22,-,25,25,22,25,-,4,14,11,2,1,-,11,7,21,39,2,6,15,23,1,2,19,22,6,0,15,21,14,4,29,10,0,29,39
2026,85,2026/7/9,8,3,Hong Kong,China,China,Ukraine,3,0,25,25,25,-,-,18,22,20,-,-,ALL,64,48,16,0,-,48,12,48,108,16,13,14,43,0,3,70,73,19,3,34,56,44,11,72,25,0,78,103
2026,85,2026/7/9,8,3,Hong Kong,China,China,Ukraine,3,0,25,25,25,-,-,18,22,20,-,-,1,22,17,5,0,-,17,3,18,38,5,5,7,17,0,1,23,24,8,0,10,18,14,2,22,8,0,27,35
2026,85,2026/7/9,8,3,Hong Kong,China,China,Ukraine,3,0,25,25,25,-,-,18,22,20,-,-,2,22,14,8,0,-,14,3,16,33,8,6,3,17,0,1,24,25,6,3,12,21,13,3,22,7,0,26,33
2026,85,2026/7/9,8,3,Hong Kong,China,China,Ukraine,3,0,25,25,25,-,-,18,22,20,-,-,3,20,17,3,0,-,17,6,14,37,3,2,4,9,0,1,23,24,5,0,12,17,17,6,28,10,0,25,35
2026,85,2026/7/9,8,3,Hong Kong,China,Ukraine,China,0,3,18,22,20,-,-,25,25,25,-,-,ALL,50,42,5,3,-,42,20,49,111,5,10,15,30,3,6,53,62,19,0,51,70,38,10,62,27,1,82,110
2026,85,2026/7/9,8,3,Hong Kong,China,Ukraine,China,0,3,18,22,20,-,-,25,25,25,-,-,1,15,14,1,0,-,14,6,17,37,1,3,8,12,0,1,18,19,5,0,18,23,11,3,24,9,1,27,37
2026,85,2026/7/9,8,3,Hong Kong,China,Ukraine,China,0,3,18,22,20,-,-,25,25,25,-,-,2,18,15,0,3,-,15,10,14,39,0,5,2,7,3,1,18,22,10,0,14,24,15,2,21,8,0,30,38
2026,85,2026/7/9,8,3,Hong Kong,China,Ukraine,China,0,3,18,22,20,-,-,25,25,25,-,-,3,17,13,4,0,-,13,4,18,35,4,2,5,11,0,4,17,21,4,0,19,23,12,5,17,10,0,25,35
2026,86,2026/7/9,7,3,Belgrade,Serbia,Czechia,Netherlands,0,3,21,21,18,-,-,25,25,25,-,-,ALL,49,35,12,2,-,35,18,43,96,12,13,24,49,2,5,54,61,16,5,50,71,32,12,52,11,1,84,96
2026,86,2026/7/9,7,3,Belgrade,Serbia,Czechia,Netherlands,0,3,21,21,18,-,-,25,25,25,-,-,1,18,13,4,1,-,13,4,16,33,4,2,8,14,1,2,18,21,6,4,14,24,14,5,21,4,0,29,33
2026,86,2026/7/9,7,3,Belgrade,Serbia,Czechia,Netherlands,0,3,21,21,18,-,-,25,25,25,-,-,2,17,13,4,0,-,13,7,9,29,4,7,6,17,0,0,22,22,6,1,17,24,7,5,16,2,0,28,30
2026,86,2026/7/9,7,3,Belgrade,Serbia,Czechia,Netherlands,0,3,21,21,18,-,-,25,25,25,-,-,3,14,9,4,1,-,9,7,18,34,4,4,10,18,1,3,14,18,4,0,19,23,11,2,15,5,1,27,33
2026,86,2026/7/9,7,3,Belgrade,Serbia,Netherlands,Czechia,3,0,25,25,25,-,-,21,21,18,-,-,ALL,60,46,9,5,-,46,20,49,115,9,14,15,38,5,3,66,74,14,2,40,56,43,11,78,24,0,90,114
2026,86,2026/7/9,7,3,Belgrade,Serbia,Netherlands,Czechia,3,0,25,25,25,-,-,21,21,18,-,-,1,20,15,1,4,-,15,6,17,38,1,5,8,14,4,1,20,25,3,1,15,19,16,2,27,7,0,32,39
2026,86,2026/7/9,7,3,Belgrade,Serbia,Netherlands,Czechia,3,0,25,25,25,-,-,21,21,18,-,-,2,22,17,4,1,-,17,8,14,39,4,6,2,12,1,0,23,24,7,0,15,22,11,4,21,12,0,26,38
2026,86,2026/7/9,7,3,Belgrade,Serbia,Netherlands,Czechia,3,0,25,25,25,-,-,21,21,18,-,-,3,18,14,4,0,-,14,6,18,38,4,3,5,12,0,2,23,25,4,1,10,15,16,5,30,5,0,32,37
2026,87,2026/7/9,7,3,Belgrade,Serbia,Serbia,France,2,3,25,25,22,23,13,20,22,25,25,15,ALL,72,53,14,5,-,53,27,85,165,14,32,35,81,5,13,91,109,30,6,59,95,57,15,97,41,1,123,165
2026,87,2026/7/9,7,3,Belgrade,Serbia,Serbia,France,2,3,25,25,22,23,13,20,22,25,25,15,1,16,10,5,1,-,10,1,11,22,5,7,2,14,1,2,22,25,6,2,9,17,6,5,14,10,1,12,23
2026,87,2026/7/9,7,3,Belgrade,Serbia,Serbia,France,2,3,25,25,22,23,13,20,22,25,25,15,2,18,14,3,1,-,14,5,19,38,3,7,8,18,1,4,19,24,7,2,13,22,14,4,24,8,0,30,38
2026,87,2026/7/9,7,3,Belgrade,Serbia,Serbia,France,2,3,25,25,22,23,13,20,22,25,25,15,3,14,11,2,1,-,11,10,17,38,2,6,10,18,1,3,19,23,7,1,13,21,14,1,17,11,0,25,36
2026,87,2026/7/9,7,3,Belgrade,Serbia,Serbia,France,2,3,25,25,22,23,13,20,22,25,25,15,4,16,12,3,1,-,12,7,25,44,3,8,10,21,1,1,21,23,7,0,15,22,15,5,31,6,0,39,45
2026,87,2026/7/9,7,3,Belgrade,Serbia,Serbia,France,2,3,25,25,22,23,13,20,22,25,25,15,5,8,6,1,1,-,6,4,13,23,1,4,5,10,1,3,10,14,3,1,9,13,8,0,11,6,0,17,23
2026,87,2026/7/9,7,3,Belgrade,Serbia,France,Serbia,3,2,20,22,25,25,15,25,25,22,23,13,ALL,79,59,14,6,-,59,35,68,162,14,22,40,76,6,11,89,106,20,5,71,96,57,10,99,26,3,140,169
2026,87,2026/7/9,7,3,Belgrade,Serbia,France,Serbia,3,2,20,22,25,25,15,25,25,22,23,13,1,14,12,0,2,-,12,10,9,31,0,6,3,9,2,3,15,20,8,1,14,23,9,1,12,6,1,25,32
2026,87,2026/7/9,7,3,Belgrade,Serbia,France,Serbia,3,2,20,22,25,25,15,25,25,22,23,13,2,18,12,4,2,-,12,9,17,38,4,7,11,22,2,1,20,23,4,1,15,20,14,2,22,6,0,33,39
2026,87,2026/7/9,7,3,Belgrade,Serbia,France,Serbia,3,2,20,22,25,25,15,25,25,22,23,13,3,16,11,4,1,-,11,6,12,29,4,6,6,16,1,3,20,24,4,1,15,20,10,1,19,3,1,28,32
2026,87,2026/7/9,7,3,Belgrade,Serbia,France,Serbia,3,2,20,22,25,25,15,25,25,22,23,13,4,19,17,2,0,-,17,6,19,42,2,2,13,17,0,3,22,25,3,1,18,22,17,5,30,5,0,37,42
2026,87,2026/7/9,7,3,Belgrade,Serbia,France,Serbia,3,2,20,22,25,25,15,25,25,22,23,13,5,12,7,4,1,-,7,4,11,22,4,1,7,12,1,1,12,14,1,1,9,11,7,1,16,6,1,17,24
2026,88,2026/7/10,9,3,Osaka,Japan,USA,Türkiye,3,2,22,25,27,25,15,25,23,29,21,8,ALL,81,60,14,7,-,60,13,66,139,14,39,23,76,7,9,97,113,13,8,70,91,49,31,100,24,2,116,142
2026,88,2026/7/10,9,3,Osaka,Japan,USA,Türkiye,3,2,22,25,27,25,15,25,23,29,21,8,1,15,10,4,1,-,10,1,19,30,4,11,6,21,1,1,20,22,5,6,9,20,12,5,24,3,1,28,32
2026,88,2026/7/10,9,3,Osaka,Japan,USA,Türkiye,3,2,22,25,27,25,15,25,23,29,21,8,2,19,16,1,2,-,16,4,12,32,1,9,6,16,2,2,21,25,3,1,17,21,14,5,21,5,1,27,33
2026,88,2026/7/10,9,3,Osaka,Japan,USA,Türkiye,3,2,22,25,27,25,15,25,23,29,21,8,3,18,14,4,0,-,14,5,23,42,4,9,5,18,0,5,22,27,1,0,26,27,11,9,25,7,0,35,42
2026,88,2026/7/10,9,3,Osaka,Japan,USA,Türkiye,3,2,22,25,27,25,15,25,23,29,21,8,4,18,12,3,3,-,12,2,9,23,3,7,5,15,3,1,21,25,2,1,12,15,8,9,20,4,0,18,22
2026,88,2026/7/10,9,3,Osaka,Japan,USA,Türkiye,3,2,22,25,27,25,15,25,23,29,21,8,5,11,8,2,1,-,8,1,3,12,2,3,1,6,1,0,13,14,2,0,6,8,4,3,10,5,0,8,13
2026,88,2026/7/10,9,3,Osaka,Japan,Türkiye,USA,2,3,25,23,29,21,8,22,25,27,25,15,ALL,88,74,6,8,-,74,28,58,160,6,29,30,65,8,16,83,107,18,7,79,104,61,27,102,21,2,142,165
2026,88,2026/7/10,9,3,Osaka,Japan,Türkiye,USA,2,3,25,23,29,21,8,22,25,27,25,15,1,22,16,0,6,-,16,6,16,38,0,3,12,15,6,5,14,25,3,1,17,21,19,6,28,4,0,36,40
2026,88,2026/7/10,9,3,Osaka,Japan,Türkiye,USA,2,3,25,23,29,21,8,22,25,27,25,15,2,18,15,2,1,-,15,5,15,35,2,8,3,13,1,2,20,23,2,2,19,23,12,6,21,3,0,32,35
2026,88,2026/7/10,9,3,Osaka,Japan,Türkiye,USA,2,3,25,23,29,21,8,22,25,27,25,15,3,21,19,2,0,-,19,9,9,37,2,8,10,20,0,2,27,29,4,0,18,22,15,6,27,5,1,34,40
2026,88,2026/7/10,9,3,Osaka,Japan,Türkiye,USA,2,3,25,23,29,21,8,22,25,27,25,15,4,20,17,2,1,-,17,3,12,32,2,8,3,13,1,6,14,21,5,3,16,24,10,4,16,6,1,25,32
2026,88,2026/7/10,9,3,Osaka,Japan,Türkiye,USA,2,3,25,23,29,21,8,22,25,27,25,15,5,7,7,0,0,-,7,5,6,18,0,2,2,4,0,1,8,9,4,1,9,14,5,5,10,3,0,15,18
2026,89,2026/7/10,8,3,Hong Kong,China,Ukraine,Dominican Republic,2,3,17,16,25,25,13,25,25,22,19,15,ALL,75,62,8,5,-,62,26,69,157,8,19,25,52,5,10,82,97,37,4,53,94,62,29,112,70,2,87,159
2026,89,2026/7/10,8,3,Hong Kong,China,Ukraine,Dominican Republic,2,3,17,16,25,25,13,25,25,22,19,15,1,13,12,0,1,-,12,5,7,24,0,3,2,5,1,1,16,18,9,2,10,21,7,8,21,14,2,11,27
2026,89,2026/7/10,8,3,Hong Kong,China,Ukraine,Dominican Republic,2,3,17,16,25,25,13,25,25,22,19,15,2,12,12,0,0,-,12,7,13,32,0,4,4,8,0,4,12,16,10,2,10,22,9,3,17,17,0,14,31
2026,89,2026/7/10,8,3,Hong Kong,China,Ukraine,Dominican Republic,2,3,17,16,25,25,13,25,25,22,19,15,3,20,17,2,1,-,17,6,18,41,2,6,3,11,1,3,21,25,5,0,16,21,19,6,29,14,0,28,42
2026,89,2026/7/10,8,3,Hong Kong,China,Ukraine,Dominican Republic,2,3,17,16,25,25,13,25,25,22,19,15,4,22,14,6,2,-,14,5,13,32,6,4,10,20,2,2,20,24,8,0,10,18,11,4,21,16,0,16,32
2026,89,2026/7/10,8,3,Hong Kong,China,Ukraine,Dominican Republic,2,3,17,16,25,25,13,25,25,22,19,15,5,8,7,0,1,-,7,3,18,28,0,2,6,8,1,0,13,14,5,0,7,12,16,8,24,9,0,18,27
2026,89,2026/7/10,8,3,Hong Kong,China,Dominican Republic,Ukraine,3,2,25,25,22,19,15,17,16,25,25,13,ALL,83,63,16,4,-,63,16,71,150,16,22,27,65,4,11,90,105,8,5,74,87,62,30,118,26,1,129,156
2026,89,2026/7/10,8,3,Hong Kong,China,Dominican Republic,Ukraine,3,2,25,25,22,19,15,17,16,25,25,13,1,19,15,2,2,-,15,0,13,28,2,2,1,5,2,3,19,24,1,1,15,17,11,8,20,6,0,22,28
2026,89,2026/7/10,8,3,Hong Kong,China,Dominican Republic,Ukraine,3,2,25,25,22,19,15,17,16,25,25,13,2,18,12,4,2,-,12,1,10,23,4,6,6,16,2,3,20,25,2,0,10,12,11,5,19,2,0,20,22
2026,89,2026/7/10,8,3,Hong Kong,China,Dominican Republic,Ukraine,3,2,25,25,22,19,15,17,16,25,25,13,3,16,13,3,0,-,13,6,15,34,3,6,9,18,0,1,21,22,2,1,19,22,15,8,30,6,0,34,40
2026,89,2026/7/10,8,3,Hong Kong,China,Dominican Republic,Ukraine,3,2,25,25,22,19,15,17,16,25,25,13,4,15,11,4,0,-,11,6,19,36,4,4,7,15,0,2,18,20,2,2,18,22,11,6,26,5,1,31,37
2026,89,2026/7/10,8,3,Hong Kong,China,Dominican Republic,Ukraine,3,2,25,25,22,19,15,17,16,25,25,13,5,15,12,3,0,-,12,3,14,29,3,4,4,11,0,2,12,14,1,1,12,14,14,3,23,7,0,22,29
2026,90,2026/7/10,9,3,Osaka,Japan,Poland,Brazil,1,3,20,25,23,26,-,25,23,25,28,-,ALL,77,65,7,5,-,65,22,68,155,7,25,25,57,5,6,85,96,11,6,76,93,58,21,112,47,1,111,159
2026,90,2026/7/10,9,3,Osaka,Japan,Poland,Brazil,1,3,20,25,23,26,-,25,23,25,28,-,1,14,11,1,2,-,11,5,19,35,1,7,6,14,2,2,16,20,3,2,17,22,13,6,26,10,0,26,36
2026,90,2026/7/10,9,3,Osaka,Japan,Poland,Brazil,1,3,20,25,23,26,-,25,23,25,28,-,2,23,17,4,2,-,17,6,19,42,4,8,5,17,2,0,24,26,3,0,19,22,16,5,32,16,0,27,43
2026,90,2026/7/10,9,3,Osaka,Japan,Poland,Brazil,1,3,20,25,23,26,-,25,23,25,28,-,3,18,17,0,1,-,17,4,14,35,0,4,6,10,1,2,20,23,0,4,19,23,15,7,28,12,0,24,36
2026,90,2026/7/10,9,3,Osaka,Japan,Poland,Brazil,1,3,20,25,23,26,-,25,23,25,28,-,4,22,20,2,0,-,20,7,16,43,2,6,8,16,0,2,25,27,5,0,21,26,14,3,26,9,1,34,44
2026,90,2026/7/10,9,3,Osaka,Japan,Brazil,Poland,3,1,25,23,25,28,-,20,25,23,26,-,ALL,83,65,12,6,-,65,15,75,155,12,32,31,75,6,7,87,100,15,5,70,90,56,15,88,49,0,101,150
2026,90,2026/7/10,9,3,Osaka,Japan,Brazil,Poland,3,1,25,23,25,28,-,20,25,23,26,-,1,21,16,3,2,-,16,3,17,36,3,9,9,21,2,3,20,25,5,2,11,18,16,2,22,9,0,27,36
2026,90,2026/7/10,9,3,Osaka,Japan,Brazil,Poland,3,1,25,23,25,28,-,20,25,23,26,-,2,19,17,2,0,-,17,5,22,44,2,10,5,17,0,1,22,23,5,2,19,26,13,2,23,11,0,29,40
2026,90,2026/7/10,9,3,Osaka,Japan,Brazil,Poland,3,1,25,23,25,28,-,20,25,23,26,-,3,22,15,3,4,-,15,3,16,34,3,7,8,18,4,2,19,25,2,1,18,21,12,7,22,15,0,19,34
2026,90,2026/7/10,9,3,Osaka,Japan,Brazil,Poland,3,1,25,23,25,28,-,20,25,23,26,-,4,21,17,4,0,-,17,4,20,41,4,6,9,19,0,1,26,27,3,0,22,25,15,4,21,14,0,26,40
2026,91,2026/7/10,8,3,Hong Kong,China,Belgium,Italy,0,3,20,16,19,-,-,25,25,25,-,-,ALL,42,36,4,2,-,36,16,54,106,4,7,10,21,2,6,48,56,16,7,47,70,41,24,77,0,0,107,107
2026,91,2026/7/10,8,3,Hong Kong,China,Belgium,Italy,0,3,20,16,19,-,-,25,25,25,-,-,1,15,14,0,1,-,14,3,22,39,0,0,6,6,1,3,16,20,4,3,18,25,17,13,33,0,0,39,39
2026,91,2026/7/10,8,3,Hong Kong,China,Belgium,Italy,0,3,20,16,19,-,-,25,25,25,-,-,2,11,10,1,0,-,10,5,14,29,1,5,1,7,0,1,16,17,1,4,16,21,10,4,18,0,0,30,30
2026,91,2026/7/10,8,3,Hong Kong,China,Belgium,Italy,0,3,20,16,19,-,-,25,25,25,-,-,3,16,12,3,1,-,12,8,18,38,3,2,3,8,1,2,16,19,11,0,13,24,14,7,26,0,0,38,38
2026,91,2026/7/10,8,3,Hong Kong,China,Italy,Belgium,3,0,25,25,25,-,-,20,16,19,-,-,ALL,64,45,12,7,-,45,13,42,100,12,16,11,39,7,4,63,74,18,2,30,50,48,10,67,0,0,99,99
2026,91,2026/7/10,8,3,Hong Kong,China,Italy,Belgium,3,0,25,25,25,-,-,20,16,19,-,-,1,21,15,3,3,-,15,5,17,37,3,4,6,13,3,0,22,25,8,1,8,17,21,6,30,0,0,38,38
2026,91,2026/7/10,8,3,Hong Kong,China,Italy,Belgium,3,0,25,25,25,-,-,20,16,19,-,-,2,22,15,3,4,-,15,3,12,30,3,7,3,13,4,3,17,24,5,0,11,16,15,2,18,0,0,31,31
2026,91,2026/7/10,8,3,Hong Kong,China,Italy,Belgium,3,0,25,25,25,-,-,20,16,19,-,-,3,21,15,6,0,-,15,5,13,33,6,5,2,13,0,1,24,25,5,1,11,17,12,2,19,0,0,30,30
2026,92,2026/7/10,7,3,Belgrade,Serbia,Bulgaria,Czechia,1,3,25,12,19,14,-,16,25,25,25,-,ALL,48,40,7,1,-,40,20,69,129,7,18,14,39,1,5,65,71,19,3,57,79,53,25,93,26,0,102,128
2026,92,2026/7/10,7,3,Belgrade,Serbia,Bulgaria,Czechia,1,3,25,12,19,14,-,16,25,25,25,-,1,20,14,5,1,-,14,2,15,31,5,4,4,13,1,3,21,25,3,1,10,14,16,3,26,8,0,22,30
2026,92,2026/7/10,7,3,Belgrade,Serbia,Bulgaria,Czechia,1,3,25,12,19,14,-,16,25,25,25,-,2,7,6,1,0,-,6,6,13,25,1,3,5,9,0,0,12,12,8,0,12,20,8,10,21,5,0,22,27
2026,92,2026/7/10,7,3,Belgrade,Serbia,Bulgaria,Czechia,1,3,25,12,19,14,-,16,25,25,25,-,3,11,11,0,0,-,11,6,21,38,0,5,4,9,0,1,19,20,5,1,15,21,18,7,26,6,0,31,37
2026,92,2026/7/10,7,3,Belgrade,Serbia,Bulgaria,Czechia,1,3,25,12,19,14,-,16,25,25,25,-,4,10,9,1,0,-,9,6,20,35,1,6,1,8,0,1,13,14,3,1,20,24,11,5,20,7,0,27,34
2026,92,2026/7/10,7,3,Belgrade,Serbia,Czechia,Bulgaria,3,1,16,25,25,25,-,25,12,19,14,-,ALL,75,60,12,3,-,60,14,50,124,12,14,30,56,3,11,77,91,8,1,57,66,59,15,96,40,1,82,123
2026,92,2026/7/10,7,3,Belgrade,Serbia,Czechia,Bulgaria,3,1,16,25,25,25,-,25,12,19,14,-,1,12,10,1,1,-,10,6,17,33,1,6,7,14,1,3,13,17,3,1,18,22,14,4,21,9,0,24,33
2026,92,2026/7/10,7,3,Belgrade,Serbia,Czechia,Bulgaria,3,1,16,25,25,25,-,25,12,19,14,-,2,22,18,4,0,-,18,1,10,29,4,0,11,15,0,5,20,25,2,0,10,12,13,4,22,10,0,18,28
2026,92,2026/7/10,7,3,Belgrade,Serbia,Czechia,Bulgaria,3,1,16,25,25,25,-,25,12,19,14,-,3,20,17,2,1,-,17,4,12,33,2,2,7,11,1,3,20,24,2,0,17,19,16,5,31,9,1,25,35
2026,92,2026/7/10,7,3,Belgrade,Serbia,Czechia,Bulgaria,3,1,16,25,25,25,-,25,12,19,14,-,4,21,15,5,1,-,15,3,11,29,5,6,5,16,1,0,24,25,1,0,12,13,16,2,22,12,0,15,27
2026,93,2026/7/10,7,3,Belgrade,Serbia,Germany,Netherlands,0,3,23,23,23,-,-,25,25,25,-,-,ALL,53,49,1,3,-,49,16,52,117,1,17,18,36,3,11,57,71,13,3,49,65,39,13,82,29,1,88,118
2026,93,2026/7/10,7,3,Belgrade,Serbia,Germany,Netherlands,0,3,23,23,23,-,-,25,25,25,-,-,1,19,17,0,2,-,17,7,16,40,0,5,5,10,2,4,18,24,3,0,18,21,15,4,27,10,0,31,41
2026,93,2026/7/10,7,3,Belgrade,Serbia,Germany,Netherlands,0,3,23,23,23,-,-,25,25,25,-,-,2,17,15,1,1,-,15,3,14,32,1,5,5,11,1,5,17,23,6,2,14,22,9,4,22,12,1,20,33
2026,93,2026/7/10,7,3,Belgrade,Serbia,Germany,Netherlands,0,3,23,23,23,-,-,25,25,25,-,-,3,17,17,0,0,-,17,6,22,45,0,7,8,15,0,2,22,24,4,1,17,22,15,5,33,7,0,37,44
2026,93,2026/7/10,7,3,Belgrade,Serbia,Netherlands,Germany,3,0,25,25,25,-,-,23,23,23,-,-,ALL,53,44,6,3,-,44,8,57,109,6,18,23,47,3,8,62,73,18,3,39,60,40,14,79,39,1,70,110
2026,93,2026/7/10,7,3,Belgrade,Serbia,Netherlands,Germany,3,0,25,25,25,-,-,23,23,23,-,-,1,17,14,3,0,-,14,1,17,32,3,5,6,14,0,3,21,24,6,2,12,20,11,5,21,12,0,20,32
2026,93,2026/7/10,7,3,Belgrade,Serbia,Netherlands,Germany,3,0,25,25,25,-,-,23,23,23,-,-,2,17,14,1,2,-,14,3,15,32,1,5,4,10,2,3,20,25,6,1,11,18,12,4,24,13,1,19,33
2026,93,2026/7/10,7,3,Belgrade,Serbia,Netherlands,Germany,3,0,25,25,25,-,-,23,23,23,-,-,3,19,16,2,1,-,16,4,25,45,2,8,13,23,1,2,21,24,6,0,16,22,17,5,34,14,0,31,45
2026,94,2026/7/11,9,3,Osaka,Japan,Thailand,Brazil,3,0,25,25,25,-,-,15,16,17,-,-,ALL,60,45,6,9,-,45,9,46,100,6,13,25,44,9,5,61,75,8,1,37,46,50,7,66,25,0,71,96
2026,94,2026/7/11,9,3,Osaka,Japan,Thailand,Brazil,3,0,25,25,25,-,-,15,16,17,-,-,1,21,18,0,3,-,18,4,17,39,0,4,15,19,3,3,20,26,3,0,11,14,23,1,27,6,0,32,38
2026,94,2026/7/11,9,3,Osaka,Japan,Thailand,Brazil,3,0,25,25,25,-,-,15,16,17,-,-,2,21,15,4,2,-,15,2,8,25,4,5,3,12,2,1,21,24,2,1,13,16,11,2,14,11,0,14,25
2026,94,2026/7/11,9,3,Osaka,Japan,Thailand,Brazil,3,0,25,25,25,-,-,15,16,17,-,-,3,18,12,2,4,-,12,3,21,36,2,4,7,13,4,1,20,25,3,0,13,16,16,4,25,8,0,25,33
2026,94,2026/7/11,9,3,Osaka,Japan,Brazil,Thailand,0,3,15,16,17,-,-,25,25,25,-,-,ALL,38,33,4,1,-,33,16,56,105,4,14,29,47,1,4,45,50,15,9,46,70,43,18,74,19,0,87,106
2026,94,2026/7/11,9,3,Osaka,Japan,Brazil,Thailand,0,3,15,16,17,-,-,25,25,25,-,-,1,10,8,2,0,-,8,2,27,37,2,6,11,19,0,2,14,16,4,3,16,23,15,8,30,7,0,31,38
2026,94,2026/7/11,9,3,Osaka,Japan,Brazil,Thailand,0,3,15,16,17,-,-,25,25,25,-,-,2,14,12,1,1,-,12,7,8,27,1,4,6,11,1,1,15,17,7,2,14,23,8,5,15,7,0,21,28
2026,94,2026/7/11,9,3,Osaka,Japan,Brazil,Thailand,0,3,15,16,17,-,-,25,25,25,-,-,3,14,13,1,0,-,13,7,21,41,1,4,12,17,0,1,16,17,4,4,16,24,20,5,29,5,0,35,40
2026,95,2026/7/11,8,3,Hong Kong,China,Canada,Italy,2,3,25,29,23,23,5,22,27,25,25,15,ALL,85,71,8,6,-,71,27,61,159,8,33,34,75,6,13,87,106,15,6,81,102,51,19,94,40,1,113,154
2026,95,2026/7/11,8,3,Hong Kong,China,Canada,Italy,2,3,25,29,23,23,5,22,27,25,25,15,1,22,18,2,2,-,18,4,11,33,2,7,11,20,2,4,18,24,5,1,15,21,12,1,19,5,1,28,34
2026,95,2026/7/11,8,3,Hong Kong,China,Canada,Italy,2,3,25,29,23,23,5,22,27,25,25,15,2,24,19,3,2,-,19,5,7,31,3,7,5,15,2,3,24,29,4,1,18,23,7,8,19,10,0,18,28
2026,95,2026/7/11,8,3,Hong Kong,China,Canada,Italy,2,3,25,29,23,23,5,22,27,25,25,15,3,17,15,1,1,-,15,4,20,39,1,9,11,21,1,2,20,23,3,3,16,22,15,4,26,12,0,25,37
2026,95,2026/7/11,8,3,Hong Kong,China,Canada,Italy,2,3,25,29,23,23,5,22,27,25,25,15,4,20,17,2,1,-,17,8,14,39,2,5,7,14,1,4,19,24,1,1,21,23,14,5,25,9,0,30,39
2026,95,2026/7/11,8,3,Hong Kong,China,Canada,Italy,2,3,25,29,23,23,5,22,27,25,25,15,5,2,2,0,0,-,2,6,9,17,0,5,0,5,0,0,6,6,2,0,11,13,3,1,5,4,0,12,16
2026,95,2026/7/11,8,3,Hong Kong,China,Italy,Canada,3,2,22,27,25,25,15,25,29,23,23,5,ALL,86,66,14,6,-,66,15,70,151,14,21,23,58,6,11,96,113,24,6,63,93,57,18,99,20,1,132,153
2026,95,2026/7/11,8,3,Hong Kong,China,Italy,Canada,3,2,22,27,25,25,15,25,29,23,23,5,1,15,12,2,1,-,12,3,22,37,2,6,3,11,1,2,20,23,9,2,9,20,12,5,26,4,0,33,37
2026,95,2026/7/11,8,3,Hong Kong,China,Italy,Canada,3,2,22,27,25,25,15,25,29,23,23,5,2,21,18,2,1,-,18,4,9,31,2,4,5,11,1,4,22,27,5,2,19,26,5,6,14,5,0,25,30
2026,95,2026/7/11,8,3,Hong Kong,China,Italy,Canada,3,2,22,27,25,25,15,25,29,23,23,5,3,20,15,2,3,-,15,3,18,36,2,4,8,14,3,3,19,25,4,1,16,21,18,4,29,3,1,35,39
2026,95,2026/7/11,8,3,Hong Kong,China,Italy,Canada,3,2,22,27,25,25,15,25,29,23,23,5,4,18,12,5,1,-,12,3,18,33,5,6,5,16,1,1,22,24,4,1,15,20,14,3,21,7,0,26,33
2026,95,2026/7/11,8,3,Hong Kong,China,Italy,Canada,3,2,22,27,25,25,15,25,29,23,23,5,5,12,9,3,0,-,9,2,3,14,3,1,2,6,0,1,13,14,2,0,4,6,8,0,9,1,0,13,14
2026,96,2026/7/11,9,3,Osaka,Japan,Japan,Türkiye,1,3,22,25,22,22,-,25,22,25,25,-,ALL,65,59,3,3,-,59,28,49,136,3,16,19,38,3,7,82,92,37,2,40,79,36,15,84,57,0,76,133
2026,96,2026/7/11,9,3,Osaka,Japan,Japan,Türkiye,1,3,22,25,22,22,-,25,22,25,25,-,1,16,15,1,0,-,15,6,12,33,1,4,4,9,0,4,18,22,10,1,10,21,9,4,21,17,0,17,34
2026,96,2026/7/11,9,3,Osaka,Japan,Japan,Türkiye,1,3,22,25,22,22,-,25,22,25,25,-,2,16,14,1,1,-,14,7,14,35,1,3,6,10,1,2,22,25,7,0,9,16,12,5,26,12,0,22,34
2026,96,2026/7/11,9,3,Osaka,Japan,Japan,Türkiye,1,3,22,25,22,22,-,25,22,25,25,-,3,17,16,1,0,-,16,5,13,34,1,5,4,10,0,1,21,22,10,0,12,22,6,3,17,15,0,17,32
2026,96,2026/7/11,9,3,Osaka,Japan,Japan,Türkiye,1,3,22,25,22,22,-,25,22,25,25,-,4,16,14,0,2,-,14,10,10,34,0,4,5,9,2,0,21,23,10,1,9,20,9,3,20,13,0,20,33
2026,96,2026/7/11,9,3,Osaka,Japan,Türkiye,Japan,3,1,25,22,25,25,-,22,25,22,22,-,ALL,74,60,12,2,-,60,10,57,127,12,21,27,60,2,17,77,96,44,3,38,85,32,8,65,58,2,70,130
2026,96,2026/7/11,9,3,Osaka,Japan,Türkiye,Japan,3,1,25,22,25,25,-,22,25,22,22,-,1,18,14,3,1,-,14,3,16,33,3,6,5,14,1,4,20,25,8,0,10,18,10,2,19,15,0,19,34
2026,96,2026/7/11,9,3,Osaka,Japan,Türkiye,Japan,3,1,25,22,25,25,-,22,25,22,22,-,2,16,13,3,0,-,13,3,18,34,3,6,7,16,0,6,16,22,11,1,11,23,9,2,18,12,1,23,36
2026,96,2026/7/11,9,3,Osaka,Japan,Türkiye,Japan,3,1,25,22,25,25,-,22,25,22,22,-,3,21,19,2,0,-,19,3,11,33,2,4,8,14,0,3,22,25,13,0,8,21,8,1,13,19,0,12,31
2026,96,2026/7/11,9,3,Osaka,Japan,Türkiye,Japan,3,1,25,22,25,25,-,22,25,22,22,-,4,19,14,4,1,-,14,1,12,27,4,5,7,16,1,4,19,24,12,2,9,23,5,3,15,12,1,16,29
2026,97,2026/7/11,8,3,Hong Kong,China,China,Dominican Republic,1,3,22,25,23,24,-,25,21,25,26,-,ALL,76,61,12,3,-,61,26,73,160,12,17,23,52,3,4,88,95,35,4,48,87,69,20,109,36,1,127,164
2026,97,2026/7/11,8,3,Hong Kong,China,China,Dominican Republic,1,3,22,25,23,24,-,25,21,25,26,-,1,19,17,2,0,-,17,5,22,44,2,4,3,9,0,1,21,22,10,3,10,23,17,7,31,9,0,34,43
2026,97,2026/7/11,8,3,Hong Kong,China,China,Dominican Republic,1,3,22,25,23,24,-,25,21,25,26,-,2,18,15,2,1,-,15,8,16,39,2,6,9,17,1,0,24,25,4,1,12,17,19,2,26,6,0,33,39
2026,97,2026/7/11,8,3,Hong Kong,China,China,Dominican Republic,1,3,22,25,23,24,-,25,21,25,26,-,3,19,13,5,1,-,13,8,21,42,5,4,5,14,1,2,20,23,11,0,13,24,20,3,30,13,1,33,47
2026,97,2026/7/11,8,3,Hong Kong,China,China,Dominican Republic,1,3,22,25,23,24,-,25,21,25,26,-,4,20,16,3,1,-,16,5,14,35,3,3,6,12,1,1,23,25,10,0,13,23,13,8,22,8,0,27,35
2026,97,2026/7/11,8,3,Hong Kong,China,Dominican Republic,China,3,1,25,21,25,26,-,22,25,23,24,-,ALL,77,62,11,4,-,62,19,67,148,11,17,30,58,4,9,83,96,20,3,68,91,62,25,105,10,2,151,163
2026,97,2026/7/11,8,3,Hong Kong,China,Dominican Republic,China,3,1,25,21,25,26,-,22,25,23,24,-,1,23,16,4,3,-,16,3,13,32,4,2,10,16,3,2,20,25,4,0,17,21,14,6,25,1,0,36,37
2026,97,2026/7/11,8,3,Hong Kong,China,Dominican Republic,China,3,1,25,21,25,26,-,22,25,23,24,-,2,14,12,1,1,-,12,4,22,38,1,5,7,13,1,4,16,21,7,1,17,25,15,6,25,1,1,40,42
2026,97,2026/7/11,8,3,Hong Kong,China,Dominican Republic,China,3,1,25,21,25,26,-,22,25,23,24,-,3,17,14,3,0,-,14,7,18,39,3,5,9,17,0,1,24,25,4,1,16,21,20,4,30,3,1,42,46
2026,97,2026/7/11,8,3,Hong Kong,China,Dominican Republic,China,3,1,25,21,25,26,-,22,25,23,24,-,4,23,20,3,0,-,20,5,14,39,3,5,4,12,0,2,23,25,5,1,18,24,13,9,25,5,0,33,38
2026,98,2026/7/11,7,3,Belgrade,Serbia,Bulgaria,France,1,3,25,20,28,22,-,23,25,30,25,-,ALL,68,49,10,9,-,49,29,74,152,10,15,36,61,9,9,79,97,20,8,61,89,62,16,107,21,0,133,154
2026,98,2026/7/11,7,3,Belgrade,Serbia,Bulgaria,France,1,3,25,20,28,22,-,23,25,30,25,-,1,19,15,1,3,-,15,8,18,41,1,4,8,13,3,1,21,25,5,0,16,21,15,3,25,4,0,36,40
2026,98,2026/7/11,7,3,Belgrade,Serbia,Bulgaria,France,1,3,25,20,28,22,-,23,25,30,25,-,2,15,10,2,3,-,10,5,16,31,2,3,8,13,3,2,15,20,6,3,13,22,12,6,22,5,0,27,32
2026,98,2026/7/11,7,3,Belgrade,Serbia,Bulgaria,France,1,3,25,20,28,22,-,23,25,30,25,-,3,17,13,2,2,-,13,7,25,45,2,3,12,17,2,3,24,29,5,5,13,23,22,6,38,4,0,41,45
2026,98,2026/7/11,7,3,Belgrade,Serbia,Bulgaria,France,1,3,25,20,28,22,-,23,25,30,25,-,4,17,11,5,1,-,11,9,15,35,5,5,8,18,1,3,19,23,4,0,19,23,13,1,22,8,0,29,37
2026,98,2026/7/11,7,3,Belgrade,Serbia,France,Bulgaria,3,1,23,25,30,25,-,25,20,28,22,-,ALL,79,57,14,8,-,57,22,80,159,14,23,37,74,8,13,81,102,25,9,54,88,56,13,97,34,1,112,147
2026,98,2026/7/11,7,3,Belgrade,Serbia,France,Bulgaria,3,1,23,25,30,25,-,25,20,28,22,-,1,18,14,4,0,-,14,4,16,34,4,8,8,20,0,2,21,23,7,3,14,24,10,2,18,12,1,19,32
2026,98,2026/7/11,7,3,Belgrade,Serbia,France,Bulgaria,3,1,23,25,30,25,-,25,20,28,22,-,2,19,15,1,3,-,15,4,15,34,1,3,10,14,3,3,19,25,4,3,11,18,14,3,23,7,0,25,32
2026,98,2026/7/11,7,3,Belgrade,Serbia,France,Bulgaria,3,1,23,25,30,25,-,25,20,28,22,-,3,23,15,3,5,-,15,5,29,49,3,7,12,22,5,6,18,29,6,2,18,26,18,4,32,9,0,37,46
2026,98,2026/7/11,7,3,Belgrade,Serbia,France,Bulgaria,3,1,23,25,30,25,-,25,20,28,22,-,4,19,13,6,0,-,13,9,20,42,6,5,7,18,0,2,23,25,8,1,11,20,14,4,24,6,0,31,37
2026,99,2026/7/11,7,3,Belgrade,Serbia,Serbia,Germany,3,0,25,25,25,-,-,20,22,23,-,-,ALL,66,47,13,6,-,47,15,53,115,13,11,23,47,6,9,59,74,15,4,45,64,47,9,80,30,3,85,118
2026,99,2026/7/11,7,3,Belgrade,Serbia,Serbia,Germany,3,0,25,25,25,-,-,20,22,23,-,-,1,21,18,3,0,-,18,9,20,47,3,3,6,12,0,3,22,25,7,0,12,19,21,4,34,10,0,37,47
2026,99,2026/7/11,7,3,Belgrade,Serbia,Serbia,Germany,3,0,25,25,25,-,-,20,22,23,-,-,2,21,13,7,1,-,13,2,15,30,7,4,6,17,1,3,21,25,3,3,15,21,11,2,20,10,2,21,33
2026,99,2026/7/11,7,3,Belgrade,Serbia,Serbia,Germany,3,0,25,25,25,-,-,20,22,23,-,-,3,24,16,3,5,-,16,4,18,38,3,4,11,18,5,3,16,24,5,1,18,24,15,3,26,10,1,27,38
2026,99,2026/7/11,7,3,Belgrade,Serbia,Germany,Serbia,0,3,20,22,23,-,-,25,25,25,-,-,ALL,45,34,7,4,-,34,19,53,106,7,11,27,45,4,3,60,67,5,6,54,65,44,16,76,24,0,81,105
2026,99,2026/7/11,7,3,Belgrade,Serbia,Germany,Serbia,0,3,20,22,23,-,-,25,25,25,-,-,1,11,8,3,0,-,8,5,21,34,3,4,9,16,0,2,19,21,1,0,21,22,14,10,28,7,0,27,34
2026,99,2026/7/11,7,3,Belgrade,Serbia,Germany,Serbia,0,3,20,22,23,-,-,25,25,25,-,-,2,17,12,2,3,-,12,10,12,34,2,2,9,13,3,1,18,22,2,1,19,22,13,2,19,10,0,24,34
2026,99,2026/7/11,7,3,Belgrade,Serbia,Germany,Serbia,0,3,20,22,23,-,-,25,25,25,-,-,3,17,14,2,1,-,14,4,20,38,2,5,9,16,1,0,23,24,2,5,14,21,17,4,29,7,0,30,37
2026,100,2026/7/12,8,3,Hong Kong,China,Belgium,Ukraine,0,3,23,20,13,-,-,25,25,25,-,-,ALL,43,35,5,3,-,35,21,32,88,5,10,12,27,3,12,43,58,6,3,59,68,24,13,44,14,2,72,88
2026,100,2026/7/12,8,3,Hong Kong,China,Belgium,Ukraine,0,3,23,20,13,-,-,25,25,25,-,-,1,17,12,2,3,-,12,6,6,24,2,4,5,11,3,3,18,24,2,1,19,22,4,4,9,3,0,20,23
2026,100,2026/7/12,8,3,Hong Kong,China,Belgium,Ukraine,0,3,23,20,13,-,-,25,25,25,-,-,2,15,13,2,0,-,13,6,15,34,2,3,4,9,0,5,15,20,1,0,23,24,12,6,20,7,2,27,36
2026,100,2026/7/12,8,3,Hong Kong,China,Belgium,Ukraine,0,3,23,20,13,-,-,25,25,25,-,-,3,11,10,1,0,-,10,9,11,30,1,3,3,7,0,4,10,14,3,2,17,22,8,3,15,4,0,25,29
2026,100,2026/7/12,8,3,Hong Kong,China,Ukraine,Belgium,3,0,25,25,25,-,-,23,20,13,-,-,ALL,49,35,11,3,-,35,12,26,73,11,16,8,35,3,5,65,73,14,3,29,46,28,13,52,35,0,41,76
2026,100,2026/7/12,8,3,Hong Kong,China,Ukraine,Belgium,3,0,25,25,25,-,-,23,20,13,-,-,1,19,14,4,1,-,14,5,8,27,4,6,0,10,1,2,21,24,7,3,11,21,6,5,16,14,0,13,27
2026,100,2026/7/12,8,3,Hong Kong,China,Ukraine,Belgium,3,0,25,25,25,-,-,23,20,13,-,-,2,15,11,4,0,-,11,6,10,27,4,6,3,13,0,1,24,25,3,0,12,15,13,4,22,10,0,19,29
2026,100,2026/7/12,8,3,Hong Kong,China,Ukraine,Belgium,3,0,25,25,25,-,-,23,20,13,-,-,3,15,10,3,2,-,10,1,8,19,3,4,5,12,2,2,20,24,4,0,6,10,9,4,14,11,0,9,20
2026,101,2026/7/12,9,3,Osaka,Japan,USA,Brazil,3,0,26,25,25,-,-,24,22,16,-,-,ALL,61,46,13,2,-,46,13,47,106,13,21,15,49,2,2,70,74,12,3,42,57,40,21,77,28,1,76,105
2026,101,2026/7/12,9,3,Osaka,Japan,USA,Brazil,3,0,26,25,25,-,-,24,22,16,-,-,1,24,21,2,1,-,21,5,13,39,2,10,6,18,1,2,22,25,4,0,19,23,11,7,23,11,0,27,38
2026,101,2026/7/12,9,3,Osaka,Japan,USA,Brazil,3,0,26,25,25,-,-,24,22,16,-,-,2,17,13,4,0,-,13,6,17,36,4,8,6,18,0,0,25,25,3,1,15,19,14,6,24,9,1,26,36
2026,101,2026/7/12,9,3,Osaka,Japan,USA,Brazil,3,0,26,25,25,-,-,24,22,16,-,-,3,20,12,7,1,-,12,2,17,31,7,3,3,13,1,0,23,24,5,2,8,15,15,8,30,8,0,23,31
2026,101,2026/7/12,9,3,Osaka,Japan,Brazil,USA,0,3,24,22,16,-,-,26,25,25,-,-,ALL,54,42,9,3,-,42,21,43,106,9,17,21,47,3,7,54,64,16,2,54,72,34,24,77,20,0,90,110
2026,101,2026/7/12,9,3,Osaka,Japan,Brazil,USA,0,3,24,22,16,-,-,26,25,25,-,-,1,20,16,4,0,-,16,2,14,32,4,8,7,19,0,2,23,25,4,1,18,23,9,10,26,4,0,29,33
2026,101,2026/7/12,9,3,Osaka,Japan,Brazil,USA,0,3,24,22,16,-,-,26,25,25,-,-,2,19,14,4,1,-,14,9,15,38,4,5,7,16,1,3,18,22,8,0,17,25,13,7,27,7,0,33,40
2026,101,2026/7/12,9,3,Osaka,Japan,Brazil,USA,0,3,24,22,16,-,-,26,25,25,-,-,3,15,12,1,2,-,12,10,14,36,1,4,7,12,2,2,13,17,4,1,19,24,12,7,24,9,0,28,37
2026,102,2026/7/12,9,3,Osaka,Japan,Thailand,Türkiye,1,3,27,21,19,22,-,25,25,25,25,-,ALL,72,65,4,3,-,65,28,69,162,4,22,27,53,3,6,81,90,26,5,57,88,64,8,92,45,1,110,156
2026,102,2026/7/12,9,3,Osaka,Japan,Thailand,Türkiye,1,3,27,21,19,22,-,25,25,25,25,-,1,23,20,2,1,-,20,6,14,40,2,6,3,11,1,1,24,26,9,2,12,23,16,1,20,13,0,25,38
2026,102,2026/7/12,9,3,Osaka,Japan,Thailand,Türkiye,1,3,27,21,19,22,-,25,25,25,25,-,2,14,13,0,1,-,13,10,18,41,0,4,10,14,1,1,20,22,1,1,18,20,17,1,25,9,1,30,40
2026,102,2026/7/12,9,3,Osaka,Japan,Thailand,Türkiye,1,3,27,21,19,22,-,25,25,25,25,-,3,16,14,1,1,-,14,6,13,33,1,4,2,7,1,3,15,19,8,0,15,23,7,5,15,9,0,23,32
2026,102,2026/7/12,9,3,Osaka,Japan,Thailand,Türkiye,1,3,27,21,19,22,-,25,25,25,25,-,4,19,18,1,0,-,18,6,24,48,1,8,12,21,0,1,22,23,8,2,12,22,24,1,32,14,0,32,46
2026,102,2026/7/12,9,3,Osaka,Japan,Türkiye,Thailand,3,1,25,25,25,25,-,27,21,19,22,-,ALL,83,60,18,5,-,60,10,66,136,18,30,31,79,5,11,83,99,21,3,60,84,53,18,90,43,0,97,140
2026,102,2026/7/12,9,3,Osaka,Japan,Türkiye,Thailand,3,1,25,25,25,25,-,27,21,19,22,-,1,23,16,5,2,-,16,3,14,33,5,6,6,17,2,3,21,26,7,1,17,25,12,9,24,15,0,21,36
2026,102,2026/7/12,9,3,Osaka,Japan,Türkiye,Thailand,3,1,25,25,25,25,-,27,21,19,22,-,2,18,12,5,1,-,12,3,20,35,5,7,10,22,1,4,19,24,7,1,13,21,13,4,22,10,0,24,34
2026,102,2026/7/12,9,3,Osaka,Japan,Türkiye,Thailand,3,1,25,25,25,25,-,27,21,19,22,-,3,21,16,5,0,-,16,2,7,25,5,4,7,16,0,2,23,25,3,1,12,16,10,4,18,6,0,21,27
2026,102,2026/7/12,9,3,Osaka,Japan,Türkiye,Thailand,3,1,25,25,25,25,-,27,21,19,22,-,4,21,16,3,2,-,16,2,25,43,3,13,8,24,2,2,20,24,4,0,18,22,18,1,26,12,0,31,43
2026,103,2026/7/12,8,3,Hong Kong,China,Canada,Dominican Republic,3,1,25,17,25,25,-,20,25,22,18,-,ALL,78,63,11,4,-,63,18,52,133,11,24,23,58,4,16,71,91,23,2,54,79,44,9,68,34,1,92,127
2026,103,2026/7/12,8,3,Hong Kong,China,Canada,Dominican Republic,3,1,25,17,25,25,-,20,25,22,18,-,1,20,16,2,2,-,16,3,10,29,2,8,8,18,2,2,21,25,4,0,13,17,12,1,16,8,1,20,29
2026,103,2026/7/12,8,3,Hong Kong,China,Canada,Dominican Republic,3,1,25,17,25,25,-,20,25,22,18,-,2,12,10,2,0,-,10,8,13,31,2,5,4,11,0,4,13,17,7,0,16,23,7,4,14,8,0,23,31
2026,103,2026/7/12,8,3,Hong Kong,China,Canada,Dominican Republic,3,1,25,17,25,25,-,20,25,22,18,-,3,21,18,2,1,-,18,4,11,33,2,5,5,12,1,7,17,25,6,2,12,20,10,2,16,7,0,24,31
2026,103,2026/7/12,8,3,Hong Kong,China,Canada,Dominican Republic,3,1,25,17,25,25,-,20,25,22,18,-,4,25,19,5,1,-,19,3,18,40,5,6,6,17,1,3,20,24,6,0,13,19,15,2,22,11,0,25,36
2026,103,2026/7/12,8,3,Hong Kong,China,Dominican Republic,Canada,1,3,20,25,22,18,-,25,17,25,25,-,ALL,56,47,7,2,-,47,18,55,120,7,23,18,48,2,7,77,86,11,4,60,75,45,24,89,7,0,119,126
2026,103,2026/7/12,8,3,Hong Kong,China,Dominican Republic,Canada,1,3,20,25,22,18,-,25,17,25,25,-,1,14,13,1,0,-,13,4,17,34,1,7,2,10,0,3,17,20,3,2,18,23,12,6,22,1,0,34,35
2026,103,2026/7/12,8,3,Hong Kong,China,Dominican Republic,Canada,1,3,20,25,22,18,-,25,17,25,25,-,2,16,13,3,0,-,13,5,12,30,3,4,4,11,0,2,23,25,0,0,13,13,12,3,19,3,0,25,28
2026,103,2026/7/12,8,3,Hong Kong,China,Dominican Republic,Canada,1,3,20,25,22,18,-,25,17,25,25,-,3,14,9,3,2,-,9,4,10,23,3,4,5,12,2,2,18,22,0,1,17,18,8,10,22,0,0,25,25
2026,103,2026/7/12,8,3,Hong Kong,China,Dominican Republic,Canada,1,3,20,25,22,18,-,25,17,25,25,-,4,12,12,0,0,-,12,5,16,33,0,8,7,15,0,0,19,19,8,1,12,21,13,5,26,3,0,35,38
2026,104,2026/7/12,9,3,Osaka,Japan,Japan,Poland,3,2,20,14,25,25,15,25,25,19,21,13,ALL,76,68,2,6,-,68,31,83,182,2,26,43,71,6,13,80,99,28,2,64,94,45,27,125,32,1,148,181
2026,104,2026/7/12,9,3,Osaka,Japan,Japan,Poland,3,2,20,14,25,25,15,25,25,19,21,13,1,12,11,0,1,-,11,5,25,41,0,12,10,22,1,3,17,21,8,0,13,21,9,5,27,7,0,35,42
2026,104,2026/7/12,9,3,Osaka,Japan,Japan,Poland,3,2,20,14,25,25,15,25,25,19,21,13,2,10,9,0,1,-,9,9,23,41,0,5,11,16,1,3,10,14,6,0,18,24,10,8,27,11,0,30,41
2026,104,2026/7/12,9,3,Osaka,Japan,Japan,Poland,3,2,20,14,25,25,15,25,25,19,21,13,3,21,21,0,0,-,21,5,18,44,0,5,10,15,0,3,22,25,5,0,13,18,11,5,29,6,0,35,41
2026,104,2026/7/12,9,3,Osaka,Japan,Japan,Poland,3,2,20,14,25,25,15,25,25,19,21,13,4,21,18,0,3,-,18,8,11,37,0,2,10,12,3,4,17,24,5,2,13,20,9,3,26,6,1,32,39
2026,104,2026/7/12,9,3,Osaka,Japan,Japan,Poland,3,2,20,14,25,25,15,25,25,19,21,13,5,12,9,2,1,-,9,4,6,19,2,2,2,6,1,0,14,15,4,0,7,11,6,6,16,2,0,16,18
2026,104,2026/7/12,9,3,Osaka,Japan,Poland,Japan,2,3,25,25,19,21,13,20,14,25,25,15,ALL,74,56,16,2,-,56,15,90,161,16,28,40,84,2,9,92,103,20,6,60,86,47,34,127,26,1,139,166
2026,104,2026/7/12,9,3,Osaka,Japan,Poland,Japan,2,3,25,25,19,21,13,20,14,25,25,15,1,19,17,2,0,-,17,5,22,44,2,3,11,16,0,3,21,24,5,1,12,18,18,8,35,12,0,31,43
2026,104,2026/7/12,9,3,Osaka,Japan,Poland,Japan,2,3,25,25,19,21,13,20,14,25,25,15,2,18,13,5,0,-,13,3,18,34,5,6,14,25,0,1,24,25,2,1,8,11,10,3,29,3,0,32,35
2026,104,2026/7/12,9,3,Osaka,Japan,Poland,Japan,2,3,25,25,19,21,13,20,14,25,25,15,3,14,11,3,0,-,11,3,20,34,3,11,10,24,0,1,18,19,5,0,17,22,6,8,23,3,0,33,36
2026,104,2026/7/12,9,3,Osaka,Japan,Poland,Japan,2,3,25,25,19,21,13,20,14,25,25,15,4,12,6,4,2,-,6,1,21,28,4,5,4,13,2,2,18,22,5,3,12,20,7,10,26,5,1,24,30
2026,104,2026/7/12,9,3,Osaka,Japan,Poland,Japan,2,3,25,25,19,21,13,20,14,25,25,15,5,11,9,2,0,-,9,3,9,21,2,3,1,6,0,2,11,13,3,1,11,15,6,5,14,3,0,19,22
2026,105,2026/7/12,7,3,Belgrade,Serbia,France,Czechia,2,3,12,25,25,17,18,25,21,22,25,20,ALL,75,57,11,7,-,57,29,72,158,11,16,23,50,7,16,74,97,31,4,71,106,45,22,100,48,3,111,162
2026,105,2026/7/12,7,3,Belgrade,Serbia,France,Czechia,2,3,12,25,25,17,18,25,21,22,25,20,1,10,9,1,0,-,9,9,15,33,1,1,4,6,0,4,8,12,5,2,18,25,12,4,21,11,1,24,36
2026,105,2026/7/12,7,3,Belgrade,Serbia,France,Czechia,2,3,12,25,25,17,18,25,21,22,25,20,2,21,15,3,3,-,15,6,21,42,3,2,5,10,3,4,18,25,7,0,13,20,13,5,31,13,0,29,42
2026,105,2026/7/12,7,3,Belgrade,Serbia,France,Czechia,2,3,12,25,25,17,18,25,21,22,25,20,3,19,12,5,2,-,12,5,11,28,5,5,5,15,2,3,19,24,10,1,9,20,8,4,14,11,0,16,27
2026,105,2026/7/12,7,3,Belgrade,Serbia,France,Czechia,2,3,12,25,25,17,18,25,21,22,25,20,4,11,9,0,2,-,9,5,12,26,0,5,5,10,2,1,15,18,5,1,16,22,4,5,17,6,1,20,27
2026,105,2026/7/12,7,3,Belgrade,Serbia,France,Czechia,2,3,12,25,25,17,18,25,21,22,25,20,5,14,12,2,0,-,12,4,13,29,2,3,4,9,0,4,14,18,4,0,15,19,8,4,17,7,1,22,30
2026,105,2026/7/12,7,3,Belgrade,Serbia,Czechia,France,3,2,25,21,22,25,20,12,25,25,17,18,ALL,78,60,14,4,-,60,25,62,147,14,26,34,74,4,7,102,113,26,7,48,81,52,13,101,67,1,78,146
2026,105,2026/7/12,7,3,Belgrade,Serbia,Czechia,France,3,2,25,21,22,25,20,12,25,25,17,18,1,17,9,6,2,-,9,3,10,22,6,3,9,18,2,0,23,25,1,0,7,8,11,2,21,9,0,13,22
2026,105,2026/7/12,7,3,Belgrade,Serbia,Czechia,France,3,2,25,21,22,25,20,12,25,25,17,18,2,13,10,3,0,-,10,6,18,34,3,11,12,26,0,1,20,21,8,3,10,21,14,3,22,13,0,20,33
2026,105,2026/7/12,7,3,Belgrade,Serbia,Czechia,France,3,2,25,21,22,25,20,12,25,25,17,18,3,16,13,2,1,-,13,8,10,31,2,2,5,9,1,3,19,23,4,2,15,21,8,3,17,12,0,18,30
2026,105,2026/7/12,7,3,Belgrade,Serbia,Czechia,France,3,2,25,21,22,25,20,12,25,25,17,18,4,19,17,1,1,-,17,4,13,34,1,5,2,8,1,2,21,24,5,2,10,17,11,2,22,16,0,16,32
2026,105,2026/7/12,7,3,Belgrade,Serbia,Czechia,France,3,2,25,21,22,25,20,12,25,25,17,18,5,13,11,2,0,-,11,4,11,26,2,5,6,13,0,1,19,20,8,0,6,14,8,3,19,17,1,11,29
2026,106,2026/7/12,8,3,Hong Kong,China,China,Italy,2,3,19,25,25,12,12,25,21,22,25,15,ALL,71,60,9,2,-,60,21,89,170,9,21,37,67,2,4,87,93,21,6,72,99,70,17,109,47,3,122,172
2026,106,2026/7/12,8,3,Hong Kong,China,China,Italy,2,3,19,25,25,12,12,25,21,22,25,15,1,13,12,1,0,-,12,7,18,37,1,5,3,9,0,1,18,19,6,1,16,23,11,4,21,8,1,27,36
2026,106,2026/7/12,8,3,Hong Kong,China,China,Italy,2,3,19,25,25,12,12,25,21,22,25,15,2,19,17,2,0,-,17,3,15,35,2,7,9,18,0,1,24,25,3,0,13,16,18,4,27,9,0,29,38
2026,106,2026/7/12,8,3,Hong Kong,China,China,Italy,2,3,19,25,25,12,12,25,21,22,25,15,3,22,16,4,2,-,16,2,20,38,4,3,11,18,2,1,21,24,4,3,14,21,17,4,27,10,0,25,35
2026,106,2026/7/12,8,3,Hong Kong,China,China,Italy,2,3,19,25,25,12,12,25,21,22,25,15,4,7,6,1,0,-,6,7,18,31,1,2,4,7,0,1,12,13,6,2,16,24,10,3,14,13,1,19,33
2026,106,2026/7/12,8,3,Hong Kong,China,China,Italy,2,3,19,25,25,12,12,25,21,22,25,15,5,10,9,1,0,-,9,2,18,29,1,4,10,15,0,0,12,12,2,0,13,15,14,2,20,7,1,22,30
2026,106,2026/7/12,8,3,Hong Kong,China,Italy,China,3,2,25,21,22,25,15,19,25,25,12,12,ALL,86,74,6,6,-,74,22,86,182,6,17,33,56,6,9,93,108,28,2,59,89,76,13,123,37,0,137,174
2026,106,2026/7/12,8,3,Hong Kong,China,Italy,China,3,2,25,21,22,25,15,19,25,25,12,12,1,18,15,2,1,-,15,5,12,32,2,5,10,17,1,2,22,25,5,0,13,18,9,3,20,3,0,26,29
2026,106,2026/7/12,8,3,Hong Kong,China,Italy,China,3,2,25,21,22,25,15,19,25,25,12,12,2,17,17,0,0,-,17,3,23,43,0,4,8,12,0,5,16,21,7,0,17,24,16,5,27,13,0,28,41
2026,106,2026/7/12,8,3,Hong Kong,China,Italy,China,3,2,25,21,22,25,15,19,25,25,12,12,3,19,16,0,3,-,16,5,21,42,0,5,7,12,3,2,18,23,8,2,13,23,17,1,26,11,0,30,41
2026,106,2026/7/12,8,3,Hong Kong,China,Italy,China,3,2,25,21,22,25,15,19,25,25,12,12,4,20,14,4,2,-,14,6,9,29,4,1,3,8,2,0,22,24,3,0,9,12,15,2,22,4,0,25,29
2026,106,2026/7/12,8,3,Hong Kong,China,Italy,China,3,2,25,21,22,25,15,19,25,25,12,12,5,12,12,0,0,-,12,3,21,36,0,2,5,7,0,0,15,15,5,0,7,12,19,2,28,6,0,28,34
2026,107,2026/7/12,7,3,Belgrade,Serbia,Bulgaria,Germany,0,3,20,20,15,-,-,25,25,25,-,-,ALL,38,32,4,2,-,32,20,50,102,4,12,19,35,2,8,47,57,14,4,46,64,37,13,70,24,0,84,108
2026,107,2026/7/12,7,3,Belgrade,Serbia,Bulgaria,Germany,0,3,20,20,15,-,-,25,25,25,-,-,1,17,13,2,2,-,13,7,21,41,2,3,7,12,2,5,14,21,4,1,17,22,15,4,28,10,0,31,41
2026,107,2026/7/12,7,3,Belgrade,Serbia,Bulgaria,Germany,0,3,20,20,15,-,-,25,25,25,-,-,2,10,9,1,0,-,9,9,15,33,1,3,7,11,0,0,20,20,4,1,15,20,12,8,31,9,0,29,38
2026,107,2026/7/12,7,3,Belgrade,Serbia,Bulgaria,Germany,0,3,20,20,15,-,-,25,25,25,-,-,3,11,10,1,0,-,10,4,14,28,1,6,5,12,0,3,13,16,6,2,14,22,10,1,11,5,0,24,29
2026,107,2026/7/12,7,3,Belgrade,Serbia,Germany,Bulgaria,3,0,25,25,25,-,-,20,20,15,-,-,ALL,59,43,12,4,-,43,9,44,96,12,9,22,43,4,9,60,73,11,2,36,49,42,15,72,28,1,69,98
2026,107,2026/7/12,7,3,Belgrade,Serbia,Germany,Bulgaria,3,0,25,25,25,-,-,20,20,15,-,-,1,18,12,5,1,-,12,3,17,32,5,2,10,17,1,2,21,24,2,2,12,16,15,7,27,10,0,22,32
2026,107,2026/7/12,7,3,Belgrade,Serbia,Germany,Bulgaria,3,0,25,25,25,-,-,20,20,15,-,-,2,22,15,6,1,-,15,4,17,36,6,2,7,15,1,5,19,25,7,0,13,20,12,5,27,11,1,26,38
2026,107,2026/7/12,7,3,Belgrade,Serbia,Germany,Bulgaria,3,0,25,25,25,-,-,20,20,15,-,-,3,19,16,1,2,-,16,2,10,28,1,5,5,11,2,2,20,24,2,0,11,13,15,3,18,7,0,21,28
2026,108,2026/7/12,7,3,Belgrade,Serbia,Serbia,Netherlands,3,0,25,25,25,-,-,23,19,15,-,-,ALL,53,41,6,6,-,41,7,42,90,6,11,14,31,6,10,57,73,15,1,34,50,33,17,63,22,0,65,87
2026,108,2026/7/12,7,3,Belgrade,Serbia,Serbia,Netherlands,3,0,25,25,25,-,-,23,19,15,-,-,1,15,10,1,4,-,10,4,14,28,1,5,3,9,4,2,18,24,7,0,13,20,9,6,17,9,0,19,28
2026,108,2026/7/12,7,3,Belgrade,Serbia,Serbia,Netherlands,3,0,25,25,25,-,-,23,19,15,-,-,2,20,19,1,0,-,19,3,20,42,1,3,8,12,0,4,21,25,4,1,13,18,19,4,30,6,0,33,39
2026,108,2026/7/12,7,3,Belgrade,Serbia,Serbia,Netherlands,3,0,25,25,25,-,-,23,19,15,-,-,3,18,12,4,2,-,12,0,8,20,4,3,3,10,2,4,18,24,4,0,8,12,5,7,16,7,0,13,20
2026,108,2026/7/12,7,3,Belgrade,Serbia,Netherlands,Serbia,0,3,23,19,15,-,-,25,25,25,-,-,ALL,43,39,3,1,-,39,17,42,98,3,14,17,34,1,9,49,59,14,6,43,63,35,16,64,33,0,65,98
2026,108,2026/7/12,7,3,Belgrade,Serbia,Netherlands,Serbia,0,3,23,19,15,-,-,25,25,25,-,-,1,19,17,2,0,-,17,6,10,33,2,4,4,10,0,4,20,24,4,4,14,22,13,4,20,7,0,25,32
2026,108,2026/7/12,7,3,Belgrade,Serbia,Netherlands,Serbia,0,3,23,19,15,-,-,25,25,25,-,-,2,13,11,1,1,-,11,5,25,41,1,7,8,16,1,1,17,19,6,0,15,21,17,5,31,15,0,27,42
2026,108,2026/7/12,7,3,Belgrade,Serbia,Netherlands,Serbia,0,3,23,19,15,-,-,25,25,25,-,-,3,11,11,0,0,-,11,6,7,24,0,3,5,8,0,4,12,16,4,2,14,20,5,7,13,11,0,13,24
2026,109,2026/7/23,Quarter_finals,Final_Round,Macao,China,USA,China,2,3,25,23,20,25,13,15,25,25,17,15,ALL,86,74,7,5,-,74,18,55,147,7,15,28,50,5,13,88,106,11,4,73,88,54,18,101,39,4,109,152
2026,109,2026/7/23,Quarter_finals,Final_Round,Macao,China,USA,China,2,3,25,23,20,25,13,15,25,25,17,15,1,21,17,2,2,-,17,2,4,23,2,1,7,10,2,3,19,24,3,1,11,15,8,2,16,9,0,14,23
2026,109,2026/7/23,Quarter_finals,Final_Round,Macao,China,USA,China,2,3,25,23,20,25,13,15,25,25,17,15,2,19,18,0,1,-,18,3,18,39,0,5,9,14,1,2,21,24,6,1,15,22,18,6,31,8,2,32,42
2026,109,2026/7/23,Quarter_finals,Final_Round,Macao,China,USA,China,2,3,25,23,20,25,13,15,25,25,17,15,3,18,16,1,1,-,16,3,17,36,1,5,2,8,1,3,16,20,0,2,22,24,10,5,24,6,2,30,38
2026,109,2026/7/23,Quarter_finals,Final_Round,Macao,China,USA,China,2,3,25,23,20,25,13,15,25,25,17,15,4,17,13,3,1,-,13,4,8,25,3,2,6,11,1,5,19,25,1,0,12,13,10,2,15,9,0,16,25
2026,109,2026/7/23,Quarter_finals,Final_Round,Macao,China,USA,China,2,3,25,23,20,25,13,15,25,25,17,15,5,11,10,1,0,-,10,6,8,24,1,2,4,7,0,0,13,13,1,0,13,14,8,3,15,7,0,17,24
2026,109,2026/7/23,Quarter_finals,Final_Round,Macao,China,China,USA,3,2,15,25,25,17,15,25,23,20,25,13,ALL,71,58,9,4,-,58,13,77,148,9,19,17,45,4,8,85,97,17,5,71,93,49,23,94,36,3,111,150
2026,109,2026/7/23,Quarter_finals,Final_Round,Macao,China,China,USA,3,2,15,25,25,17,15,25,23,20,25,13,1,11,9,1,1,-,9,3,15,27,1,4,1,6,1,0,15,16,4,2,15,21,6,5,16,9,2,18,29
2026,109,2026/7/23,Quarter_finals,Final_Round,Macao,China,China,USA,3,2,15,25,25,17,15,25,23,20,25,13,2,20,17,2,1,-,17,2,26,45,2,3,5,10,1,2,21,24,1,1,20,22,21,4,29,11,0,34,45
2026,109,2026/7/23,Quarter_finals,Final_Round,Macao,China,China,USA,3,2,15,25,25,17,15,25,23,20,25,13,3,18,15,1,2,-,15,1,12,28,1,7,7,15,2,1,22,25,5,1,11,17,10,3,17,8,0,19,27
2026,109,2026/7/23,Quarter_finals,Final_Round,Macao,China,China,USA,3,2,15,25,25,17,15,25,23,20,25,13,4,10,8,2,0,-,8,5,14,27,2,4,1,7,0,4,13,17,5,1,14,20,5,6,19,7,1,20,28
2026,109,2026/7/23,Quarter_finals,Final_Round,Macao,China,China,USA,3,2,15,25,25,17,15,25,23,20,25,13,5,12,9,3,0,-,9,2,10,21,3,1,3,7,0,1,14,15,2,0,11,13,7,5,13,1,0,20,21
2026,110,2026/7/23,Quarter_finals,Final_Round,Macao,China,Türkiye,Canada,3,1,22,25,25,25,-,25,21,21,17,-,ALL,74,57,9,8,-,57,8,44,109,9,21,21,51,8,10,78,96,18,5,50,73,37,14,68,23,1,86,110
2026,110,2026/7/23,Quarter_finals,Final_Round,Macao,China,Türkiye,Canada,3,1,22,25,25,25,-,25,21,21,17,-,1,15,14,0,1,-,14,2,10,26,0,6,8,14,1,3,18,22,4,2,14,20,10,6,18,8,0,18,26
2026,110,2026/7/23,Quarter_finals,Final_Round,Macao,China,Türkiye,Canada,3,1,22,25,25,25,-,25,21,21,17,-,2,19,14,2,3,-,14,1,7,22,2,7,6,15,3,2,20,25,5,2,10,17,7,4,16,3,0,19,22
2026,110,2026/7/23,Quarter_finals,Final_Round,Macao,China,Türkiye,Canada,3,1,22,25,25,25,-,25,21,21,17,-,3,22,14,4,4,-,14,3,19,36,4,5,2,11,4,3,17,24,4,1,16,21,11,3,22,7,1,29,37
2026,110,2026/7/23,Quarter_finals,Final_Round,Macao,China,Türkiye,Canada,3,1,22,25,25,25,-,25,21,21,17,-,4,18,15,3,0,-,15,2,8,25,3,3,5,11,0,2,23,25,5,0,10,15,9,1,12,5,0,20,25
2026,110,2026/7/23,Quarter_finals,Final_Round,Macao,China,Canada,Türkiye,1,3,25,21,21,17,-,22,25,25,25,-,ALL,72,60,7,5,-,60,18,40,118,7,26,21,54,5,12,68,85,20,8,58,86,37,12,60,24,1,91,116
2026,110,2026/7/23,Quarter_finals,Final_Round,Macao,China,Canada,Türkiye,1,3,25,21,21,17,-,22,25,25,25,-,1,21,18,1,2,-,18,1,10,29,1,6,4,11,2,5,18,25,5,1,13,19,11,1,14,6,1,22,29
2026,110,2026/7/23,Quarter_finals,Final_Round,Macao,China,Canada,Türkiye,1,3,25,21,21,17,-,22,25,25,25,-,2,19,16,1,2,-,16,3,12,31,1,6,3,10,2,4,15,21,6,3,14,23,7,4,14,6,0,24,30
2026,110,2026/7/23,Quarter_finals,Final_Round,Macao,China,Canada,Türkiye,1,3,25,21,21,17,-,22,25,25,25,-,3,17,13,3,1,-,13,6,10,29,3,7,9,19,1,1,20,22,4,4,13,21,13,4,19,4,0,25,29
2026,110,2026/7/23,Quarter_finals,Final_Round,Macao,China,Canada,Türkiye,1,3,25,21,21,17,-,22,25,25,25,-,4,15,13,2,0,-,13,8,8,29,2,7,5,14,0,2,15,17,5,0,18,23,6,3,13,8,0,20,28
2026,111,2026/7/22,Quarter_finals,Final_Round,Macao,China,Brazil,Japan,3,1,24,25,25,25,-,26,22,16,20,-,ALL,84,63,15,6,-,63,16,61,140,15,22,32,69,6,7,85,98,16,5,58,79,61,19,94,33,0,103,136
2026,111,2026/7/22,Quarter_finals,Final_Round,Macao,China,Brazil,Japan,3,1,24,25,25,25,-,26,22,16,20,-,1,23,20,3,0,-,20,3,19,42,3,6,12,21,0,4,20,24,10,2,14,26,17,6,25,8,0,32,40
2026,111,2026/7/22,Quarter_finals,Final_Round,Macao,China,Brazil,Japan,3,1,24,25,25,25,-,26,22,16,20,-,2,21,14,6,1,-,14,5,14,33,6,7,8,21,1,2,22,25,1,0,20,21,14,5,23,6,0,26,32
2026,111,2026/7/22,Quarter_finals,Final_Round,Macao,China,Brazil,Japan,3,1,24,25,25,25,-,26,22,16,20,-,3,21,15,4,2,-,15,3,10,28,4,5,2,11,2,0,22,24,3,1,11,15,12,5,20,12,0,16,28
2026,111,2026/7/22,Quarter_finals,Final_Round,Macao,China,Brazil,Japan,3,1,24,25,25,25,-,26,22,16,20,-,4,19,14,2,3,-,14,5,18,37,2,4,10,16,3,1,21,25,2,2,13,17,18,3,26,7,0,29,36
2026,111,2026/7/22,Quarter_finals,Final_Round,Macao,China,Japan,Brazil,1,3,26,22,16,20,-,24,25,25,25,-,ALL,69,56,8,5,-,56,23,78,157,8,18,20,46,5,6,74,85,18,6,67,91,55,31,115,49,0,104,153
2026,111,2026/7/22,Quarter_finals,Final_Round,Macao,China,Japan,Brazil,1,3,26,22,16,20,-,24,25,25,25,-,1,20,17,1,2,-,17,4,26,47,1,7,8,16,2,0,24,26,2,0,18,20,19,9,36,15,0,30,45
2026,111,2026/7/22,Quarter_finals,Final_Round,Macao,China,Japan,Brazil,1,3,26,22,16,20,-,24,25,25,25,-,2,17,15,2,0,-,15,8,19,42,2,6,4,12,0,1,21,22,4,1,18,23,14,6,28,14,0,26,40
2026,111,2026/7/22,Quarter_finals,Final_Round,Macao,China,Japan,Brazil,1,3,26,22,16,20,-,24,25,25,25,-,3,16,12,3,1,-,12,6,9,27,3,2,3,8,1,2,14,17,6,2,16,24,8,8,17,8,0,20,28
2026,111,2026/7/22,Quarter_finals,Final_Round,Macao,China,Japan,Brazil,1,3,26,22,16,20,-,24,25,25,25,-,4,16,12,2,2,-,12,5,24,41,2,3,5,10,2,3,15,20,6,3,15,24,14,8,34,12,0,28,40
2026,112,2026/7/22,Quarter_finals,Final_Round,Macao,China,Italy,Netherlands,3,0,25,25,25,-,-,21,16,16,-,-,ALL,59,42,10,7,-,42,5,48,95,10,13,23,46,7,5,62,74,8,2,38,48,43,15,74,18,1,80,99
2026,112,2026/7/22,Quarter_finals,Final_Round,Macao,China,Italy,Netherlands,3,0,25,25,25,-,-,21,16,16,-,-,1,21,19,2,0,-,19,2,21,42,2,7,7,16,0,1,24,25,3,1,17,21,19,5,28,11,0,32,43
2026,112,2026/7/22,Quarter_finals,Final_Round,Macao,China,Italy,Netherlands,3,0,25,25,25,-,-,21,16,16,-,-,2,21,14,4,3,-,14,2,13,29,4,5,5,14,3,1,20,24,4,1,10,15,14,6,25,4,0,26,30
2026,112,2026/7/22,Quarter_finals,Final_Round,Macao,China,Italy,Netherlands,3,0,25,25,25,-,-,21,16,16,-,-,3,17,9,4,4,-,9,1,14,24,4,1,11,16,4,3,18,25,1,0,11,12,10,4,21,3,1,22,26
2026,112,2026/7/22,Quarter_finals,Final_Round,Macao,China,Netherlands,Italy,0,3,21,16,16,-,-,25,25,25,-,-,ALL,43,38,3,2,-,38,19,48,105,3,12,22,37,2,6,46,54,16,7,46,69,45,18,75,41,1,68,110
2026,112,2026/7/22,Quarter_finals,Final_Round,Macao,China,Netherlands,Italy,0,3,21,16,16,-,-,25,25,25,-,-,1,18,15,2,1,-,15,5,17,37,2,5,10,17,1,0,20,21,7,0,17,24,17,8,27,18,1,21,40
2026,112,2026/7/22,Quarter_finals,Final_Round,Macao,China,Netherlands,Italy,0,3,21,16,16,-,-,25,25,25,-,-,2,14,12,1,1,-,12,6,13,31,1,5,4,10,1,2,14,17,1,3,19,23,14,5,22,13,0,21,34
2026,112,2026/7/22,Quarter_finals,Final_Round,Macao,China,Netherlands,Italy,0,3,21,16,16,-,-,25,25,25,-,-,3,11,11,0,0,-,11,8,18,37,0,2,8,10,0,4,12,16,8,4,10,22,14,5,26,10,0,26,36
2026,113,2026/7/25,Semifinals,Final_Round,Macao,China,China,Türkiye,0,3,21,15,20,-,-,25,25,25,-,-,ALL,44,36,6,2,-,36,14,58,108,6,15,21,42,2,2,54,58,17,5,46,68,35,16,75,26,0,85,111
2026,113,2026/7/25,Semifinals,Final_Round,Macao,China,China,Türkiye,0,3,21,15,20,-,-,25,25,25,-,-,1,18,14,3,1,-,14,3,16,33,3,8,5,16,1,1,19,21,7,1,15,23,9,6,22,7,0,27,34
2026,113,2026/7/25,Semifinals,Final_Round,Macao,China,China,Türkiye,0,3,21,15,20,-,-,25,25,25,-,-,2,13,11,2,0,-,11,6,17,34,2,3,5,10,0,1,15,16,5,3,16,24,7,2,16,10,0,23,33
2026,113,2026/7/25,Semifinals,Final_Round,Macao,China,China,Türkiye,0,3,21,15,20,-,-,25,25,25,-,-,3,13,11,1,1,-,11,5,25,41,1,4,11,16,1,0,20,21,5,1,15,21,19,8,37,9,0,35,44
2026,113,2026/7/25,Semifinals,Final_Round,Macao,China,Türkiye,China,3,0,25,25,25,-,-,21,15,20,-,-,ALL,66,54,7,5,-,54,11,39,104,7,16,31,54,5,6,63,74,17,2,37,56,48,8,74,43,1,65,109
2026,113,2026/7/25,Semifinals,Final_Round,Macao,China,Türkiye,China,3,0,25,25,25,-,-,21,15,20,-,-,1,21,20,0,1,-,20,3,11,34,0,8,10,18,1,2,22,25,5,1,14,20,15,4,22,12,1,23,36
2026,113,2026/7/25,Semifinals,Final_Round,Macao,China,Türkiye,China,3,0,25,25,25,-,-,21,15,20,-,-,2,22,15,4,3,-,15,4,9,28,4,5,9,18,3,0,21,24,3,0,12,15,11,1,19,13,0,15,28
2026,113,2026/7/25,Semifinals,Final_Round,Macao,China,Türkiye,China,3,0,25,25,25,-,-,21,15,20,-,-,3,23,19,3,1,-,19,4,19,42,3,3,12,18,1,4,20,25,9,1,11,21,22,3,33,18,0,27,45
2026,114,2026/7/25,Semifinals,Final_Round,Macao,China,Brazil,Italy,3,2,21,25,26,21,15,25,21,24,25,12,ALL,80,64,12,4,-,64,28,77,169,12,19,29,60,4,9,95,108,24,3,70,97,61,19,109,20,2,146,168
2026,114,2026/7/25,Semifinals,Final_Round,Macao,China,Brazil,Italy,3,2,21,25,26,21,15,25,21,24,25,12,1,19,14,4,1,-,14,6,17,37,4,4,2,10,1,2,18,21,2,0,21,23,9,5,23,2,1,35,38
2026,114,2026/7/25,Semifinals,Final_Round,Macao,China,Brazil,Italy,3,2,21,25,26,21,15,25,21,24,25,12,2,19,18,1,0,-,18,6,14,38,1,3,7,11,0,3,22,25,3,3,13,19,18,4,27,5,0,31,36
2026,114,2026/7/25,Semifinals,Final_Round,Macao,China,Brazil,Italy,3,2,21,25,26,21,15,25,21,24,25,12,3,15,12,2,1,-,12,7,23,42,2,3,8,13,1,3,21,25,8,0,13,21,17,4,31,4,0,38,42
2026,114,2026/7/25,Semifinals,Final_Round,Macao,China,Brazil,Italy,3,2,21,25,26,21,15,25,21,24,25,12,4,16,12,3,1,-,12,5,16,33,3,7,6,16,1,1,20,22,6,0,17,23,9,4,15,6,0,26,32
2026,114,2026/7/25,Semifinals,Final_Round,Macao,China,Brazil,Italy,3,2,21,25,26,21,15,25,21,24,25,12,5,11,8,2,1,-,8,4,7,19,2,2,6,10,1,0,14,15,5,0,6,11,8,2,13,3,1,16,20
2026,114,2026/7/25,Semifinals,Final_Round,Macao,China,Italy,Brazil,2,3,25,21,24,25,12,21,25,26,21,15,ALL,78,63,12,3,-,63,28,77,168,12,18,28,58,3,10,94,107,21,4,73,98,55,20,109,23,1,146,170
2026,114,2026/7/25,Semifinals,Final_Round,Macao,China,Italy,Brazil,2,3,25,21,24,25,12,21,25,26,21,15,1,18,15,3,0,-,15,4,11,30,3,4,9,16,0,2,23,25,7,1,11,19,8,4,17,4,0,25,29
2026,114,2026/7/25,Semifinals,Final_Round,Macao,China,Italy,Brazil,2,3,25,21,24,25,12,21,25,26,21,15,2,14,9,2,3,-,9,5,21,35,2,6,5,13,3,2,16,21,3,0,19,22,10,5,23,2,0,34,36
2026,114,2026/7/25,Semifinals,Final_Round,Macao,China,Italy,Brazil,2,3,25,21,24,25,12,21,25,26,21,15,3,16,14,2,0,-,14,8,22,44,2,4,7,13,0,4,21,25,4,1,17,22,19,4,31,6,1,40,47
2026,114,2026/7/25,Semifinals,Final_Round,Macao,China,Italy,Brazil,2,3,25,21,24,25,12,21,25,26,21,15,4,21,18,3,0,-,18,6,13,37,3,4,6,13,0,1,23,24,3,1,16,20,14,6,27,9,0,28,37
2026,114,2026/7/25,Semifinals,Final_Round,Macao,China,Italy,Brazil,2,3,25,21,24,25,12,21,25,26,21,15,5,9,7,2,0,-,7,5,10,22,2,0,1,3,0,1,11,12,4,1,10,15,4,1,11,2,0,19,21
2026,115,2026/7/26,3rdPlace,Final_Round,Macao,China,China,Italy,1,3,16,25,22,13,-,25,23,25,25,-,ALL,60,46,10,4,-,46,18,63,127,10,16,18,44,4,6,68,78,18,8,64,90,48,24,93,39,0,91,130
2026,115,2026/7/26,3rdPlace,Final_Round,Macao,China,China,Italy,1,3,16,25,22,13,-,25,23,25,25,-,1,13,10,3,0,-,10,3,19,32,3,4,6,13,0,2,14,16,3,3,19,25,13,8,26,9,0,24,33
2026,115,2026/7/26,3rdPlace,Final_Round,Macao,China,China,Italy,1,3,16,25,22,13,-,25,23,25,25,-,2,21,16,1,4,-,16,4,14,34,1,5,3,9,4,2,20,26,8,1,12,21,16,6,26,10,0,26,36
2026,115,2026/7/26,3rdPlace,Final_Round,Macao,China,China,Italy,1,3,16,25,22,13,-,25,23,25,25,-,3,15,12,3,0,-,12,6,21,39,3,3,7,13,0,1,21,22,3,1,18,22,15,6,29,15,0,24,39
2026,115,2026/7/26,3rdPlace,Final_Round,Macao,China,China,Italy,1,3,16,25,22,13,-,25,23,25,25,-,4,11,8,3,0,-,8,5,9,22,3,4,2,9,0,1,13,14,4,3,15,22,4,4,12,5,0,17,22
2026,115,2026/7/26,3rdPlace,Final_Round,Macao,China,Italy,China,3,1,25,23,25,25,-,16,25,22,13,-,ALL,78,65,5,8,-,65,16,61,142,5,17,23,45,8,7,82,97,14,4,54,72,58,13,90,30,0,106,136
2026,115,2026/7/26,3rdPlace,Final_Round,Macao,China,Italy,China,3,1,25,23,25,25,-,16,25,22,13,-,1,20,17,0,3,-,17,4,16,37,0,3,6,9,3,0,22,25,4,0,10,14,17,3,28,7,0,29,36
2026,115,2026/7/26,3rdPlace,Final_Round,Macao,China,Italy,China,3,1,25,23,25,25,-,16,25,22,13,-,2,19,15,3,1,-,15,3,18,36,3,8,6,17,1,2,20,23,3,4,17,24,14,3,20,6,0,29,35
2026,115,2026/7/26,3rdPlace,Final_Round,Macao,China,Italy,China,3,1,25,23,25,25,-,16,25,22,13,-,3,19,17,1,1,-,17,6,20,43,1,3,8,12,1,3,21,25,4,0,17,21,18,5,30,8,0,34,42
2026,115,2026/7/26,3rdPlace,Final_Round,Macao,China,Italy,China,3,1,25,23,25,25,-,16,25,22,13,-,4,20,16,1,3,-,16,3,7,26,1,3,3,7,3,2,19,24,3,0,10,13,9,2,12,9,0,14,23
2026,116,2026/7/26,Final,Final_Round,Macao,China,Türkiye,Brazil,2,1,23,25,26,-,-,25,23,24,-,-,ALL,79,58,14,7,-,58,18,54,130,14,28,29,71,7,5,82,94,21,7,55,83,45,13,80,26,0,103,129
2026,116,2026/7/26,Final,Final_Round,Macao,China,Türkiye,Brazil,2,1,23,25,26,-,-,25,23,24,-,-,1,18,10,8,0,-,10,6,18,34,8,7,5,20,0,2,22,24,8,1,13,22,7,4,19,8,0,25,33
2026,116,2026/7/26,Final,Final_Round,Macao,China,Türkiye,Brazil,2,1,23,25,26,-,-,25,23,24,-,-,2,24,17,4,3,-,17,4,14,35,4,8,8,20,3,1,20,24,6,2,15,23,12,2,21,11,0,24,35
2026,116,2026/7/26,Final,Final_Round,Macao,China,Türkiye,Brazil,2,1,23,25,26,-,-,25,23,24,-,-,3,20,17,0,3,-,17,6,10,33,0,10,11,21,3,1,22,26,6,2,12,20,12,3,19,3,0,28,31
2026,116,2026/7/26,Final,Final_Round,Macao,China,Brazil,Türkiye,1,2,25,23,24,-,-,23,25,26,-,-,ALL,17,14,2,1,-,14,2,12,28,2,3,5,10,1,1,18,20,1,2,15,18,14,4,21,4,0,26,30
2026,116,2026/7/26,Final,Final_Round,Macao,China,Brazil,Türkiye,1,2,25,23,24,-,-,23,25,26,-,-,1,80,60,13,7,-,60,19,63,142,13,22,25,60,7,9,76,92,21,7,61,89,45,13,81,22,1,115,138
2026,116,2026/7/26,Final,Final_Round,Macao,China,Brazil,Türkiye,1,2,25,23,24,-,-,23,25,26,-,-,2,22,16,5,1,-,16,11,13,40,5,1,8,14,1,2,21,24,5,0,17,22,12,6,26,5,0,33,38
2026,116,2026/7/26,Final,Final_Round,Macao,China,Brazil,Türkiye,1,2,25,23,24,-,-,23,25,26,-,-,3,21,16,3,2,-,16,4,18,38,3,9,7,19,2,1,21,24,6,3,14,23,14,1,20,8,0,28,36
