Season,Match,Y/M/D,Pool,Week,City,Country,Team,VS_Team,SET_Won,SET_Lost,Point1,Point2,Point3,Point4,Point5,VS_Point1,VS_Point2,VS_Point3,VS_Point4,VS_Point5,SET,SCORING_Total ABS,SCORING_Attack Points,SCORING_Block Points,SCORING_Serve Points,SCORING_Errors,ATTACK_Point,ATTACK_Errors,ATTACK_Attempts,ATTACK_Total,BLOCK_Point,BLOCK_Errors,BLOCK_Touches,BLOCK_Total,SERVE_Point,SERVE_Errors,SERVE_Attempts,SERVE_Total,RECEPTION_Successful,RECEPTION_Errors,RECEPTION_Attempts,RECEPTION_Total,DIG_Digs,DIG_Errors,DIG_Total,SET_Point,SET_Errors,SET_Attempts,SET_Total
2026,1,46183,3,1,Linyi,China,Cuba,Poland,0,3,16,20,21,-,-,25,25,25,-,-,1,43,33,7,3,-,33,19,31,83,7,10,10,27,3,13,43,59,16,6,45,67,20,14,44,33,0,54,87
2026,1,46183,3,1,Linyi,China,Cuba,Poland,0,3,16,20,21,-,-,25,25,25,-,-,2,13,11,2,0,-,11,8,5,24,2,4,2,8,0,4,13,17,4,3,16,23,5,2,8,9,0,15,24
2026,1,46183,3,1,Linyi,China,Cuba,Poland,0,3,16,20,21,-,-,25,25,25,-,-,3,15,10,3,2,-,10,4,17,31,3,4,4,11,2,4,14,20,7,2,14,23,7,6,18,14,0,18,32
2026,1,46183,3,1,Linyi,China,Cuba,Poland,0,3,16,20,21,-,-,25,25,25,-,-,4,15,12,2,1,-,12,7,9,28,2,2,4,8,1,5,16,22,5,1,15,21,8,6,18,10,0,21,31
2026,1,46183,3,1,Linyi,China,Poland,Cuba,3,0,25,25,25,-,-,16,20,21,-,-,1,54,37,11,6,-,37,14,23,74,11,14,12,37,6,6,61,73,13,3,30,46,29,8,44,28,0,45,73
2026,1,46183,3,1,Linyi,China,Poland,Cuba,3,0,25,25,25,-,-,16,20,21,-,-,2,18,10,5,3,-,10,4,7,21,5,3,1,9,3,1,20,24,6,0,7,13,6,4,11,8,0,12,20
2026,1,46183,3,1,Linyi,China,Poland,Cuba,3,0,25,25,25,-,-,16,20,21,-,-,3,21,15,4,2,-,15,6,7,28,4,4,8,16,2,2,21,25,4,2,10,16,15,3,21,8,0,21,29
2026,1,46183,3,1,Linyi,China,Poland,Cuba,3,0,25,25,25,-,-,16,20,21,-,-,4,15,12,2,1,-,12,4,9,25,2,7,3,12,1,3,20,24,3,1,13,17,8,1,12,12,0,12,24
2026,2,46183,3,1,Linyi,China,China,Slovenia,2,3,17,25,25,23,10,25,20,20,25,15,1,75,60,11,4,-,60,21,42,123,11,25,15,51,4,16,81,101,17,2,70,89,27,24,64,45,0,78,123
2026,2,46183,3,1,Linyi,China,China,Slovenia,2,3,17,25,25,23,10,25,20,20,25,15,2,11,10,1,0,-,10,3,11,24,1,7,5,13,0,2,16,18,6,1,14,21,4,5,12,8,0,16,24
2026,2,46183,3,1,Linyi,China,China,Slovenia,2,3,17,25,25,23,10,25,20,20,25,15,3,17,12,4,1,-,12,7,12,31,4,5,4,13,1,4,19,24,4,0,12,16,7,3,17,5,0,24,29
2026,2,46183,3,1,Linyi,China,China,Slovenia,2,3,17,25,25,23,10,25,20,20,25,15,4,19,13,4,2,-,13,2,5,20,4,7,1,12,2,3,20,25,4,0,12,16,4,5,9,12,0,8,20
2026,2,46183,3,1,Linyi,China,China,Slovenia,2,3,17,25,25,23,10,25,20,20,25,15,5,20,18,1,1,-,18,6,5,29,1,4,4,9,1,6,16,23,3,0,20,23,6,6,14,11,0,20,31
2026,2,46183,3,1,Linyi,China,China,Slovenia,2,3,17,25,25,23,10,25,20,20,25,15,6,8,7,1,0,-,7,3,9,19,1,2,1,4,0,1,10,11,0,1,12,13,6,5,12,9,0,10,19
2026,2,46183,3,1,Linyi,China,Slovenia,China,3,2,25,20,20,25,15,17,25,25,23,10,1,78,63,13,2,-,63,18,34,115,13,31,19,63,2,15,87,104,21,4,60,85,26,22,65,47,0,72,119
2026,2,46183,3,1,Linyi,China,Slovenia,China,3,2,25,20,20,25,15,17,25,25,23,10,2,20,19,0,1,-,19,3,8,30,0,5,6,11,1,3,20,24,5,0,11,16,10,5,18,8,0,20,28
2026,2,46183,3,1,Linyi,China,Slovenia,China,3,2,25,20,20,25,15,17,25,25,23,10,3,13,8,5,0,-,8,6,11,25,5,9,8,22,0,5,16,21,5,1,14,20,5,3,11,12,0,14,26
2026,2,46183,3,1,Linyi,China,Slovenia,China,3,2,25,20,20,25,15,17,25,25,23,10,4,15,13,2,0,-,13,5,6,24,2,8,2,12,0,4,16,20,3,2,17,22,4,3,8,11,0,13,24
2026,2,46183,3,1,Linyi,China,Slovenia,China,3,2,25,20,20,25,15,17,25,25,23,10,5,18,13,5,0,-,13,2,6,21,5,6,2,13,0,2,23,25,6,1,10,17,3,10,18,9,0,15,24
2026,2,46183,3,1,Linyi,China,Slovenia,China,3,2,25,20,20,25,15,17,25,25,23,10,6,12,10,1,1,-,10,2,3,15,1,3,1,5,1,1,12,14,2,0,8,10,4,1,10,7,0,10,17
2026,3,46183,3,1,Linyi,China,Ukraine,Japan,0,3,22,21,22,-,-,25,25,25,-,-,1,53,38,10,5,-,38,15,29,82,10,16,16,42,5,13,49,67,16,4,45,65,21,15,41,26,3,54,83
2026,3,46183,3,1,Linyi,China,Ukraine,Japan,0,3,22,21,22,-,-,25,25,25,-,-,2,20,12,4,4,-,12,4,12,28,4,6,4,14,4,3,16,23,7,0,16,23,5,7,13,8,2,18,28
2026,3,46183,3,1,Linyi,China,Ukraine,Japan,0,3,22,21,22,-,-,25,25,25,-,-,3,17,13,3,1,-,13,5,6,24,3,7,8,18,1,2,18,21,6,2,14,22,7,3,11,6,1,19,26
2026,3,46183,3,1,Linyi,China,Ukraine,Japan,0,3,22,21,22,-,-,25,25,25,-,-,4,16,13,3,0,-,13,6,11,30,3,3,4,10,0,8,15,23,3,2,15,20,9,5,17,12,0,17,29
2026,3,46183,3,1,Linyi,China,Japan,Ukraine,3,0,25,25,25,-,-,22,21,22,-,-,1,48,39,5,4,-,39,14,27,80,5,12,9,26,4,8,61,73,11,5,38,54,27,15,54,18,0,64,82
2026,3,46183,3,1,Linyi,China,Japan,Ukraine,3,0,25,25,25,-,-,22,21,22,-,-,2,18,16,2,0,-,16,5,8,29,2,5,4,11,0,1,23,24,1,4,15,20,12,3,20,7,0,23,30
2026,3,46183,3,1,Linyi,China,Japan,Ukraine,3,0,25,25,25,-,-,22,21,22,-,-,3,18,14,2,2,-,14,4,10,28,2,3,2,7,2,3,20,25,5,1,13,19,6,6,17,7,0,21,28
2026,3,46183,3,1,Linyi,China,Japan,Ukraine,3,0,25,25,25,-,-,22,21,22,-,-,4,12,9,1,2,-,9,5,9,23,1,4,3,8,2,4,18,24,5,0,10,15,9,6,17,4,0,20,24
2026,4,46183,1,1,Ottawa,Canada,Türkiye,USA,1,3,20,25,20,23,-,25,20,25,25,-,1,64,53,5,6,-,53,15,36,104,5,26,21,52,6,16,67,89,16,2,58,76,26,17,52,27,0,75,102
2026,4,46183,1,1,Ottawa,Canada,Türkiye,USA,1,3,20,25,20,23,-,25,20,25,25,-,2,14,11,0,3,-,11,6,9,26,0,3,3,6,3,4,14,21,2,1,15,18,7,5,13,5,0,18,23
2026,4,46183,1,1,Ottawa,Canada,Türkiye,USA,1,3,20,25,20,23,-,25,20,25,25,-,3,21,16,3,2,-,16,1,10,27,3,8,7,18,2,4,18,24,5,0,12,17,7,3,13,1,0,25,26
2026,4,46183,1,1,Ottawa,Canada,Türkiye,USA,1,3,20,25,20,23,-,25,20,25,25,-,4,15,14,1,0,-,14,3,7,24,1,8,8,17,0,6,15,21,7,0,14,21,5,5,13,10,0,15,25
2026,4,46183,1,1,Ottawa,Canada,Türkiye,USA,1,3,20,25,20,23,-,25,20,25,25,-,5,14,12,1,1,-,12,5,10,27,1,7,3,11,1,2,20,23,2,1,17,20,7,4,13,11,0,17,28
2026,4,46183,1,1,Ottawa,Canada,USA,Türkiye,3,1,25,20,25,25,-,20,25,20,23,-,1,68,59,7,2,-,59,9,33,101,7,23,14,44,2,18,74,94,17,6,50,73,26,12,53,35,0,66,101
2026,4,46183,1,1,Ottawa,Canada,USA,Türkiye,3,1,25,20,25,25,-,20,25,20,23,-,2,18,14,3,1,-,14,0,8,22,3,5,2,10,1,6,17,24,3,3,11,17,8,3,14,7,0,16,23
2026,4,46183,1,1,Ottawa,Canada,USA,Türkiye,3,1,25,20,25,25,-,20,25,20,23,-,3,14,14,0,0,-,14,3,9,26,0,5,6,11,0,4,17,21,4,2,14,20,6,5,16,8,0,19,27
2026,4,46183,1,1,Ottawa,Canada,USA,Türkiye,3,1,25,20,25,25,-,20,25,20,23,-,4,18,16,2,0,-,16,2,8,26,2,6,2,10,0,3,21,24,3,0,12,15,6,3,14,9,0,15,24
2026,4,46183,1,1,Ottawa,Canada,USA,Türkiye,3,1,25,20,25,25,-,20,25,20,23,-,5,18,15,2,1,-,15,4,8,27,2,7,4,13,1,5,19,25,7,1,13,21,6,1,9,11,0,16,27
2026,5,46183,2,1,Brasilia,Brazil,Belgium,Bulgaria,3,1,20,26,26,25,-,25,24,24,23,-,1,58,45,4,9,-,45,17,33,95,4,20,14,38,9,22,65,96,16,5,47,68,25,15,56,13,0,81,94
2026,5,46183,2,1,Brasilia,Brazil,Belgium,Bulgaria,3,1,20,26,26,25,-,25,24,24,23,-,2,11,10,1,0,-,10,3,4,17,1,6,0,7,0,4,17,21,3,2,11,16,2,6,10,2,0,16,18
2026,5,46183,2,1,Brasilia,Brazil,Belgium,Bulgaria,3,1,20,26,26,25,-,25,24,24,23,-,3,15,10,1,4,-,10,4,6,20,1,5,4,10,4,6,15,25,5,3,10,18,5,2,10,1,0,19,20
2026,5,46183,2,1,Brasilia,Brazil,Belgium,Bulgaria,3,1,20,26,26,25,-,25,24,24,23,-,4,15,12,1,2,-,12,6,7,25,1,5,2,8,2,6,18,26,4,0,12,16,6,3,15,3,0,21,24
2026,5,46183,2,1,Brasilia,Brazil,Belgium,Bulgaria,3,1,20,26,26,25,-,25,24,24,23,-,5,17,13,1,3,-,13,4,16,33,1,4,8,13,3,6,15,24,4,0,14,18,12,4,21,7,0,25,32
2026,5,46183,2,1,Brasilia,Brazil,Bulgaria,Belgium,1,3,25,24,24,23,-,20,26,26,25,-,1,63,51,7,5,-,51,12,32,95,7,20,22,49,5,29,63,97,12,9,53,74,25,13,50,29,1,65,95
2026,5,46183,2,1,Brasilia,Brazil,Bulgaria,Belgium,1,3,25,24,24,23,-,20,26,26,25,-,2,20,16,2,2,-,16,2,2,20,2,4,4,10,2,8,14,24,3,0,14,17,3,2,5,8,0,12,20
2026,5,46183,2,1,Brasilia,Brazil,Bulgaria,Belgium,1,3,25,24,24,23,-,20,26,26,25,-,3,17,11,3,3,-,11,5,9,25,3,4,4,11,3,7,15,25,1,4,14,19,8,5,16,7,0,18,25
2026,5,46183,2,1,Brasilia,Brazil,Bulgaria,Belgium,1,3,25,24,24,23,-,20,26,26,25,-,4,13,12,1,0,-,12,3,9,24,1,6,5,12,0,8,16,24,7,2,11,20,5,4,10,8,0,16,24
2026,5,46183,2,1,Brasilia,Brazil,Bulgaria,Belgium,1,3,25,24,24,23,-,20,26,26,25,-,5,13,12,1,0,-,12,2,12,26,1,6,9,16,0,6,18,24,1,3,14,18,9,2,19,6,1,19,26
2026,6,46183,2,1,Brasilia,Brazil,Serbia,Argentina,3,1,25,25,25,26,-,23,20,27,24,-,1,56,45,9,2,-,45,16,50,111,9,27,31,67,2,20,78,100,17,5,44,66,39,12,69,32,0,78,110
2026,6,46183,2,1,Brasilia,Brazil,Serbia,Argentina,3,1,25,25,25,26,-,23,20,27,24,-,2,15,11,3,1,-,11,4,13,28,3,6,6,15,1,5,18,24,1,2,14,17,9,3,15,7,0,18,25
2026,6,46183,2,1,Brasilia,Brazil,Serbia,Argentina,3,1,25,25,25,26,-,23,20,27,24,-,3,13,11,2,0,-,11,1,10,22,2,7,11,20,0,5,20,25,4,0,10,14,8,2,14,8,0,14,22
2026,6,46183,2,1,Brasilia,Brazil,Serbia,Argentina,3,1,25,25,25,26,-,23,20,27,24,-,4,11,9,2,0,-,9,7,17,33,2,7,9,18,0,5,20,25,5,0,12,17,12,5,24,10,0,24,34
2026,6,46183,2,1,Brasilia,Brazil,Serbia,Argentina,3,1,25,25,25,26,-,23,20,27,24,-,5,17,14,2,1,-,14,4,10,28,2,7,5,14,1,5,20,26,7,3,8,18,10,2,16,7,0,22,29
2026,6,46183,2,1,Brasilia,Brazil,Argentina,Serbia,1,3,23,20,27,24,-,25,25,25,26,-,1,65,53,7,5,-,53,20,51,124,7,22,30,59,5,30,61,96,14,2,64,80,42,15,71,33,1,93,127
2026,6,46183,2,1,Brasilia,Brazil,Argentina,Serbia,1,3,23,20,27,24,-,25,25,25,26,-,2,15,12,1,2,-,12,4,11,27,1,3,8,12,2,7,15,24,3,1,15,19,11,8,22,13,1,15,29
2026,6,46183,2,1,Brasilia,Brazil,Argentina,Serbia,1,3,23,20,27,24,-,25,25,25,26,-,3,14,14,0,0,-,14,8,14,36,0,6,4,10,0,6,14,20,2,0,18,20,10,2,17,7,0,28,35
2026,6,46183,2,1,Brasilia,Brazil,Argentina,Serbia,1,3,23,20,27,24,-,25,25,25,26,-,4,18,15,3,0,-,15,4,15,34,3,5,11,19,0,11,17,28,3,0,17,20,14,3,22,7,0,28,35
2026,6,46183,2,1,Brasilia,Brazil,Argentina,Serbia,1,3,23,20,27,24,-,25,25,25,26,-,5,18,12,3,3,-,12,4,11,27,3,8,7,18,3,6,15,24,6,1,14,21,7,2,10,6,0,22,28
2026,7,46183,1,1,Ottawa,Canada,France,Italy,3,2,19,29,23,25,16,25,27,25,23,14,1,71,54,13,4,-,54,21,42,117,13,31,25,69,4,24,84,112,19,10,57,86,34,23,74,23,0,97,120
2026,7,46183,1,1,Ottawa,Canada,France,Italy,3,2,19,29,23,25,16,25,27,25,23,14,2,11,9,2,0,-,9,2,6,17,2,8,4,14,0,7,13,20,4,2,13,19,1,5,11,3,0,17,20
2026,7,46183,1,1,Ottawa,Canada,France,Italy,3,2,19,29,23,25,16,25,27,25,23,14,3,18,13,4,1,-,13,6,13,32,4,9,7,20,1,2,25,28,6,1,13,20,11,6,23,7,0,27,34
2026,7,46183,1,1,Ottawa,Canada,France,Italy,3,2,19,29,23,25,16,25,27,25,23,14,4,13,12,1,0,-,12,5,13,30,1,5,4,10,0,7,17,24,6,1,9,16,12,6,20,7,0,21,28
2026,7,46183,1,1,Ottawa,Canada,France,Italy,3,2,19,29,23,25,16,25,27,25,23,14,5,17,10,5,2,-,10,4,5,19,5,5,4,14,2,6,16,24,1,6,13,20,4,2,7,3,0,15,18
2026,7,46183,1,1,Ottawa,Canada,France,Italy,3,2,19,29,23,25,16,25,27,25,23,14,6,12,10,1,1,-,10,4,5,19,1,4,6,11,1,2,13,16,2,0,9,11,6,4,13,3,0,17,20
2026,7,46183,1,1,Ottawa,Canada,Italy,France,2,3,25,27,25,23,14,19,29,23,25,16,1,78,58,10,10,-,58,22,50,130,10,28,22,60,10,29,76,115,20,4,64,88,40,19,72,33,1,98,132
2026,7,46183,1,1,Ottawa,Canada,Italy,France,2,3,25,27,25,23,14,19,29,23,25,16,2,17,14,1,2,-,14,4,8,26,1,6,1,8,2,5,17,24,3,0,10,13,10,3,15,9,0,16,25
2026,7,46183,1,1,Ottawa,Canada,Italy,France,2,3,25,27,25,23,14,19,29,23,25,16,3,23,18,4,1,-,18,5,15,38,4,8,7,19,1,9,19,29,5,1,20,26,12,3,17,13,0,25,38
2026,7,46183,1,1,Ottawa,Canada,Italy,France,2,3,25,27,25,23,14,19,29,23,25,16,4,15,12,2,1,-,12,2,12,26,2,5,8,15,1,8,15,24,6,0,11,17,10,6,21,5,1,23,29
2026,7,46183,1,1,Ottawa,Canada,Italy,France,2,3,25,27,25,23,14,19,29,23,25,16,5,14,6,2,6,-,6,9,7,22,2,5,2,9,6,4,14,24,4,2,12,18,5,3,10,5,0,17,22
2026,7,46183,1,1,Ottawa,Canada,Italy,France,2,3,25,27,25,23,14,19,29,23,25,16,6,9,8,1,0,-,8,2,8,18,1,4,4,9,0,3,11,14,2,1,11,14,3,4,9,1,0,17,18
2026,8,46183,2,1,Brasilia,Brazil,Brazil,Iran,3,1,25,23,25,25,-,21,25,15,23,-,1,68,51,11,6,-,51,12,17,80,11,22,16,49,6,19,72,97,16,3,45,64,20,20,53,36,1,49,86
2026,8,46183,2,1,Brasilia,Brazil,Brazil,Iran,3,1,25,23,25,25,-,21,25,15,23,-,2,17,13,4,0,-,13,4,2,19,4,5,5,14,0,4,20,24,2,1,13,16,5,5,14,9,0,13,22
2026,8,46183,2,1,Brasilia,Brazil,Brazil,Iran,3,1,25,23,25,25,-,21,25,15,23,-,3,16,12,3,1,-,12,4,3,19,3,6,1,10,1,6,17,24,5,1,12,18,2,6,8,12,0,7,19
2026,8,46183,2,1,Brasilia,Brazil,Brazil,Iran,3,1,25,23,25,25,-,21,25,15,23,-,4,18,11,3,4,-,11,1,1,13,3,6,5,14,4,3,17,24,5,0,5,10,5,4,12,7,0,8,15
2026,8,46183,2,1,Brasilia,Brazil,Brazil,Iran,3,1,25,23,25,25,-,21,25,15,23,-,5,17,15,1,1,-,15,3,11,29,1,5,5,11,1,6,18,25,4,1,15,20,8,5,19,8,1,21,30
2026,8,46183,2,1,Brasilia,Brazil,Iran,Brazil,1,3,21,25,15,23,-,25,23,25,25,-,1,55,48,4,3,-,48,17,29,94,4,17,8,29,3,21,61,85,12,6,60,78,18,27,54,22,2,71,95
2026,8,46183,2,1,Brasilia,Brazil,Iran,Brazil,1,3,21,25,15,23,-,25,23,25,25,-,2,13,12,0,1,-,12,4,10,26,0,4,0,4,1,6,15,22,4,0,16,20,6,9,16,4,1,22,27
2026,8,46183,2,1,Brasilia,Brazil,Iran,Brazil,1,3,21,25,15,23,-,25,23,25,25,-,3,17,13,3,1,-,13,4,2,19,3,3,1,7,1,6,17,24,4,1,13,18,3,6,10,7,0,13,20
2026,8,46183,2,1,Brasilia,Brazil,Iran,Brazil,1,3,21,25,15,23,-,25,23,25,25,-,4,11,11,0,0,-,11,4,9,24,0,3,0,3,0,6,10,16,1,4,16,21,4,4,11,5,0,18,23
2026,8,46183,2,1,Brasilia,Brazil,Iran,Brazil,1,3,21,25,15,23,-,25,23,25,25,-,5,14,12,1,1,-,12,5,8,25,1,7,7,15,1,3,19,23,3,1,15,19,5,8,17,6,1,18,25
2026,9,46183,1,1,Ottawa,Canada,Canada,Germany,2,3,26,19,25,21,13,24,25,20,25,15,1,74,57,14,3,-,57,23,36,116,14,30,24,68,3,20,82,105,21,3,60,84,35,11,56,37,0,83,120
2026,9,46183,1,1,Ottawa,Canada,Canada,Germany,2,3,26,19,25,21,13,24,25,20,25,15,2,20,14,5,1,-,14,6,6,26,5,6,8,19,1,3,22,26,5,0,14,19,9,2,14,7,0,22,29
2026,9,46183,1,1,Ottawa,Canada,Canada,Germany,2,3,26,19,25,21,13,24,25,20,25,15,3,11,7,2,2,-,7,9,10,26,2,6,4,12,2,2,15,19,3,0,14,17,10,4,17,10,0,17,27
2026,9,46183,1,1,Ottawa,Canada,Canada,Germany,2,3,26,19,25,21,13,24,25,20,25,15,4,17,13,4,0,-,13,3,4,20,4,6,5,15,0,6,19,25,4,0,9,13,8,2,11,8,0,14,22
2026,9,46183,1,1,Ottawa,Canada,Canada,Germany,2,3,26,19,25,21,13,24,25,20,25,15,5,16,15,1,0,-,15,2,10,27,1,10,6,17,0,4,17,21,6,2,14,22,6,2,8,8,0,18,26
2026,9,46183,1,1,Ottawa,Canada,Canada,Germany,2,3,26,19,25,21,13,24,25,20,25,15,6,10,8,2,0,-,8,3,6,17,2,2,1,5,0,5,9,14,3,1,9,13,2,1,6,4,0,12,16
2026,9,46183,1,1,Ottawa,Canada,Germany,Canada,3,2,24,25,20,25,15,26,19,25,21,13,1,72,62,7,3,-,62,18,42,122,7,15,17,39,3,25,81,109,20,3,62,85,37,18,66,31,1,92,124
2026,9,46183,1,1,Ottawa,Canada,Germany,Canada,3,2,24,25,20,25,15,26,19,25,21,13,2,17,15,2,0,-,15,5,11,31,2,3,2,7,0,5,19,24,4,1,18,23,9,5,15,5,1,26,32
2026,9,46183,1,1,Ottawa,Canada,Germany,Canada,3,2,24,25,20,25,15,26,19,25,21,13,3,16,13,3,0,-,13,2,10,25,3,1,4,8,0,8,17,25,4,2,11,17,11,4,18,9,0,17,26
2026,9,46183,1,1,Ottawa,Canada,Germany,Canada,3,2,24,25,20,25,15,26,19,25,21,13,4,12,11,1,0,-,11,5,9,25,1,4,2,7,0,7,13,20,4,0,15,19,4,4,11,6,0,19,25
2026,9,46183,1,1,Ottawa,Canada,Germany,Canada,3,2,24,25,20,25,15,26,19,25,21,13,5,19,17,0,2,-,17,3,9,29,0,5,5,10,2,3,20,25,5,0,12,17,9,4,17,9,0,19,28
2026,9,46183,1,1,Ottawa,Canada,Germany,Canada,3,2,24,25,20,25,15,26,19,25,21,13,6,8,6,1,1,-,6,3,3,12,1,2,4,7,1,2,12,15,3,0,6,9,4,1,5,2,0,11,13
2026,10,46184,3,1,Linyi,China,China,Ukraine,1,3,17,25,20,22,-,25,21,25,25,-,1,64,55,7,2,-,55,15,35,105,7,17,16,40,2,18,65,85,11,8,59,78,26,15,62,48,1,62,111
2026,10,46184,3,1,Linyi,China,China,Ukraine,1,3,17,25,20,22,-,25,21,25,25,-,2,13,11,2,0,-,11,5,13,29,2,3,5,10,0,5,13,18,5,3,13,21,8,3,17,13,1,15,29
2026,10,46184,3,1,Linyi,China,China,Ukraine,1,3,17,25,20,22,-,25,21,25,25,-,3,21,17,4,0,-,17,3,5,25,4,5,2,11,0,6,18,24,1,1,17,19,3,2,12,12,0,15,27
2026,10,46184,3,1,Linyi,China,China,Ukraine,1,3,17,25,20,22,-,25,21,25,25,-,4,13,12,1,0,-,12,4,8,24,1,5,5,11,0,3,18,21,1,2,14,17,8,6,19,13,0,14,27
2026,10,46184,3,1,Linyi,China,China,Ukraine,1,3,17,25,20,22,-,25,21,25,25,-,5,17,15,0,2,-,15,3,9,27,0,4,4,8,2,4,16,22,4,2,15,21,7,4,14,10,0,18,28
2026,10,46184,3,1,Linyi,China,Ukraine,China,3,1,25,21,25,25,-,17,25,20,22,-,1,70,49,13,8,-,49,9,39,97,13,16,17,46,8,17,70,95,18,2,47,67,23,12,47,35,1,59,95
2026,10,46184,3,1,Linyi,China,Ukraine,China,3,1,25,21,25,25,-,17,25,20,22,-,2,19,11,5,3,-,11,2,13,26,5,5,5,15,3,3,18,24,2,0,11,13,9,4,17,7,1,17,25
2026,10,46184,3,1,Linyi,China,Ukraine,China,3,1,25,21,25,25,-,17,25,20,22,-,3,13,9,3,1,-,9,5,5,19,3,8,5,16,1,3,18,22,3,0,15,18,0,4,5,10,0,8,18
2026,10,46184,3,1,Linyi,China,Ukraine,China,3,1,25,21,25,25,-,17,25,20,22,-,4,19,14,3,2,-,14,1,10,25,3,1,4,8,2,7,15,24,9,0,9,18,5,1,10,9,0,16,25
2026,10,46184,3,1,Linyi,China,Ukraine,China,3,1,25,21,25,25,-,17,25,20,22,-,5,19,15,2,2,-,15,1,11,27,2,2,3,7,2,4,19,25,4,2,12,18,9,3,15,9,0,18,27
2026,11,46184,3,1,Linyi,China,Slovenia,Poland,3,2,27,23,26,21,19,25,25,24,25,17,1,89,75,7,7,-,75,23,45,143,7,25,27,59,7,19,89,115,13,8,79,100,49,23,88,56,1,88,145
2026,11,46184,3,1,Linyi,China,Slovenia,Poland,3,2,27,23,26,21,19,25,25,24,25,17,2,21,16,2,3,-,16,5,8,29,2,8,6,16,3,4,20,27,3,0,18,21,8,4,15,12,0,19,31
2026,11,46184,3,1,Linyi,China,Slovenia,Poland,3,2,27,23,26,21,19,25,25,24,25,17,3,19,16,2,1,-,16,3,5,24,2,5,6,13,1,5,17,23,2,3,18,23,7,4,12,15,1,9,25
2026,11,46184,3,1,Linyi,China,Slovenia,Poland,3,2,27,23,26,21,19,25,25,24,25,17,4,20,17,2,1,-,17,3,6,26,2,7,5,14,1,4,21,26,3,3,13,19,10,6,17,8,0,18,26
2026,11,46184,3,1,Linyi,China,Slovenia,Poland,3,2,27,23,26,21,19,25,25,24,25,17,5,15,14,0,1,-,14,6,12,32,0,5,2,7,1,3,17,21,3,1,17,21,11,5,21,13,0,19,32
2026,11,46184,3,1,Linyi,China,Slovenia,Poland,3,2,27,23,26,21,19,25,25,24,25,17,6,14,12,1,1,-,12,6,14,32,1,0,8,9,1,3,14,18,2,1,13,16,13,4,23,8,0,23,31
2026,11,46184,3,1,Linyi,China,Poland,Slovenia,2,3,25,25,24,25,17,27,23,26,21,19,1,84,65,11,8,-,65,15,59,139,11,28,24,63,8,17,92,117,19,7,70,96,45,27,89,41,0,101,142
2026,11,46184,3,1,Linyi,China,Poland,Slovenia,2,3,25,25,24,25,17,27,23,26,21,19,2,19,16,3,0,-,16,3,10,29,3,8,3,14,0,4,21,25,5,3,15,23,8,5,15,6,0,22,28
2026,11,46184,3,1,Linyi,China,Poland,Slovenia,2,3,25,25,24,25,17,27,23,26,21,19,3,17,13,1,3,-,13,4,10,27,1,5,2,8,3,2,20,25,7,1,10,18,8,4,16,9,0,18,27
2026,11,46184,3,1,Linyi,China,Poland,Slovenia,2,3,25,25,24,25,17,27,23,26,21,19,4,19,14,2,3,-,14,3,12,29,2,6,4,12,3,5,16,24,3,1,18,22,7,9,19,10,0,20,30
2026,11,46184,3,1,Linyi,China,Poland,Slovenia,2,3,25,25,24,25,17,27,23,26,21,19,5,19,15,3,1,-,15,2,9,26,3,3,6,12,1,4,20,25,3,1,14,18,12,3,16,9,0,19,28
2026,11,46184,3,1,Linyi,China,Poland,Slovenia,2,3,25,25,24,25,17,27,23,26,21,19,6,10,7,2,1,-,7,3,18,28,2,6,9,17,1,2,15,18,1,1,13,15,10,6,23,7,0,22,29
2026,12,46184,2,1,Brasilia,Brazil,Bulgaria,Iran,3,0,25,25,25,-,-,23,19,21,-,-,1,54,42,10,2,-,42,9,20,71,10,16,7,33,2,20,52,74,7,2,39,48,19,7,41,20,1,50,71
2026,12,46184,2,1,Brasilia,Brazil,Bulgaria,Iran,3,0,25,25,25,-,-,23,19,21,-,-,2,17,13,3,1,-,13,5,8,26,3,5,1,9,1,7,17,25,2,0,15,17,7,3,16,7,1,21,29
2026,12,46184,2,1,Brasilia,Brazil,Bulgaria,Iran,3,0,25,25,25,-,-,23,19,21,-,-,3,20,15,5,0,-,15,1,5,21,5,6,3,14,0,5,19,24,3,1,12,16,4,3,12,7,0,14,21
2026,12,46184,2,1,Brasilia,Brazil,Bulgaria,Iran,3,0,25,25,25,-,-,23,19,21,-,-,4,17,14,2,1,-,14,3,7,24,2,5,3,10,1,8,16,25,2,1,12,15,8,1,13,6,0,15,21
2026,12,46184,2,1,Brasilia,Brazil,Iran,Bulgaria,0,3,23,19,21,-,-,25,25,25,-,-,1,37,30,5,2,-,30,14,22,66,5,20,14,39,2,15,47,64,17,2,35,54,15,12,31,19,0,47,66
2026,12,46184,2,1,Brasilia,Brazil,Iran,Bulgaria,0,3,23,19,21,-,-,25,25,25,-,-,2,13,10,3,0,-,10,4,4,18,3,8,8,19,0,6,17,23,3,1,14,18,4,3,8,5,0,15,20
2026,12,46184,2,1,Brasilia,Brazil,Iran,Bulgaria,0,3,23,19,21,-,-,25,25,25,-,-,3,13,12,0,1,-,12,6,9,27,0,6,2,8,1,4,15,20,8,0,11,19,5,5,12,9,0,17,26
2026,12,46184,2,1,Brasilia,Brazil,Iran,Bulgaria,0,3,23,19,21,-,-,25,25,25,-,-,4,11,8,2,1,-,8,4,9,21,2,6,4,12,1,5,15,21,6,1,10,17,6,4,11,5,0,15,20
2026,13,46184,1,1,Ottawa,Canada,Germany,Italy,1,3,20,25,21,31,-,25,20,25,33,-,1,64,51,7,6,-,51,17,44,112,7,27,32,66,6,18,75,99,10,5,62,77,36,30,85,24,2,89,115
2026,13,46184,1,1,Ottawa,Canada,Germany,Italy,1,3,20,25,21,31,-,25,20,25,33,-,2,14,11,1,2,-,11,3,13,27,1,5,11,17,2,3,16,21,2,2,15,19,12,9,28,8,1,22,31
2026,13,46184,1,1,Ottawa,Canada,Germany,Italy,1,3,20,25,21,31,-,25,20,25,33,-,3,18,16,1,1,-,16,3,7,26,1,6,5,12,1,6,17,24,0,1,14,15,8,4,15,7,0,18,25
2026,13,46184,1,1,Ottawa,Canada,Germany,Italy,1,3,20,25,21,31,-,25,20,25,33,-,4,13,11,1,1,-,11,5,8,24,1,6,7,14,1,5,17,23,5,1,13,19,7,8,16,8,0,15,23
2026,13,46184,1,1,Ottawa,Canada,Germany,Italy,1,3,20,25,21,31,-,25,20,25,33,-,5,19,13,4,2,-,13,6,16,35,4,10,9,23,2,4,25,31,3,1,20,24,9,9,26,1,1,34,36
2026,13,46184,1,1,Ottawa,Canada,Italy,Germany,3,1,25,20,25,33,-,20,25,21,31,-,1,73,60,8,5,-,60,13,50,123,8,26,20,54,5,25,72,102,12,6,63,81,36,21,73,44,1,77,122
2026,13,46184,1,1,Ottawa,Canada,Italy,Germany,3,1,25,20,25,33,-,20,25,21,31,-,2,19,16,1,2,-,16,2,16,34,1,4,4,9,2,5,17,24,4,2,12,18,10,5,23,10,0,21,31
2026,13,46184,1,1,Ottawa,Canada,Italy,Germany,3,1,25,20,25,33,-,20,25,21,31,-,3,12,10,1,1,-,10,2,9,21,1,10,4,15,1,6,14,21,1,1,16,18,4,5,11,9,0,13,22
2026,13,46184,1,1,Ottawa,Canada,Italy,Germany,3,1,25,20,25,33,-,20,25,21,31,-,4,16,13,2,1,-,13,4,12,29,2,2,3,7,1,5,18,24,4,1,13,18,9,7,19,11,0,18,29
2026,13,46184,1,1,Ottawa,Canada,Italy,Germany,3,1,25,20,25,33,-,20,25,21,31,-,5,26,21,4,1,-,21,5,13,39,4,10,9,23,1,9,23,33,3,2,22,27,13,4,20,14,1,25,40
2026,14,46184,2,1,Brasilia,Brazil,Brazil,Belgium,3,1,25,23,25,25,-,19,25,15,20,-,1,65,51,9,5,-,51,12,25,88,9,15,20,44,5,15,77,97,21,4,34,59,27,22,58,46,0,40,86
2026,14,46184,2,1,Brasilia,Brazil,Brazil,Belgium,3,1,25,23,25,25,-,19,25,15,20,-,2,17,16,0,1,-,16,0,5,21,0,1,7,8,1,4,19,24,3,0,11,14,7,10,18,9,0,11,20
2026,14,46184,2,1,Brasilia,Brazil,Brazil,Belgium,3,1,25,23,25,25,-,19,25,15,20,-,3,16,11,5,0,-,11,4,6,21,5,7,2,14,0,3,21,24,8,3,11,22,1,5,8,12,0,9,21
2026,14,46184,2,1,Brasilia,Brazil,Brazil,Belgium,3,1,25,23,25,25,-,19,25,15,20,-,4,14,9,3,2,-,9,4,6,19,3,3,7,13,2,4,18,24,4,0,4,8,8,3,13,12,0,6,18
2026,14,46184,2,1,Brasilia,Brazil,Brazil,Belgium,3,1,25,23,25,25,-,19,25,15,20,-,5,18,15,1,2,-,15,4,8,27,1,4,4,9,2,4,19,25,6,1,8,15,11,4,19,13,0,14,27
2026,14,46184,2,1,Brasilia,Brazil,Belgium,Brazil,1,3,19,25,15,20,-,25,23,25,25,-,1,58,47,7,4,-,47,20,38,105,7,17,10,34,4,21,55,80,24,5,53,82,21,19,54,31,1,72,104
2026,14,46184,2,1,Brasilia,Brazil,Belgium,Brazil,1,3,19,25,15,20,-,25,23,25,25,-,2,14,14,0,0,-,14,2,12,28,0,5,2,7,0,6,14,20,7,1,12,20,7,7,18,8,0,21,29
2026,14,46184,2,1,Brasilia,Brazil,Belgium,Brazil,1,3,19,25,15,20,-,25,23,25,25,-,3,20,15,2,3,-,15,9,2,26,2,3,2,7,3,2,19,24,6,0,15,21,4,5,10,3,1,21,25
2026,14,46184,2,1,Brasilia,Brazil,Belgium,Brazil,1,3,19,25,15,20,-,25,23,25,25,-,4,9,7,2,0,-,7,6,11,24,2,1,4,7,0,8,8,16,3,2,15,20,3,4,14,7,0,16,23
2026,14,46184,2,1,Brasilia,Brazil,Belgium,Brazil,1,3,19,25,15,20,-,25,23,25,25,-,5,15,11,3,1,-,11,3,13,27,3,8,2,13,1,5,14,20,8,2,11,21,7,3,12,13,0,14,27
2026,15,46184,1,1,Ottawa,Canada,Canada,France,3,1,25,25,21,27,-,20,18,25,25,-,1,74,58,15,1,-,58,12,30,100,15,24,20,59,1,16,80,97,20,6,47,73,32,12,58,33,1,67,101
2026,15,46184,1,1,Ottawa,Canada,Canada,France,3,1,25,25,21,27,-,20,18,25,25,-,2,19,13,6,0,-,13,1,7,21,6,5,5,16,0,4,20,24,8,3,7,18,7,4,14,9,0,14,23
2026,15,46184,1,1,Ottawa,Canada,Canada,France,3,1,25,25,21,27,-,20,18,25,25,-,3,18,13,4,1,-,13,2,3,18,4,5,4,13,1,3,21,25,3,2,8,13,5,3,12,9,0,8,17
2026,15,46184,1,1,Ottawa,Canada,Canada,France,3,1,25,25,21,27,-,20,18,25,25,-,4,15,14,1,0,-,14,5,11,30,1,8,6,15,0,3,18,21,3,1,16,20,10,2,14,4,0,26,30
2026,15,46184,1,1,Ottawa,Canada,Canada,France,3,1,25,25,21,27,-,20,18,25,25,-,5,22,18,4,0,-,18,4,9,31,4,6,5,15,0,6,21,27,6,0,16,22,10,3,18,11,1,19,31
2026,15,46184,1,1,Ottawa,Canada,France,Canada,1,3,20,18,25,25,-,25,25,21,27,-,1,66,53,7,6,-,53,22,46,121,7,16,15,38,6,16,67,89,20,1,60,81,36,19,62,36,0,83,119
2026,15,46184,1,1,Ottawa,Canada,France,Canada,1,3,20,18,25,25,-,25,25,21,27,-,2,16,12,1,3,-,12,9,8,29,1,3,2,6,3,3,15,21,4,0,16,20,9,5,15,6,0,23,29
2026,15,46184,1,1,Ottawa,Canada,France,Canada,1,3,20,18,25,25,-,25,25,21,27,-,3,14,11,1,2,-,11,5,8,24,1,3,1,5,2,5,11,18,5,1,16,22,3,4,8,10,0,13,23
2026,15,46184,1,1,Ottawa,Canada,France,Canada,1,3,20,18,25,25,-,25,25,21,27,-,4,20,16,3,1,-,16,2,13,31,3,6,6,15,1,5,19,25,7,0,11,18,11,5,18,8,0,23,31
2026,15,46184,1,1,Ottawa,Canada,France,Canada,1,3,20,18,25,25,-,25,25,21,27,-,5,16,14,2,0,-,14,6,17,37,2,4,6,12,0,3,22,25,4,0,17,21,13,5,21,12,0,24,36
2026,16,46185,3,1,Linyi,China,Ukraine,Cuba,3,0,25,25,25,-,-,21,20,16,-,-,1,51,40,9,2,-,40,9,23,72,9,15,14,38,2,10,61,73,13,3,29,45,17,9,40,23,0,45,68
2026,16,46185,3,1,Linyi,China,Ukraine,Cuba,3,0,25,25,25,-,-,21,20,16,-,-,2,21,19,0,2,-,19,5,11,35,0,8,7,15,2,3,19,24,6,0,12,18,9,1,19,9,0,22,31
2026,16,46185,3,1,Linyi,China,Ukraine,Cuba,3,0,25,25,25,-,-,21,20,16,-,-,3,15,11,4,0,-,11,3,9,23,4,4,3,11,0,3,22,25,3,1,12,16,5,4,12,7,0,16,23
2026,16,46185,3,1,Linyi,China,Ukraine,Cuba,3,0,25,25,25,-,-,21,20,16,-,-,4,15,10,5,0,-,10,1,3,14,5,3,4,12,0,4,20,24,4,2,5,11,3,4,9,7,0,7,14
2026,16,46185,3,1,Linyi,China,Cuba,Ukraine,0,3,21,20,16,-,-,25,25,25,-,-,1,42,35,4,3,-,35,16,23,74,4,14,8,26,3,14,42,59,18,2,43,63,13,13,40,35,1,43,79
2026,16,46185,3,1,Linyi,China,Cuba,Ukraine,0,3,21,20,16,-,-,25,25,25,-,-,2,14,13,1,0,-,13,0,13,26,1,7,5,13,0,4,18,22,3,2,16,21,6,5,21,10,0,18,28
2026,16,46185,3,1,Linyi,China,Cuba,Ukraine,0,3,21,20,16,-,-,25,25,25,-,-,3,16,13,2,1,-,13,7,6,26,2,6,2,10,1,4,15,20,9,0,13,22,5,2,10,17,1,10,28
2026,16,46185,3,1,Linyi,China,Cuba,Ukraine,0,3,21,20,16,-,-,25,25,25,-,-,4,12,9,1,2,-,9,9,4,22,1,1,1,3,2,6,9,17,6,0,14,20,2,6,9,8,0,15,23
2026,17,46185,3,1,Linyi,China,Japan,Poland,3,2,25,21,25,22,17,21,25,21,25,15,1,84,75,4,5,-,75,15,48,138,4,22,22,48,5,17,88,110,11,4,69,84,46,25,91,38,1,103,142
2026,17,46185,3,1,Linyi,China,Japan,Poland,3,2,25,21,25,22,17,21,25,21,25,15,2,19,17,1,1,-,17,4,6,27,1,2,6,9,1,5,19,25,4,0,12,16,9,5,15,10,1,15,26
2026,17,46185,3,1,Linyi,China,Japan,Poland,3,2,25,21,25,22,17,21,25,21,25,15,3,14,14,0,0,-,14,2,18,34,0,5,8,13,0,2,19,21,4,2,13,19,13,8,27,11,0,23,34
2026,17,46185,3,1,Linyi,China,Japan,Poland,3,2,25,21,25,22,17,21,25,21,25,15,4,21,19,1,1,-,19,5,15,39,1,4,3,8,1,4,20,25,3,0,14,17,15,2,25,7,0,32,39
2026,17,46185,3,1,Linyi,China,Japan,Poland,3,2,25,21,25,22,17,21,25,21,25,15,5,18,16,1,1,-,16,3,7,26,1,7,2,10,1,4,17,22,0,2,19,21,7,4,14,6,0,23,29
2026,17,46185,3,1,Linyi,China,Japan,Poland,3,2,25,21,25,22,17,21,25,21,25,15,6,12,9,1,2,-,9,1,2,12,1,4,3,8,2,2,13,17,0,0,11,11,2,6,10,4,0,10,14
2026,17,46185,3,1,Linyi,China,Poland,Japan,2,3,21,25,21,25,15,25,21,25,22,17,1,84,70,10,4,-,70,7,46,123,10,23,27,60,4,23,80,107,16,5,72,93,36,29,78,41,0,86,127
2026,17,46185,3,1,Linyi,China,Poland,Japan,2,3,21,25,21,25,15,25,21,25,22,17,2,14,11,3,0,-,11,2,7,20,3,4,4,11,0,5,16,21,3,1,16,20,4,5,11,10,0,10,20
2026,17,46185,3,1,Linyi,China,Poland,Japan,2,3,21,25,21,25,15,25,21,25,22,17,3,23,19,2,2,-,19,1,14,34,2,4,9,15,2,6,17,25,3,0,16,19,13,8,26,7,0,28,35
2026,17,46185,3,1,Linyi,China,Poland,Japan,2,3,21,25,21,25,15,25,21,25,22,17,4,15,12,3,0,-,12,1,12,25,3,9,9,21,0,4,17,21,6,1,14,21,7,5,15,8,0,20,28
2026,17,46185,3,1,Linyi,China,Poland,Japan,2,3,21,25,21,25,15,25,21,25,22,17,5,20,16,2,2,-,16,1,7,24,2,5,4,11,2,4,19,25,2,1,15,18,7,6,14,8,0,17,25
2026,17,46185,3,1,Linyi,China,Poland,Japan,2,3,21,25,21,25,15,25,21,25,22,17,6,12,12,0,0,-,12,2,6,20,0,1,1,2,0,4,11,15,2,2,11,15,5,5,12,8,0,11,19
2026,18,46185,2,1,Brasilia,Brazil,Belgium,Serbia,1,3,18,26,21,22,-,25,24,25,25,-,1,60,54,5,1,-,54,22,47,123,5,23,19,47,1,17,70,88,18,8,52,78,36,10,69,29,1,96,126
2026,18,46185,2,1,Brasilia,Brazil,Belgium,Serbia,1,3,18,26,21,22,-,25,24,25,25,-,2,12,12,0,0,-,12,3,7,22,0,5,2,7,0,4,15,19,4,5,10,19,4,3,12,8,0,15,23
2026,18,46185,2,1,Brasilia,Brazil,Belgium,Serbia,1,3,18,26,21,22,-,25,24,25,25,-,3,21,18,3,0,-,18,6,19,43,3,6,5,14,0,5,20,25,3,1,18,22,15,3,27,10,0,32,42
2026,18,46185,2,1,Brasilia,Brazil,Belgium,Serbia,1,3,18,26,21,22,-,25,24,25,25,-,4,12,10,1,1,-,10,4,10,24,1,7,5,13,1,5,16,22,4,1,14,19,4,3,12,4,1,22,27
2026,18,46185,2,1,Brasilia,Brazil,Belgium,Serbia,1,3,18,26,21,22,-,25,24,25,25,-,5,15,14,1,0,-,14,9,11,34,1,5,7,13,0,3,19,22,7,1,10,18,13,1,18,7,0,27,34
2026,18,46185,2,1,Brasilia,Brazil,Serbia,Belgium,3,1,25,24,25,25,-,18,26,21,22,-,1,71,50,13,8,-,50,10,39,99,13,23,34,70,8,20,70,98,18,1,52,71,25,20,57,28,0,74,102
2026,18,46185,2,1,Brasilia,Brazil,Serbia,Belgium,3,1,25,24,25,25,-,18,26,21,22,-,2,20,13,2,5,-,13,0,4,17,2,5,5,12,5,5,14,24,7,0,8,15,2,3,7,4,0,15,19
2026,18,46185,2,1,Brasilia,Brazil,Serbia,Belgium,3,1,25,24,25,25,-,18,26,21,22,-,3,15,12,2,1,-,12,4,15,31,2,7,14,23,1,3,21,25,4,0,16,20,10,11,24,7,0,23,30
2026,18,46185,2,1,Brasilia,Brazil,Serbia,Belgium,3,1,25,24,25,25,-,18,26,21,22,-,4,18,13,4,1,-,13,5,7,25,4,5,7,16,1,5,18,24,5,1,11,17,8,2,12,9,0,17,26
2026,18,46185,2,1,Brasilia,Brazil,Serbia,Belgium,3,1,25,24,25,25,-,18,26,21,22,-,5,18,12,5,1,-,12,1,13,26,5,6,8,19,1,7,17,25,2,0,17,19,5,4,14,8,0,19,27
2026,19,46185,1,1,Ottawa,Canada,Germany,USA,0,3,22,15,20,-,-,25,25,25,-,-,1,33,27,2,4,-,27,17,39,83,2,15,9,26,4,14,41,59,6,2,50,58,25,14,53,10,0,75,85
2026,19,46185,1,1,Ottawa,Canada,Germany,USA,0,3,22,15,20,-,-,25,25,25,-,-,2,16,13,1,2,-,13,6,17,36,1,7,6,14,2,5,16,23,3,1,16,20,13,6,25,2,0,34,36
2026,19,46185,1,1,Ottawa,Canada,Germany,USA,0,3,22,15,20,-,-,25,25,25,-,-,3,5,4,1,0,-,4,7,12,23,1,4,2,7,0,7,8,15,1,0,17,18,8,2,15,3,0,23,26
2026,19,46185,1,1,Ottawa,Canada,Germany,USA,0,3,22,15,20,-,-,25,25,25,-,-,4,12,10,0,2,-,10,4,10,24,0,4,1,5,2,2,17,21,2,1,17,20,4,6,13,5,0,18,23
2026,19,46185,1,1,Ottawa,Canada,USA,Germany,3,0,25,25,25,-,-,22,15,20,-,-,1,52,41,9,2,-,41,9,28,78,9,16,21,46,2,15,56,73,8,4,33,45,35,4,45,19,1,59,79
2026,19,46185,1,1,Ottawa,Canada,USA,Germany,3,0,25,25,25,-,-,22,15,20,-,-,2,15,12,2,1,-,12,2,14,28,2,8,9,19,1,4,19,24,3,2,13,18,12,3,19,4,0,26,30
2026,19,46185,1,1,Ottawa,Canada,USA,Germany,3,0,25,25,25,-,-,22,15,20,-,-,3,15,11,4,0,-,11,4,10,25,4,3,6,13,0,7,18,25,2,0,6,8,14,0,16,7,0,16,23
2026,19,46185,1,1,Ottawa,Canada,USA,Germany,3,0,25,25,25,-,-,22,15,20,-,-,4,22,18,3,1,-,18,3,4,25,3,5,6,14,1,4,19,24,3,2,14,19,9,1,10,8,1,17,26
2026,20,46185,2,1,Brasilia,Brazil,Iran,Argentina,3,0,25,25,25,-,-,23,19,23,-,-,1,56,46,4,6,-,46,13,29,88,4,11,9,24,6,13,55,74,15,4,37,56,30,10,53,22,0,70,92
2026,20,46185,2,1,Brasilia,Brazil,Iran,Argentina,3,0,25,25,25,-,-,23,19,23,-,-,2,16,14,0,2,-,14,4,10,28,0,5,4,9,2,4,19,25,9,1,8,18,8,4,21,8,0,23,31
2026,20,46185,2,1,Brasilia,Brazil,Iran,Argentina,3,0,25,25,25,-,-,23,19,23,-,-,3,19,17,0,2,-,17,5,4,26,0,3,5,8,2,5,17,24,4,1,12,17,10,1,11,6,0,20,26
2026,20,46185,2,1,Brasilia,Brazil,Iran,Argentina,3,0,25,25,25,-,-,23,19,23,-,-,4,21,15,4,2,-,15,4,15,34,4,3,0,7,2,4,19,25,2,2,17,21,12,5,21,8,0,27,35
2026,20,46185,2,1,Brasilia,Brazil,Argentina,Iran,0,3,23,19,23,-,-,25,25,25,-,-,1,47,33,10,4,-,33,11,31,75,10,24,18,52,4,10,52,66,6,6,49,61,19,8,39,24,1,49,74
2026,20,46185,2,1,Brasilia,Brazil,Argentina,Iran,0,3,23,19,23,-,-,25,25,25,-,-,2,17,13,3,1,-,13,3,13,29,3,6,4,13,1,5,17,23,4,2,15,21,10,4,18,13,1,15,29
2026,20,46185,2,1,Brasilia,Brazil,Argentina,Iran,0,3,23,19,23,-,-,25,25,25,-,-,3,13,8,4,1,-,8,3,12,23,4,8,3,15,1,3,16,20,1,2,16,19,4,2,9,7,0,16,23
2026,20,46185,2,1,Brasilia,Brazil,Argentina,Iran,0,3,23,19,23,-,-,25,25,25,-,-,4,17,12,3,2,-,12,5,6,23,3,10,11,24,2,2,19,23,1,2,18,21,5,2,12,4,0,18,22
2026,21,46185,1,1,Ottawa,Canada,Türkiye,France,3,0,25,27,25,-,-,23,25,21,-,-,1,55,40,12,3,-,40,13,30,83,12,11,14,37,3,14,59,76,15,6,36,57,25,11,43,36,1,46,83
2026,21,46185,1,1,Ottawa,Canada,Türkiye,France,3,0,25,27,25,-,-,23,25,21,-,-,2,20,17,2,1,-,17,5,15,37,2,3,5,10,1,4,20,25,8,1,12,21,13,3,20,19,0,18,37
2026,21,46185,1,1,Ottawa,Canada,Türkiye,France,3,0,25,27,25,-,-,23,25,21,-,-,3,19,13,6,0,-,13,7,8,28,6,3,6,15,0,3,23,26,6,1,15,22,8,5,13,14,1,14,29
2026,21,46185,1,1,Ottawa,Canada,Türkiye,France,3,0,25,27,25,-,-,23,25,21,-,-,4,16,10,4,2,-,10,1,7,18,4,5,3,12,2,7,16,25,1,4,9,14,4,3,10,3,0,14,17
2026,21,46185,1,1,Ottawa,Canada,France,Türkiye,0,3,23,25,21,-,-,25,27,25,-,-,1,48,34,8,6,-,34,21,26,81,8,16,16,40,6,13,51,70,15,3,44,62,21,8,43,32,0,56,88
2026,21,46185,1,1,Ottawa,Canada,France,Türkiye,0,3,23,25,21,-,-,25,27,25,-,-,2,17,13,3,1,-,13,5,10,28,3,7,8,18,1,2,20,23,6,1,14,21,9,5,21,12,0,21,33
2026,21,46185,1,1,Ottawa,Canada,France,Türkiye,0,3,23,25,21,-,-,25,27,25,-,-,3,18,13,4,1,-,13,10,10,33,4,3,4,11,1,4,21,26,5,0,18,23,8,3,15,12,0,22,34
2026,21,46185,1,1,Ottawa,Canada,France,Türkiye,0,3,23,25,21,-,-,25,27,25,-,-,4,13,8,1,4,-,8,6,6,20,1,6,4,11,4,7,10,21,4,2,12,18,4,0,7,8,0,13,21
2026,22,46186,3,1,Linyi,China,China,Japan,1,3,23,22,25,21,-,25,25,20,25,-,1,62,47,11,4,-,47,19,47,113,11,26,25,62,4,12,76,92,13,5,56,74,34,13,57,31,1,76,108
2026,22,46186,3,1,Linyi,China,China,Japan,1,3,23,22,25,21,-,25,25,20,25,-,2,17,14,2,1,-,14,5,10,29,2,9,4,15,1,3,19,23,2,0,19,21,5,1,9,6,0,22,28
2026,22,46186,3,1,Linyi,China,China,Japan,1,3,23,22,25,21,-,25,25,20,25,-,3,15,10,4,1,-,10,4,15,29,4,11,9,24,1,2,20,23,2,2,14,18,12,3,17,9,0,20,29
2026,22,46186,3,1,Linyi,China,China,Japan,1,3,23,22,25,21,-,25,25,20,25,-,4,16,12,2,2,-,12,5,9,26,2,2,6,10,2,1,21,24,5,1,10,16,8,4,15,10,1,13,24
2026,22,46186,3,1,Linyi,China,China,Japan,1,3,23,22,25,21,-,25,25,20,25,-,5,14,11,3,0,-,11,5,13,29,3,4,6,13,0,6,16,22,4,2,13,19,9,5,16,6,0,21,27
2026,22,46186,3,1,Linyi,China,Japan,China,3,1,25,25,20,25,-,23,22,25,21,-,1,72,57,10,5,-,57,19,40,116,10,15,18,43,5,20,69,94,12,4,64,80,37,14,76,37,1,79,117
2026,22,46186,3,1,Linyi,China,Japan,China,3,1,25,25,20,25,-,23,22,25,21,-,2,20,17,3,0,-,17,4,8,29,3,4,5,12,0,4,21,25,3,1,16,20,10,5,19,9,0,19,28
2026,22,46186,3,1,Linyi,China,Japan,China,3,1,25,25,20,25,-,23,22,25,21,-,3,20,16,2,2,-,16,5,12,33,2,5,4,11,2,6,16,24,4,1,16,21,11,3,22,10,0,25,35
2026,22,46186,3,1,Linyi,China,Japan,China,3,1,25,25,20,25,-,23,22,25,21,-,4,17,12,4,1,-,12,5,9,26,4,2,3,9,1,5,15,21,3,2,18,23,6,5,17,10,1,14,25
2026,22,46186,3,1,Linyi,China,Japan,China,3,1,25,25,20,25,-,23,22,25,21,-,5,15,12,1,2,-,12,5,11,28,1,4,6,11,2,5,17,24,2,0,14,16,10,1,18,8,0,21,29
2026,23,46186,3,1,Linyi,China,Cuba,Slovenia,2,3,15,28,25,14,11,25,26,19,25,15,1,68,55,10,3,-,55,26,42,123,10,21,14,45,3,16,75,94,32,4,58,94,25,15,60,32,1,92,125
2026,23,46186,3,1,Linyi,China,Cuba,Slovenia,2,3,15,28,25,14,11,25,26,19,25,15,2,11,10,1,0,-,10,6,11,27,1,5,1,7,0,6,9,15,7,0,15,22,0,2,7,4,0,23,27
2026,23,46186,3,1,Linyi,China,Cuba,Slovenia,2,3,15,28,25,14,11,25,26,19,25,15,3,18,16,2,0,-,16,4,15,35,2,5,5,12,0,3,25,28,12,1,9,22,11,3,20,8,0,26,34
2026,23,46186,3,1,Linyi,China,Cuba,Slovenia,2,3,15,28,25,14,11,25,26,19,25,15,4,19,14,3,2,-,14,4,5,23,3,2,3,8,2,2,20,24,6,2,8,16,7,4,16,9,1,15,25
2026,23,46186,3,1,Linyi,China,Cuba,Slovenia,2,3,15,28,25,14,11,25,26,19,25,15,5,11,8,3,0,-,8,6,7,21,3,6,0,9,0,4,11,15,4,1,16,21,2,4,9,6,0,16,22
2026,23,46186,3,1,Linyi,China,Cuba,Slovenia,2,3,15,28,25,14,11,25,26,19,25,15,6,9,7,1,1,-,7,6,4,17,1,3,5,9,1,1,10,12,3,0,10,13,5,2,8,5,0,12,17
2026,23,46186,3,1,Linyi,China,Slovenia,Cuba,3,2,25,26,19,25,15,15,28,25,14,11,1,82,62,16,4,-,62,18,34,114,16,21,27,64,4,15,90,109,27,3,48,78,37,10,53,51,0,62,113
2026,23,46186,3,1,Linyi,China,Slovenia,Cuba,3,2,25,26,19,25,15,15,28,25,14,11,2,17,13,4,0,-,13,2,1,16,4,3,9,16,0,3,22,25,5,0,4,9,7,3,12,7,0,10,17
2026,23,46186,3,1,Linyi,China,Slovenia,Cuba,3,2,25,26,19,25,15,15,28,25,14,11,3,20,17,2,1,-,17,6,12,35,2,6,10,18,1,4,21,26,8,0,17,25,11,4,18,18,0,18,36
2026,23,46186,3,1,Linyi,China,Slovenia,Cuba,3,2,25,26,19,25,15,15,28,25,14,11,4,16,10,4,2,-,10,5,10,25,4,5,4,13,2,4,14,20,7,2,13,22,5,0,5,10,0,14,24
2026,23,46186,3,1,Linyi,China,Slovenia,Cuba,3,2,25,26,19,25,15,15,28,25,14,11,5,17,14,2,1,-,14,3,4,21,2,3,3,8,1,3,20,24,5,0,6,11,9,1,10,11,0,9,20
2026,23,46186,3,1,Linyi,China,Slovenia,Cuba,3,2,25,26,19,25,15,15,28,25,14,11,6,12,8,4,0,-,8,2,7,17,4,4,1,9,0,1,13,14,2,1,8,11,5,2,8,5,0,11,16
2026,24,46186,2,1,Brasilia,Brazil,Brazil,Serbia,3,0,25,25,25,-,-,22,18,22,-,-,1,47,36,9,2,-,36,12,18,66,9,17,14,40,2,17,54,73,14,2,29,45,22,11,39,27,0,40,67
2026,24,46186,2,1,Brasilia,Brazil,Brazil,Serbia,3,0,25,25,25,-,-,22,18,22,-,-,2,16,13,2,1,-,13,6,5,24,2,5,4,11,1,3,20,24,5,0,14,19,5,5,13,8,0,16,24
2026,24,46186,2,1,Brasilia,Brazil,Brazil,Serbia,3,0,25,25,25,-,-,22,18,22,-,-,3,18,11,6,1,-,11,4,7,22,6,4,7,17,1,8,16,25,6,1,6,13,8,1,10,11,0,10,21
2026,24,46186,2,1,Brasilia,Brazil,Brazil,Serbia,3,0,25,25,25,-,-,22,18,22,-,-,4,13,12,1,0,-,12,2,6,20,1,8,3,12,0,6,18,24,3,1,9,13,9,5,16,8,0,14,22
2026,24,46186,2,1,Brasilia,Brazil,Serbia,Brazil,0,3,22,18,22,-,-,25,25,25,-,-,1,41,31,8,2,-,31,18,26,75,8,12,8,28,2,19,43,64,8,2,46,56,16,11,40,19,0,58,77
2026,24,46186,2,1,Brasilia,Brazil,Serbia,Brazil,0,3,22,18,22,-,-,25,25,25,-,-,2,17,13,4,0,-,13,7,7,27,4,4,2,10,0,4,19,23,1,1,19,21,6,5,14,6,0,21,27
2026,24,46186,2,1,Brasilia,Brazil,Serbia,Brazil,0,3,22,18,22,-,-,25,25,25,-,-,3,9,5,3,1,-,5,8,11,24,3,4,4,11,1,5,12,18,3,1,13,17,5,3,15,5,0,20,25
2026,24,46186,2,1,Brasilia,Brazil,Serbia,Brazil,0,3,22,18,22,-,-,25,25,25,-,-,4,15,13,1,1,-,13,3,8,24,1,4,2,7,1,10,12,23,4,0,14,18,5,3,11,8,0,17,25
2026,25,46186,2,1,Brasilia,Brazil,Bulgaria,Argentina,3,1,23,25,25,25,-,25,23,15,23,-,1,70,55,8,7,-,55,12,38,105,8,14,18,40,7,19,71,97,21,3,46,70,34,16,61,37,1,67,105
2026,25,46186,2,1,Brasilia,Brazil,Bulgaria,Argentina,3,1,23,25,25,25,-,25,23,15,23,-,2,16,14,1,1,-,14,5,13,32,1,5,5,11,1,5,18,24,6,0,14,20,10,3,16,15,0,16,31
2026,25,46186,2,1,Brasilia,Brazil,Bulgaria,Argentina,3,1,23,25,25,25,-,25,23,15,23,-,3,18,13,3,2,-,13,4,10,27,3,5,2,10,2,4,18,24,5,2,12,19,11,4,16,7,1,19,27
2026,25,46186,2,1,Brasilia,Brazil,Bulgaria,Argentina,3,1,23,25,25,25,-,25,23,15,23,-,4,19,15,2,2,-,15,0,7,22,2,2,7,11,2,3,20,25,6,1,5,12,9,5,19,9,0,14,23
2026,25,46186,2,1,Brasilia,Brazil,Bulgaria,Argentina,3,1,23,25,25,25,-,25,23,15,23,-,5,17,13,2,2,-,13,3,8,24,2,2,4,8,2,7,15,24,4,0,15,19,4,4,10,6,0,18,24
2026,25,46186,2,1,Brasilia,Brazil,Argentina,Bulgaria,1,3,25,23,15,23,-,23,25,25,25,-,1,59,50,6,3,-,50,15,37,102,6,22,18,46,3,17,67,87,18,7,53,78,26,14,56,37,1,67,105
2026,25,46186,2,1,Brasilia,Brazil,Argentina,Bulgaria,1,3,25,23,15,23,-,23,25,25,25,-,2,18,15,3,0,-,15,3,11,29,3,6,5,14,0,4,20,24,4,1,14,19,10,4,18,7,0,21,28
2026,25,46186,2,1,Brasilia,Brazil,Argentina,Bulgaria,1,3,25,23,15,23,-,23,25,25,25,-,3,15,12,1,2,-,12,4,8,24,1,7,5,13,2,5,17,24,3,2,15,20,6,2,12,8,0,18,26
2026,25,46186,2,1,Brasilia,Brazil,Argentina,Bulgaria,1,3,25,23,15,23,-,23,25,25,25,-,4,12,11,0,1,-,11,4,12,27,0,6,3,9,1,3,11,15,7,2,13,22,5,5,13,13,0,14,27
2026,25,46186,2,1,Brasilia,Brazil,Argentina,Bulgaria,1,3,25,23,15,23,-,23,25,25,25,-,5,14,12,2,0,-,12,4,6,22,2,3,5,10,0,5,19,24,4,2,11,17,5,3,13,9,1,14,24
2026,26,46186,1,1,Ottawa,Canada,Canada,USA,2,3,25,35,24,21,11,20,33,26,25,15,1,83,65,14,4,-,65,26,63,154,14,34,29,77,4,21,91,116,21,5,74,100,44,18,88,50,0,102,152
2026,26,46186,1,1,Ottawa,Canada,Canada,USA,2,3,25,35,24,21,11,20,33,26,25,15,2,16,11,3,2,-,11,1,11,23,3,5,8,16,2,5,17,24,3,1,12,16,7,2,12,8,0,14,22
2026,26,46186,1,1,Ottawa,Canada,Canada,USA,2,3,25,35,24,21,11,20,33,26,25,15,3,27,24,2,1,-,24,9,15,48,2,5,11,18,1,5,29,35,4,0,25,29,13,8,30,17,0,30,47
2026,26,46186,1,1,Ottawa,Canada,Canada,USA,2,3,25,35,24,21,11,20,33,26,25,15,4,19,14,5,0,-,14,6,13,33,5,8,5,18,0,6,18,24,7,1,13,21,9,4,19,8,0,25,33
2026,26,46186,1,1,Ottawa,Canada,Canada,USA,2,3,25,35,24,21,11,20,33,26,25,15,5,15,11,3,1,-,11,6,13,30,3,10,4,17,1,3,18,22,5,2,15,22,10,2,14,13,0,18,31
2026,26,46186,1,1,Ottawa,Canada,Canada,USA,2,3,25,35,24,21,11,20,33,26,25,15,6,6,5,1,0,-,5,4,11,20,1,6,1,8,0,2,9,11,2,1,9,12,5,2,13,4,0,15,19
2026,26,46186,1,1,Ottawa,Canada,USA,Canada,3,2,20,33,26,25,15,25,35,24,21,11,1,90,67,18,5,-,67,25,59,151,18,28,38,84,5,19,95,119,19,4,72,95,45,13,84,30,1,118,149
2026,26,46186,1,1,Ottawa,Canada,USA,Canada,3,2,20,33,26,25,15,25,35,24,21,11,2,14,13,0,1,-,13,6,13,32,0,5,5,10,1,5,15,21,3,2,14,19,10,2,17,4,0,27,31
2026,26,46186,1,1,Ottawa,Canada,USA,Canada,3,2,20,33,26,25,15,25,35,24,21,11,3,25,19,6,0,-,19,5,21,45,6,7,9,22,0,4,29,33,6,1,23,30,10,6,26,9,1,35,45
2026,26,46186,1,1,Ottawa,Canada,USA,Canada,3,2,20,33,26,25,15,25,35,24,21,11,4,18,13,4,1,-,13,5,9,27,4,6,7,17,1,5,20,26,4,0,14,18,7,2,14,6,0,20,26
2026,26,46186,1,1,Ottawa,Canada,USA,Canada,3,2,20,33,26,25,15,25,35,24,21,11,5,20,14,4,2,-,14,7,10,31,4,6,10,20,2,2,20,24,4,1,14,19,11,2,17,10,0,21,31
2026,26,46186,1,1,Ottawa,Canada,USA,Canada,3,2,20,33,26,25,15,25,35,24,21,11,6,13,8,4,1,-,8,2,6,16,4,4,7,15,1,3,11,15,2,0,7,9,7,1,10,1,0,15,16
2026,27,46186,1,1,Ottawa,Canada,Türkiye,Italy,0,3,27,14,20,-,-,29,25,25,-,-,1,45,37,6,2,-,37,21,37,95,6,10,15,31,2,13,47,62,15,3,51,69,26,10,47,28,1,68,97
2026,27,46186,1,1,Ottawa,Canada,Türkiye,Italy,0,3,27,14,20,-,-,29,25,25,-,-,2,25,19,5,1,-,19,8,17,44,5,5,8,18,1,6,20,27,5,1,23,29,12,2,21,12,0,32,44
2026,27,46186,1,1,Ottawa,Canada,Türkiye,Italy,0,3,27,14,20,-,-,29,25,25,-,-,3,6,4,1,1,-,4,6,12,22,1,2,3,6,1,3,11,15,5,2,11,18,8,3,12,7,1,14,22
2026,27,46186,1,1,Ottawa,Canada,Türkiye,Italy,0,3,27,14,20,-,-,29,25,25,-,-,4,14,14,0,0,-,14,7,8,29,0,3,4,7,0,4,16,20,5,0,17,22,6,5,14,9,0,22,31
2026,27,46186,1,1,Ottawa,Canada,Italy,Türkiye,3,0,29,25,25,-,-,27,14,20,-,-,1,51,40,8,3,-,40,12,28,80,8,16,21,45,3,9,66,78,15,2,32,49,29,14,53,32,0,46,78
2026,27,46186,1,1,Ottawa,Canada,Italy,Türkiye,3,0,29,25,25,-,-,27,14,20,-,-,2,18,14,3,1,-,14,7,13,34,3,11,9,23,1,0,28,29,6,1,14,21,13,3,21,15,0,19,34
2026,27,46186,1,1,Ottawa,Canada,Italy,Türkiye,3,0,29,25,25,-,-,27,14,20,-,-,3,18,13,3,2,-,13,2,8,23,3,3,5,11,2,6,16,24,3,1,8,12,10,1,14,9,0,12,21
2026,27,46186,1,1,Ottawa,Canada,Italy,Türkiye,3,0,29,25,25,-,-,27,14,20,-,-,4,15,13,2,0,-,13,3,7,23,2,2,7,11,0,3,22,25,6,0,10,16,6,10,18,8,0,15,23
2026,28,46187,3,1,Linyi,China,Ukraine,Poland,2,3,25,25,22,21,11,19,18,25,25,15,1,68,51,10,7,-,51,15,31,97,10,20,18,48,7,19,78,104,13,5,60,78,23,14,47,32,3,62,97
2026,28,46187,3,1,Linyi,China,Ukraine,Poland,2,3,25,25,22,21,11,19,18,25,25,15,2,18,13,3,2,-,13,3,7,23,3,5,9,17,2,2,20,24,2,1,12,15,9,2,14,7,2,15,24
2026,28,46187,3,1,Linyi,China,Ukraine,Poland,2,3,25,25,22,21,11,19,18,25,25,15,3,13,7,3,3,-,7,1,2,10,3,2,1,6,3,3,19,25,2,0,8,10,0,4,4,4,0,6,10
2026,28,46187,3,1,Linyi,China,Ukraine,Poland,2,3,25,25,22,21,11,19,18,25,25,15,4,15,13,1,1,-,13,6,9,28,1,5,2,8,1,3,18,22,2,1,17,20,9,5,16,7,0,20,27
2026,28,46187,3,1,Linyi,China,Ukraine,Poland,2,3,25,25,22,21,11,19,18,25,25,15,5,13,10,2,1,-,10,2,6,18,2,6,4,12,1,5,16,22,3,3,13,19,3,1,7,8,1,11,20
2026,28,46187,3,1,Linyi,China,Ukraine,Poland,2,3,25,25,22,21,11,19,18,25,25,15,6,9,8,1,0,-,8,3,7,18,1,2,2,5,0,6,5,11,4,0,10,14,2,2,6,6,0,10,16
2026,28,46187,3,1,Linyi,China,Poland,Ukraine,3,2,19,18,25,25,15,25,25,22,21,11,1,73,59,9,5,-,59,21,32,112,9,14,19,42,5,24,73,102,10,7,68,85,32,20,64,41,0,72,113
2026,28,46187,3,1,Linyi,China,Poland,Ukraine,3,2,19,18,25,25,15,25,25,22,21,11,2,14,11,2,1,-,11,5,12,28,2,2,5,9,1,5,14,20,3,2,17,22,7,3,16,10,0,20,30
2026,28,46187,3,1,Linyi,China,Poland,Ukraine,3,2,19,18,25,25,15,25,25,22,21,11,3,13,13,0,0,-,13,7,2,22,0,2,2,4,0,8,10,18,4,3,15,22,2,3,6,11,0,11,22
2026,28,46187,3,1,Linyi,China,Poland,Ukraine,3,2,19,18,25,25,15,25,25,22,21,11,4,21,15,5,1,-,15,2,7,24,5,5,4,14,1,5,19,25,2,1,16,19,8,5,15,13,0,11,24
2026,28,46187,3,1,Linyi,China,Poland,Ukraine,3,2,19,18,25,25,15,25,25,22,21,11,5,18,14,1,3,-,14,5,7,26,1,2,3,6,3,5,16,24,1,1,15,17,8,5,15,5,0,21,26
2026,28,46187,3,1,Linyi,China,Poland,Ukraine,3,2,19,18,25,25,15,25,25,22,21,11,6,7,6,1,0,-,6,2,4,12,1,3,5,9,0,1,14,15,0,0,5,5,7,4,12,2,0,9,11
2026,29,46187,3,1,Linyi,China,China,Cuba,3,0,25,25,25,-,-,21,19,23,-,-,1,54,41,6,7,-,41,15,21,77,6,15,19,40,7,7,59,73,13,3,40,56,14,6,27,23,0,49,72
2026,29,46187,3,1,Linyi,China,China,Cuba,3,0,25,25,25,-,-,21,19,23,-,-,2,16,13,2,1,-,13,5,9,27,2,5,8,15,1,4,19,24,3,1,16,20,6,3,11,6,0,19,25
2026,29,46187,3,1,Linyi,China,China,Cuba,3,0,25,25,25,-,-,21,19,23,-,-,3,18,15,0,3,-,15,4,5,24,0,6,6,12,3,2,20,25,4,0,11,15,4,1,8,9,0,13,22
2026,29,46187,3,1,Linyi,China,China,Cuba,3,0,25,25,25,-,-,21,19,23,-,-,4,20,13,4,3,-,13,6,7,26,4,4,5,13,3,1,20,24,6,2,13,21,4,2,8,8,0,17,25
2026,29,46187,3,1,Linyi,China,Cuba,China,0,3,21,19,23,-,-,25,25,25,-,-,1,49,38,8,3,-,38,14,22,74,8,21,12,41,3,9,53,65,11,7,48,66,11,4,30,16,0,60,76
2026,29,46187,3,1,Linyi,China,Cuba,China,0,3,21,19,23,-,-,25,25,25,-,-,2,13,11,1,1,-,11,7,10,28,1,9,5,15,1,2,19,22,6,1,13,20,6,1,14,7,0,21,28
2026,29,46187,3,1,Linyi,China,Cuba,China,0,3,21,19,23,-,-,25,25,25,-,-,3,16,13,3,0,-,13,3,6,22,3,5,4,12,0,4,15,19,1,3,19,23,2,1,6,3,0,19,22
2026,29,46187,3,1,Linyi,China,Cuba,China,0,3,21,19,23,-,-,25,25,25,-,-,4,20,14,4,2,-,14,4,6,24,4,7,3,14,2,3,19,24,4,3,16,23,3,2,10,6,0,20,26
2026,30,46187,3,1,Linyi,China,Slovenia,Japan,1,3,27,16,22,22,-,25,25,25,25,-,1,67,51,9,7,-,51,9,38,98,9,19,23,51,7,21,60,88,15,7,61,83,19,10,42,28,1,72,101
2026,30,46187,3,1,Linyi,China,Slovenia,Japan,1,3,27,16,22,22,-,25,25,25,25,-,2,21,16,2,3,-,16,1,14,31,2,6,11,19,3,7,16,26,5,0,17,22,8,4,17,7,1,24,32
2026,30,46187,3,1,Linyi,China,Slovenia,Japan,1,3,27,16,22,22,-,25,25,25,25,-,3,14,10,2,2,-,10,3,7,20,2,3,2,7,2,3,12,17,2,3,17,22,0,2,4,6,0,14,20
2026,30,46187,3,1,Linyi,China,Slovenia,Japan,1,3,27,16,22,22,-,25,25,25,25,-,4,15,10,4,1,-,10,3,8,21,4,5,3,12,1,7,14,22,5,1,13,19,4,1,7,8,0,15,23
2026,30,46187,3,1,Linyi,China,Slovenia,Japan,1,3,27,16,22,22,-,25,25,25,25,-,5,17,15,1,1,-,15,2,9,26,1,5,7,13,1,4,18,23,3,3,14,20,7,3,14,7,0,19,26
2026,30,46187,3,1,Linyi,China,Japan,Slovenia,3,1,25,25,25,25,-,27,16,22,22,-,1,71,60,4,7,-,60,11,32,103,4,23,23,50,7,16,76,99,14,7,46,67,35,14,63,27,0,76,103
2026,30,46187,3,1,Linyi,China,Japan,Slovenia,3,1,25,25,25,25,-,27,16,22,22,-,2,15,15,0,0,-,15,4,15,34,0,4,8,12,0,4,22,26,4,3,12,19,16,5,29,7,0,28,35
2026,30,46187,3,1,Linyi,China,Japan,Slovenia,3,1,25,25,25,25,-,27,16,22,22,-,3,20,16,1,3,-,16,2,2,20,1,4,6,11,3,2,19,24,3,2,9,14,6,3,10,6,0,13,19
2026,30,46187,3,1,Linyi,China,Japan,Slovenia,3,1,25,25,25,25,-,27,16,22,22,-,4,15,13,1,1,-,13,4,5,22,1,7,4,12,1,6,18,25,5,1,9,15,6,2,9,5,0,15,20
2026,30,46187,3,1,Linyi,China,Japan,Slovenia,3,1,25,25,25,25,-,27,16,22,22,-,5,21,16,2,3,-,16,1,10,27,2,8,5,15,3,4,17,24,2,1,16,19,7,4,15,9,0,20,29
2026,31,46187,2,1,Brasilia,Brazil,Belgium,Iran,3,2,25,25,23,17,15,23,22,25,25,12,1,64,53,5,6,-,53,17,33,103,5,26,25,56,6,17,82,105,24,5,46,75,26,17,56,27,0,74,101
2026,31,46187,2,1,Brasilia,Brazil,Belgium,Iran,3,2,25,25,23,17,15,23,22,25,25,12,2,16,12,2,2,-,12,3,9,24,2,10,5,17,2,3,20,25,8,1,7,16,6,1,13,10,0,13,23
2026,31,46187,2,1,Brasilia,Brazil,Belgium,Iran,3,2,25,25,23,17,15,23,22,25,25,12,3,14,12,0,2,-,12,4,7,23,0,6,6,12,2,3,19,24,3,1,10,14,8,5,16,4,0,19,23
2026,31,46187,2,1,Brasilia,Brazil,Belgium,Iran,3,2,25,25,23,17,15,23,22,25,25,12,4,14,12,1,1,-,12,4,8,24,1,5,4,10,1,3,20,24,6,0,12,18,4,3,9,7,0,17,24
2026,31,46187,2,1,Brasilia,Brazil,Belgium,Iran,3,2,25,25,23,17,15,23,22,25,25,12,5,12,11,1,0,-,11,5,5,21,1,3,5,9,0,5,12,17,5,2,13,20,3,6,10,5,0,14,19
2026,31,46187,2,1,Brasilia,Brazil,Belgium,Iran,3,2,25,25,23,17,15,23,22,25,25,12,6,8,6,1,1,-,6,1,4,11,1,2,5,8,1,3,11,15,2,1,4,7,5,2,8,1,0,11,12
2026,31,46187,2,1,Brasilia,Brazil,Iran,Belgium,2,3,23,22,25,25,12,25,25,23,17,15,1,83,68,10,5,-,68,12,36,116,10,17,20,47,5,32,70,107,21,6,61,88,27,16,58,36,1,81,118
2026,31,46187,2,1,Brasilia,Brazil,Iran,Belgium,2,3,23,22,25,25,12,25,25,23,17,15,2,20,16,3,1,-,16,3,10,29,3,4,6,13,1,7,15,23,6,2,14,22,9,5,16,9,0,21,30
2026,31,46187,2,1,Brasilia,Brazil,Iran,Belgium,2,3,23,22,25,25,12,25,25,23,17,15,3,17,14,2,1,-,14,2,8,24,2,4,5,11,1,9,13,23,4,2,15,21,3,3,8,5,0,18,23
2026,31,46187,2,1,Brasilia,Brazil,Iran,Belgium,2,3,23,22,25,25,12,25,25,23,17,15,4,20,18,2,0,-,18,3,6,27,2,3,4,9,0,6,18,24,7,1,13,21,6,4,14,12,1,16,29
2026,31,46187,2,1,Brasilia,Brazil,Iran,Belgium,2,3,23,22,25,25,12,25,25,23,17,15,5,18,13,3,2,-,13,1,5,19,3,4,4,11,2,5,18,25,1,0,11,12,5,1,10,6,0,13,19
2026,31,46187,2,1,Brasilia,Brazil,Iran,Belgium,2,3,23,22,25,25,12,25,25,23,17,15,6,8,7,0,1,-,7,3,7,17,0,2,1,3,1,5,6,12,3,1,8,12,4,3,10,4,0,13,17
2026,32,46187,1,1,Ottawa,Canada,Germany,France,3,1,40,19,25,25,-,38,25,20,22,-,1,76,63,6,7,-,63,18,63,144,6,22,22,50,7,22,79,108,17,3,66,86,47,12,78,43,0,100,143
2026,32,46187,1,1,Ottawa,Canada,Germany,France,3,1,40,19,25,25,-,38,25,20,22,-,2,24,22,2,0,-,22,8,26,56,2,10,9,21,0,6,33,39,4,1,23,28,24,3,33,12,0,43,55
2026,32,46187,1,1,Ottawa,Canada,Germany,France,3,1,40,19,25,25,-,38,25,20,22,-,3,16,13,2,1,-,13,2,11,26,2,5,1,8,1,8,11,20,3,1,18,22,4,3,11,10,0,16,26
2026,32,46187,1,1,Ottawa,Canada,Germany,France,3,1,40,19,25,25,-,38,25,20,22,-,4,20,16,0,4,-,16,3,6,25,0,4,3,7,4,4,16,24,5,1,11,17,7,1,11,10,0,16,26
2026,32,46187,1,1,Ottawa,Canada,Germany,France,3,1,40,19,25,25,-,38,25,20,22,-,5,16,12,2,2,-,12,5,20,37,2,3,9,14,2,4,19,25,5,0,14,19,12,5,23,11,0,25,36
2026,32,46187,1,1,Ottawa,Canada,France,Germany,1,3,38,25,20,22,-,40,19,25,25,-,1,74,61,10,3,-,61,15,50,126,10,28,25,63,3,20,83,106,22,7,57,86,46,14,72,48,2,80,130
2026,32,46187,1,1,Ottawa,Canada,France,Germany,1,3,38,25,20,22,-,40,19,25,25,-,2,29,23,5,1,-,23,5,22,50,5,12,10,27,1,11,27,39,11,0,22,33,17,3,26,21,0,31,52
2026,32,46187,1,1,Ottawa,Canada,France,Germany,1,3,38,25,20,22,-,40,19,25,25,-,3,17,14,2,1,-,14,3,5,22,2,5,5,12,1,2,21,24,3,1,8,12,8,4,13,7,0,12,19
2026,32,46187,1,1,Ottawa,Canada,France,Germany,1,3,38,25,20,22,-,40,19,25,25,-,4,14,12,1,1,-,12,0,7,19,1,8,2,11,1,4,16,21,5,4,11,20,4,4,9,8,1,11,20
2026,32,46187,1,1,Ottawa,Canada,France,Germany,1,3,38,25,20,22,-,40,19,25,25,-,5,14,12,2,0,-,12,7,16,35,2,3,8,13,0,3,19,22,3,2,16,21,17,3,24,12,1,26,39
2026,33,46187,2,1,Brasilia,Brazil,Bulgaria,Serbia,0,3,28,22,23,-,-,30,25,25,-,-,1,53,47,5,1,-,47,11,31,89,5,18,19,42,1,16,58,75,15,5,46,66,22,9,42,24,2,62,88
2026,33,46187,2,1,Brasilia,Brazil,Bulgaria,Serbia,0,3,28,22,23,-,-,30,25,25,-,-,2,21,19,2,0,-,19,4,21,44,2,7,9,18,0,9,20,29,4,2,20,26,15,2,25,11,1,33,45
2026,33,46187,2,1,Brasilia,Brazil,Bulgaria,Serbia,0,3,28,22,23,-,-,30,25,25,-,-,3,14,12,2,0,-,12,3,4,19,2,5,5,12,0,4,18,22,8,2,9,19,1,3,6,4,0,14,18
2026,33,46187,2,1,Brasilia,Brazil,Bulgaria,Serbia,0,3,28,22,23,-,-,30,25,25,-,-,4,18,16,1,1,-,16,4,6,26,1,6,5,12,1,3,20,24,3,1,17,21,6,4,11,9,1,15,25
2026,33,46187,2,1,Brasilia,Brazil,Serbia,Bulgaria,3,0,30,25,25,-,-,28,22,23,-,-,1,52,42,5,5,-,42,11,38,91,5,23,19,47,5,12,61,78,14,1,44,59,25,8,48,30,1,61,92
2026,33,46187,2,1,Brasilia,Brazil,Serbia,Bulgaria,3,0,30,25,25,-,-,28,22,23,-,-,2,16,12,2,2,-,12,5,20,37,2,9,14,25,2,3,24,29,6,0,14,20,13,6,25,9,0,28,37
2026,33,46187,2,1,Brasilia,Brazil,Serbia,Bulgaria,3,0,30,25,25,-,-,28,22,23,-,-,3,18,15,1,2,-,15,4,7,26,1,5,2,8,2,6,17,25,4,0,14,18,4,1,9,7,0,19,26
2026,33,46187,2,1,Brasilia,Brazil,Serbia,Bulgaria,3,0,30,25,25,-,-,28,22,23,-,-,4,18,15,2,1,-,15,2,11,28,2,9,3,14,1,3,20,24,4,1,16,21,8,1,14,14,1,14,29
2026,34,46187,1,1,Ottawa,Canada,Canada,Türkiye,2,3,21,25,23,25,8,25,17,25,14,15,1,68,54,9,5,-,54,18,41,113,9,21,34,64,5,16,81,102,9,8,59,76,43,14,67,37,1,78,116
2026,34,46187,1,1,Ottawa,Canada,Canada,Türkiye,2,3,21,25,23,25,8,25,17,25,14,15,2,11,8,1,2,-,8,6,6,20,1,5,6,12,2,3,17,22,1,3,14,18,7,2,11,5,1,15,21
2026,34,46187,1,1,Ottawa,Canada,Canada,Türkiye,2,3,21,25,23,25,8,25,17,25,14,15,3,18,14,4,0,-,14,0,8,22,4,1,9,14,0,5,19,24,2,2,9,13,10,7,18,12,0,10,22
2026,34,46187,1,1,Ottawa,Canada,Canada,Türkiye,2,3,21,25,23,25,8,25,17,25,14,15,4,17,16,1,0,-,16,4,12,32,1,8,9,18,0,6,18,24,4,2,15,21,13,1,18,10,0,24,34
2026,34,46187,1,1,Ottawa,Canada,Canada,Türkiye,2,3,21,25,23,25,8,25,17,25,14,15,5,16,10,3,3,-,10,2,8,20,3,2,7,12,3,1,20,24,1,1,8,10,10,3,15,7,0,14,21
2026,34,46187,1,1,Ottawa,Canada,Canada,Türkiye,2,3,21,25,23,25,8,25,17,25,14,15,6,6,6,0,0,-,6,6,7,19,0,5,3,8,0,1,7,8,1,0,13,14,3,1,5,3,0,15,18
2026,34,46187,1,1,Ottawa,Canada,Türkiye,Canada,3,2,25,17,25,14,15,21,25,23,25,8,1,70,52,10,8,-,52,17,49,118,10,27,23,60,8,20,68,96,23,5,58,86,31,11,59,35,1,87,123
2026,34,46187,1,1,Ottawa,Canada,Türkiye,Canada,3,2,25,17,25,14,15,21,25,23,25,8,2,17,12,2,3,-,12,3,10,25,2,4,2,8,3,6,15,24,3,2,14,19,7,3,13,6,1,18,25
2026,34,46187,1,1,Ottawa,Canada,Türkiye,Canada,3,2,25,17,25,14,15,21,25,23,25,8,3,12,10,0,2,-,10,5,12,27,0,5,5,10,2,5,11,18,9,0,10,19,3,3,14,10,0,20,30
2026,34,46187,1,1,Ottawa,Canada,Türkiye,Canada,3,2,25,17,25,14,15,21,25,23,25,8,4,17,13,2,2,-,13,3,13,29,2,7,8,17,2,3,19,24,2,0,16,18,11,3,16,7,0,22,29
2026,34,46187,1,1,Ottawa,Canada,Türkiye,Canada,3,2,25,17,25,14,15,21,25,23,25,8,5,12,9,2,1,-,9,6,11,26,2,6,5,13,1,5,9,15,6,3,14,23,6,2,10,10,0,17,27
2026,34,46187,1,1,Ottawa,Canada,Türkiye,Canada,3,2,25,17,25,14,15,21,25,23,25,8,6,12,8,4,0,-,8,0,3,11,4,5,3,12,0,1,14,15,3,0,4,7,4,0,6,2,0,10,12
2026,35,46187,2,1,Brasilia,Brazil,Brazil,Argentina,3,2,18,24,25,25,15,25,26,19,23,9,1,82,65,10,7,-,65,20,29,114,10,18,11,39,7,25,75,107,27,2,59,88,24,17,54,41,0,71,112
2026,35,46187,2,1,Brasilia,Brazil,Brazil,Argentina,3,2,18,24,25,25,15,25,26,19,23,9,2,14,13,0,1,-,13,5,7,25,0,5,2,7,1,7,11,19,9,1,11,21,3,5,12,8,0,16,24
2026,35,46187,2,1,Brasilia,Brazil,Brazil,Argentina,3,2,18,24,25,25,15,25,26,19,23,9,3,19,16,1,2,-,16,6,6,28,1,6,3,10,2,4,18,24,6,0,17,23,6,4,14,9,0,20,29
2026,35,46187,2,1,Brasilia,Brazil,Brazil,Argentina,3,2,18,24,25,25,15,25,26,19,23,9,4,17,13,2,2,-,13,3,7,23,2,3,4,9,2,6,17,25,5,0,8,13,9,4,14,10,0,12,22
2026,35,46187,2,1,Brasilia,Brazil,Brazil,Argentina,3,2,18,24,25,25,15,25,26,19,23,9,5,19,15,3,1,-,15,5,7,27,3,3,0,6,1,5,18,24,5,1,16,22,4,3,10,10,0,16,26
2026,35,46187,2,1,Brasilia,Brazil,Brazil,Argentina,3,2,18,24,25,25,15,25,26,19,23,9,6,13,8,4,1,-,8,1,2,11,4,1,2,7,1,3,11,15,2,0,7,9,2,1,4,4,0,7,11
2026,35,46187,2,1,Brasilia,Brazil,Argentina,Brazil,2,3,25,26,19,23,9,18,24,25,25,15,1,66,55,9,2,-,55,17,29,101,9,21,10,40,2,15,86,103,18,7,57,82,25,18,52,34,1,70,105
2026,35,46187,2,1,Brasilia,Brazil,Argentina,Brazil,2,3,25,26,19,23,9,18,24,25,25,15,2,14,12,1,1,-,12,0,5,17,1,3,5,9,1,4,20,25,3,1,8,12,5,4,11,7,0,10,17
2026,35,46187,2,1,Brasilia,Brazil,Argentina,Brazil,2,3,25,26,19,23,9,18,24,25,25,15,3,19,16,3,0,-,16,2,11,29,3,6,1,10,0,3,23,26,2,2,16,20,10,6,17,9,0,20,29
2026,35,46187,2,1,Brasilia,Brazil,Argentina,Brazil,2,3,25,26,19,23,9,18,24,25,25,15,4,11,10,1,0,-,10,3,8,21,1,6,1,8,0,6,13,19,6,2,11,19,6,3,11,8,1,15,24
2026,35,46187,2,1,Brasilia,Brazil,Argentina,Brazil,2,3,25,26,19,23,9,18,24,25,25,15,5,16,12,3,1,-,12,6,2,20,3,4,3,10,1,2,21,24,2,1,16,19,3,4,9,5,0,17,22
2026,35,46187,2,1,Brasilia,Brazil,Argentina,Brazil,2,3,25,26,19,23,9,18,24,25,25,15,6,6,5,1,0,-,5,6,3,14,1,2,0,3,0,0,9,9,5,1,6,12,1,1,4,5,0,8,13
2026,36,46187,1,1,Ottawa,Canada,USA,Italy,2,3,18,25,19,25,10,25,15,25,18,15,1,70,50,12,8,-,50,17,44,111,12,23,26,61,8,16,74,98,20,7,53,80,32,20,66,29,1,81,111
2026,36,46187,1,1,Ottawa,Canada,USA,Italy,2,3,18,25,19,25,10,25,15,25,18,15,2,12,9,2,1,-,9,6,10,25,2,8,8,18,1,1,17,19,4,1,15,20,7,3,12,9,0,16,25
2026,36,46187,1,1,Ottawa,Canada,USA,Italy,2,3,18,25,19,25,10,25,15,25,18,15,3,20,13,4,3,-,13,2,9,24,4,2,8,14,3,5,16,24,6,1,7,14,9,3,15,8,0,15,23
2026,36,46187,1,1,Ottawa,Canada,USA,Italy,2,3,18,25,19,25,10,25,15,25,18,15,4,13,11,1,1,-,11,5,10,26,1,4,3,8,1,1,18,20,5,2,13,20,5,8,18,5,1,20,26
2026,36,46187,1,1,Ottawa,Canada,USA,Italy,2,3,18,25,19,25,10,25,15,25,18,15,5,18,11,4,3,-,11,2,8,21,4,7,4,15,3,5,16,24,4,2,9,15,6,2,11,6,0,15,21
2026,36,46187,1,1,Ottawa,Canada,USA,Italy,2,3,18,25,19,25,10,25,15,25,18,15,6,7,6,1,0,-,6,2,7,15,1,2,3,6,0,4,7,11,1,1,9,11,5,4,10,1,0,15,16
2026,36,46187,1,1,Ottawa,Canada,Italy,USA,3,2,25,15,25,18,15,18,25,19,25,10,1,74,57,10,7,-,57,20,41,118,10,29,16,55,7,18,73,98,17,8,57,82,34,13,61,26,1,90,117
2026,36,46187,1,1,Ottawa,Canada,Italy,USA,3,2,25,15,25,18,15,18,25,19,25,10,2,21,17,3,1,-,17,4,8,29,3,5,5,13,1,4,19,24,3,1,14,18,8,4,16,8,0,20,28
2026,36,46187,1,1,Ottawa,Canada,Italy,USA,3,2,25,15,25,18,15,18,25,19,25,10,3,10,7,2,1,-,7,6,13,26,2,6,2,10,1,2,13,16,6,3,10,19,9,4,18,4,1,22,27
2026,36,46187,1,1,Ottawa,Canada,Italy,USA,3,2,25,15,25,18,15,18,25,19,25,10,4,21,16,3,2,-,16,2,7,25,3,8,4,15,2,5,18,25,5,1,13,19,6,0,7,6,0,19,25
2026,36,46187,1,1,Ottawa,Canada,Italy,USA,3,2,25,15,25,18,15,18,25,19,25,10,5,13,9,2,2,-,9,7,8,24,2,7,2,11,2,4,13,19,2,3,14,19,6,4,13,5,0,19,24
2026,36,46187,1,1,Ottawa,Canada,Italy,USA,3,2,25,15,25,18,15,18,25,19,25,10,6,9,8,0,1,-,8,1,5,14,0,3,3,6,1,3,10,14,1,0,6,7,5,1,7,3,0,10,13
2026,37,46197,5,2,Gliwice,Poland,China,Türkiye,0,3,16,19,21,-,-,25,25,25,-,-,1,37,34,2,1,-,34,16,27,77,2,17,11,30,1,8,48,57,5,6,53,64,15,10,36,10,0,69,79
2026,37,46197,5,2,Gliwice,Poland,China,Türkiye,0,3,16,19,21,-,-,25,25,25,-,-,2,10,9,1,0,-,9,4,9,22,1,7,4,12,0,3,13,16,1,4,19,24,4,4,12,5,0,20,25
2026,37,46197,5,2,Gliwice,Poland,China,Türkiye,0,3,16,19,21,-,-,25,25,25,-,-,3,10,8,1,1,-,8,4,12,24,1,4,3,8,1,2,17,20,2,1,15,18,2,2,9,3,0,20,23
2026,37,46197,5,2,Gliwice,Poland,China,Türkiye,0,3,16,19,21,-,-,25,25,25,-,-,4,17,17,0,0,-,17,8,6,31,0,6,4,10,0,3,18,21,2,1,19,22,9,4,15,2,0,29,31
2026,37,46197,5,2,Gliwice,Poland,Türkiye,China,3,0,25,25,25,-,-,16,19,21,-,-,1,63,44,13,6,-,44,11,24,79,13,14,14,41,6,10,58,74,4,1,44,49,24,10,43,12,0,64,76
2026,37,46197,5,2,Gliwice,Poland,Türkiye,China,3,0,25,25,25,-,-,16,19,21,-,-,2,22,14,4,4,-,14,6,7,27,4,2,4,10,4,1,20,25,2,0,11,13,11,4,18,4,0,21,25
2026,37,46197,5,2,Gliwice,Poland,Türkiye,China,3,0,25,25,25,-,-,16,19,21,-,-,3,22,18,3,1,-,18,4,5,27,3,2,7,12,1,6,17,24,1,1,16,18,10,1,13,3,0,24,27
2026,37,46197,5,2,Gliwice,Poland,Türkiye,China,3,0,25,25,25,-,-,16,19,21,-,-,4,19,12,6,1,-,12,1,12,25,6,10,3,19,1,3,21,25,1,0,17,18,3,5,12,5,0,19,24
2026,38,46197,6,2,Ljubljana,Slovenia,Bulgaria,Italy,3,2,18,25,25,19,15,25,20,23,25,9,1,76,53,15,8,-,53,22,34,109,15,15,15,45,8,24,70,102,14,12,56,82,34,16,61,38,0,68,106
2026,38,46197,6,2,Ljubljana,Slovenia,Bulgaria,Italy,3,2,18,25,25,19,15,25,20,23,25,9,2,11,9,1,1,-,9,10,11,30,1,1,2,4,1,5,13,19,5,2,13,20,13,3,19,10,0,21,31
2026,38,46197,6,2,Ljubljana,Slovenia,Bulgaria,Italy,3,2,18,25,25,19,15,25,20,23,25,9,3,19,15,3,1,-,15,4,5,24,3,4,3,10,1,4,19,24,2,3,13,18,7,3,11,9,0,14,23
2026,38,46197,6,2,Ljubljana,Slovenia,Bulgaria,Italy,3,2,18,25,25,19,15,25,20,23,25,9,4,20,13,4,3,-,13,2,8,23,4,6,4,14,3,5,17,25,3,2,13,18,6,4,11,8,0,13,21
2026,38,46197,6,2,Ljubljana,Slovenia,Bulgaria,Italy,3,2,18,25,25,19,15,25,20,23,25,9,5,14,9,4,1,-,9,5,7,21,4,3,4,11,1,7,11,19,2,5,13,20,5,4,13,7,0,13,20
2026,38,46197,6,2,Ljubljana,Slovenia,Bulgaria,Italy,3,2,18,25,25,19,15,25,20,23,25,9,6,12,7,3,2,-,7,1,3,11,3,1,2,6,2,3,10,15,2,0,4,6,3,2,7,4,0,7,11
2026,38,46197,6,2,Ljubljana,Slovenia,Italy,Bulgaria,2,3,25,20,23,25,9,18,25,25,19,15,1,69,44,13,12,-,44,21,37,102,13,24,20,57,12,20,70,102,17,8,53,78,28,17,54,44,0,56,100
2026,38,46197,6,2,Ljubljana,Slovenia,Italy,Bulgaria,2,3,25,20,23,25,9,18,25,25,19,15,2,18,8,8,2,-,8,4,13,25,8,3,7,18,2,4,18,24,4,1,9,14,11,5,18,12,0,12,24
2026,38,46197,6,2,Ljubljana,Slovenia,Italy,Bulgaria,2,3,25,20,23,25,9,18,25,25,19,15,3,13,9,1,3,-,9,6,7,22,1,7,2,10,3,3,15,21,3,1,16,20,3,4,9,11,0,11,22
2026,38,46197,6,2,Ljubljana,Slovenia,Italy,Bulgaria,2,3,25,20,23,25,9,18,25,25,19,15,4,17,14,1,2,-,14,4,6,24,1,5,4,10,2,5,16,23,4,3,13,20,5,4,13,9,0,15,24
2026,38,46197,6,2,Ljubljana,Slovenia,Italy,Bulgaria,2,3,25,20,23,25,9,18,25,25,19,15,5,15,8,2,5,-,8,4,8,20,2,3,4,9,5,5,15,25,5,1,6,12,8,4,13,8,0,12,20
2026,38,46197,6,2,Ljubljana,Slovenia,Italy,Bulgaria,2,3,25,20,23,25,9,18,25,25,19,15,6,6,5,1,0,-,5,3,3,11,1,6,3,10,0,3,6,9,1,2,9,12,1,0,1,4,0,6,10
2026,39,46197,4,2,Orléans,France,Serbia,Japan,1,3,17,15,25,16,-,25,25,22,25,-,1,51,41,7,3,-,41,22,35,98,7,13,15,35,3,18,53,74,17,4,60,81,23,20,54,23,1,73,97
2026,39,46197,4,2,Orléans,France,Serbia,Japan,1,3,17,15,25,16,-,25,25,22,25,-,2,12,10,2,0,-,10,5,11,26,2,3,3,8,0,5,12,17,2,1,18,21,9,7,17,5,0,23,28
2026,39,46197,4,2,Orléans,France,Serbia,Japan,1,3,17,15,25,16,-,25,25,22,25,-,3,12,10,1,1,-,10,7,8,25,1,3,2,6,1,5,10,16,5,0,17,22,1,5,9,5,0,18,23
2026,39,46197,4,2,Orléans,France,Serbia,Japan,1,3,17,15,25,16,-,25,25,22,25,-,4,18,13,4,1,-,13,3,11,27,4,4,6,14,1,5,18,24,5,0,13,18,9,4,16,8,1,18,27
2026,39,46197,4,2,Orléans,France,Serbia,Japan,1,3,17,15,25,16,-,25,25,22,25,-,5,9,8,0,1,-,8,7,5,20,0,3,4,7,1,3,13,17,5,3,12,20,4,4,12,5,0,14,19
2026,39,46197,4,2,Orléans,France,Japan,Serbia,3,1,25,25,22,25,-,17,15,25,16,-,1,61,49,8,4,-,49,13,31,93,8,17,18,43,4,15,77,96,18,3,35,56,32,11,57,29,0,64,93
2026,39,46197,4,2,Orléans,France,Japan,Serbia,3,1,25,25,22,25,-,17,15,25,16,-,2,17,14,2,1,-,14,2,9,25,2,6,3,11,1,4,20,25,5,0,7,12,11,3,17,7,0,17,24
2026,39,46197,4,2,Orléans,France,Japan,Serbia,3,1,25,25,22,25,-,17,15,25,16,-,3,13,11,2,0,-,11,2,4,17,2,2,7,11,0,2,22,24,2,1,8,11,5,5,13,5,0,11,16
2026,39,46197,4,2,Orléans,France,Japan,Serbia,3,1,25,25,22,25,-,17,15,25,16,-,4,15,13,2,0,-,13,6,11,30,2,4,5,11,0,5,18,23,5,1,13,19,9,2,18,6,0,26,32
2026,39,46197,4,2,Orléans,France,Japan,Serbia,3,1,25,25,22,25,-,17,15,25,16,-,5,16,11,2,3,-,11,3,7,21,2,5,3,10,3,4,17,24,6,1,7,14,7,1,9,11,0,10,21
2026,40,46197,5,2,Gliwice,Poland,Argentina,Germany,3,2,25,15,25,18,15,21,25,15,25,13,1,70,54,11,5,-,54,12,48,114,11,20,29,60,5,11,81,97,13,11,57,81,38,20,70,62,1,53,116
2026,40,46197,5,2,Gliwice,Poland,Argentina,Germany,3,2,25,15,25,18,15,21,25,15,25,13,2,16,12,2,2,-,12,2,10,24,2,5,7,14,2,3,19,24,4,3,9,16,8,6,17,15,0,9,24
2026,40,46197,5,2,Gliwice,Poland,Argentina,Germany,3,2,25,15,25,18,15,21,25,15,25,13,3,10,8,2,0,-,8,4,11,23,2,2,6,10,0,4,12,16,2,2,16,20,5,4,11,10,0,14,24
2026,40,46197,5,2,Gliwice,Poland,Argentina,Germany,3,2,25,15,25,18,15,21,25,15,25,13,4,18,13,3,2,-,13,0,7,20,3,4,2,9,2,2,20,24,3,3,7,13,10,4,15,14,0,6,20
2026,40,46197,5,2,Gliwice,Poland,Argentina,Germany,3,2,25,15,25,18,15,21,25,15,25,13,5,14,12,1,1,-,12,5,12,29,1,5,8,14,1,2,16,19,2,2,16,20,10,2,14,15,1,12,28
2026,40,46197,5,2,Gliwice,Poland,Argentina,Germany,3,2,25,15,25,18,15,21,25,15,25,13,6,12,9,3,0,-,9,1,8,18,3,4,6,13,0,0,14,14,2,1,9,12,5,4,13,8,0,12,20
2026,40,46197,5,2,Gliwice,Poland,Germany,Argentina,2,3,21,25,15,25,13,25,15,25,18,15,1,80,64,5,11,-,64,17,47,128,5,21,26,52,11,19,70,100,24,5,57,86,40,16,77,54,3,78,135
2026,40,46197,5,2,Gliwice,Poland,Germany,Argentina,2,3,21,25,15,25,13,25,15,25,18,15,2,16,13,0,3,-,13,4,9,26,0,6,7,13,3,6,13,22,6,2,13,21,6,1,10,11,1,15,27
2026,40,46197,5,2,Gliwice,Poland,Germany,Argentina,2,3,21,25,15,25,13,25,15,25,18,15,3,19,15,2,2,-,15,3,9,27,2,1,4,7,2,4,18,24,7,0,5,12,14,2,19,13,0,15,28
2026,40,46197,5,2,Gliwice,Poland,Germany,Argentina,2,3,21,25,15,25,13,25,15,25,18,15,4,13,10,0,3,-,10,6,8,24,0,7,4,11,3,3,10,16,5,2,15,22,5,4,12,11,1,15,27
2026,40,46197,5,2,Gliwice,Poland,Germany,Argentina,2,3,21,25,15,25,13,25,15,25,18,15,5,19,15,2,2,-,15,1,11,27,2,4,5,11,2,4,18,24,4,1,12,17,8,4,20,12,0,16,28
2026,40,46197,5,2,Gliwice,Poland,Germany,Argentina,2,3,21,25,15,25,13,25,15,25,18,15,6,13,11,1,1,-,11,3,10,24,1,3,6,10,1,2,11,14,2,0,12,14,7,5,16,7,1,17,25
2026,41,46197,6,2,Ljubljana,Slovenia,Ukraine,Brazil,3,1,29,22,25,25,-,27,25,22,21,-,1,69,53,10,6,-,53,13,38,104,10,18,19,47,6,20,74,100,13,7,55,75,29,10,58,27,2,76,105
2026,41,46197,6,2,Ljubljana,Slovenia,Ukraine,Brazil,3,1,29,22,25,25,-,27,25,22,21,-,2,18,14,3,1,-,14,2,5,21,3,6,1,10,1,8,19,28,4,1,14,19,4,2,7,6,2,15,23
2026,41,46197,6,2,Ljubljana,Slovenia,Ukraine,Brazil,3,1,29,22,25,25,-,27,25,22,21,-,3,17,15,0,2,-,15,6,9,30,0,4,4,8,2,5,16,23,2,2,17,21,8,0,13,9,0,21,30
2026,41,46197,6,2,Ljubljana,Slovenia,Ukraine,Brazil,3,1,29,22,25,25,-,27,25,22,21,-,4,19,12,6,1,-,12,2,15,29,6,5,9,20,1,3,20,24,3,2,13,18,8,3,20,5,0,23,28
2026,41,46197,6,2,Ljubljana,Slovenia,Ukraine,Brazil,3,1,29,22,25,25,-,27,25,22,21,-,5,15,12,1,2,-,12,3,9,24,1,3,5,9,2,4,19,25,4,2,11,17,9,5,18,7,0,17,24
2026,41,46197,6,2,Ljubljana,Slovenia,Brazil,Ukraine,1,3,27,25,22,21,-,29,22,25,25,-,1,65,53,5,7,-,53,19,42,114,5,25,14,44,7,21,68,96,19,6,55,80,32,17,67,52,0,63,115
2026,41,46197,6,2,Ljubljana,Slovenia,Brazil,Ukraine,1,3,27,25,22,21,-,29,22,25,25,-,2,16,14,1,1,-,14,5,5,24,1,7,2,10,1,9,18,28,7,1,12,20,4,4,9,7,0,17,24
2026,41,46197,6,2,Ljubljana,Slovenia,Brazil,Ukraine,1,3,27,25,22,21,-,29,22,25,25,-,3,17,12,3,2,-,12,2,10,24,3,6,2,11,2,3,19,24,3,2,13,18,7,6,17,9,0,15,24
2026,41,46197,6,2,Ljubljana,Slovenia,Brazil,Ukraine,1,3,27,25,22,21,-,29,22,25,25,-,4,18,15,1,2,-,15,7,14,36,1,6,7,14,2,5,16,23,5,1,15,21,14,3,24,14,0,23,37
2026,41,46197,6,2,Ljubljana,Slovenia,Brazil,Ukraine,1,3,27,25,22,21,-,29,22,25,25,-,5,14,12,0,2,-,12,5,13,30,0,6,3,9,2,4,15,21,4,2,15,21,7,4,17,22,0,8,30
2026,42,46197,4,2,Orléans,France,Cuba,USA,0,3,21,21,19,-,-,25,25,25,-,-,1,44,36,4,4,-,36,17,34,87,4,20,11,35,4,18,40,62,16,1,43,60,19,5,36,18,1,63,82
2026,42,46197,4,2,Orléans,France,Cuba,USA,0,3,21,21,19,-,-,25,25,25,-,-,2,13,9,1,3,-,9,4,15,28,1,7,2,10,3,7,11,21,5,0,13,18,5,2,14,5,0,22,27
2026,42,46197,4,2,Orléans,France,Cuba,USA,0,3,21,21,19,-,-,25,25,25,-,-,3,17,15,1,1,-,15,5,14,34,1,5,7,13,1,5,16,22,6,1,14,21,10,3,17,9,0,21,30
2026,42,46197,4,2,Orléans,France,Cuba,USA,0,3,21,21,19,-,-,25,25,25,-,-,4,14,12,2,0,-,12,8,5,25,2,8,2,12,0,6,13,19,5,0,16,21,4,0,5,4,1,20,25
2026,42,46197,4,2,Orléans,France,USA,Cuba,3,0,25,25,25,-,-,21,21,19,-,-,1,46,35,10,1,-,35,4,23,62,10,19,13,42,1,14,59,74,16,4,24,44,22,9,40,17,0,47,64
2026,42,46197,4,2,Orléans,France,USA,Cuba,3,0,25,25,25,-,-,21,21,19,-,-,2,15,14,1,0,-,14,1,5,20,1,7,7,15,0,7,18,25,4,3,7,14,9,0,12,8,0,13,21
2026,42,46197,4,2,Orléans,France,USA,Cuba,3,0,25,25,25,-,-,21,21,19,-,-,3,17,12,4,1,-,12,1,14,27,4,6,5,15,1,3,20,24,6,1,10,17,10,4,19,8,0,20,28
2026,42,46197,4,2,Orléans,France,USA,Cuba,3,0,25,25,25,-,-,21,21,19,-,-,4,14,9,5,0,-,9,2,4,15,5,6,1,12,0,4,21,25,6,0,7,13,3,5,9,1,0,14,15
2026,43,46197,5,2,Gliwice,Poland,Poland,Belgium,3,2,21,23,25,28,15,25,25,19,26,13,1,78,57,14,7,-,57,14,57,128,14,32,23,69,7,14,90,111,20,4,64,88,31,22,71,44,0,82,126
2026,43,46197,5,2,Gliwice,Poland,Poland,Belgium,3,2,21,23,25,28,15,25,25,19,26,13,2,13,10,1,2,-,10,5,9,24,1,5,5,11,2,3,16,21,4,0,15,19,4,7,12,11,0,13,24
2026,43,46197,5,2,Gliwice,Poland,Poland,Belgium,3,2,21,23,25,28,15,25,25,19,26,13,3,19,12,6,1,-,12,5,16,33,6,7,3,16,1,2,21,24,7,2,13,22,9,5,17,15,0,17,32
2026,43,46197,5,2,Gliwice,Poland,Poland,Belgium,3,2,21,23,25,28,15,25,25,19,26,13,4,17,15,2,0,-,15,1,13,29,2,6,10,18,0,4,20,24,2,0,15,17,9,3,15,10,0,18,28
2026,43,46197,5,2,Gliwice,Poland,Poland,Belgium,3,2,21,23,25,28,15,25,25,19,26,13,5,18,12,2,4,-,12,1,14,27,2,11,2,15,4,3,21,28,6,1,12,19,5,5,16,7,0,20,27
2026,43,46197,5,2,Gliwice,Poland,Poland,Belgium,3,2,21,23,25,28,15,25,25,19,26,13,6,11,8,3,0,-,8,2,5,15,3,3,3,9,0,2,12,14,1,1,9,11,4,2,11,1,0,14,15
2026,43,46197,5,2,Gliwice,Poland,Belgium,Poland,2,3,25,25,19,26,13,21,23,25,28,15,1,89,74,11,4,-,74,24,44,142,11,22,32,65,4,21,84,109,17,7,73,97,40,21,84,52,2,88,142
2026,43,46197,5,2,Gliwice,Poland,Belgium,Poland,2,3,25,25,19,26,13,21,23,25,28,15,2,20,17,3,0,-,17,3,6,26,3,2,4,9,0,6,19,25,8,2,8,18,8,7,16,12,0,13,25
2026,43,46197,5,2,Gliwice,Poland,Belgium,Poland,2,3,25,25,19,26,13,21,23,25,28,15,3,22,15,5,2,-,15,8,10,33,5,4,10,19,2,2,20,24,4,1,17,22,11,3,18,15,0,19,34
2026,43,46197,5,2,Gliwice,Poland,Belgium,Poland,2,3,25,25,19,26,13,21,23,25,28,15,4,15,14,1,0,-,14,5,14,33,1,5,7,13,0,3,17,20,0,0,20,20,9,7,27,8,2,25,35
2026,43,46197,5,2,Gliwice,Poland,Belgium,Poland,2,3,25,25,19,26,13,21,23,25,28,15,5,22,20,1,1,-,20,4,8,32,1,7,7,15,1,7,18,26,4,4,17,25,9,3,15,12,0,19,31
2026,43,46197,5,2,Gliwice,Poland,Belgium,Poland,2,3,25,25,19,26,13,21,23,25,28,15,6,10,8,1,1,-,8,4,6,18,1,4,4,9,1,3,10,14,1,0,11,12,3,1,8,5,0,12,17
2026,44,46197,4,2,Orléans,France,France,Iran,3,2,25,23,25,24,17,21,25,21,26,15,1,87,69,14,4,-,69,13,46,128,14,30,17,61,4,27,82,113,28,4,60,92,29,14,58,53,0,72,125
2026,44,46197,4,2,Orléans,France,France,Iran,3,2,25,23,25,24,17,21,25,21,26,15,2,22,16,5,1,-,16,4,10,30,5,5,2,12,1,4,19,24,8,0,12,20,7,4,14,10,0,19,29
2026,44,46197,4,2,Orléans,France,France,Iran,3,2,25,23,25,24,17,21,25,21,26,15,3,17,14,2,1,-,14,3,5,22,2,7,1,10,1,7,16,24,7,1,12,20,4,2,6,14,0,8,22
2026,44,46197,4,2,Orléans,France,France,Iran,3,2,25,23,25,24,17,21,25,21,26,15,4,16,13,3,0,-,13,1,9,23,3,4,1,8,0,4,20,24,8,0,9,17,3,5,13,6,0,16,22
2026,44,46197,4,2,Orléans,France,France,Iran,3,2,25,23,25,24,17,21,25,21,26,15,5,19,17,2,0,-,17,2,16,35,2,11,11,24,0,7,18,25,3,2,18,23,9,0,15,15,0,19,34
2026,44,46197,4,2,Orléans,France,France,Iran,3,2,25,23,25,24,17,21,25,21,26,15,6,13,9,2,2,-,9,3,6,18,2,3,2,7,2,5,9,16,2,1,9,12,6,3,10,8,0,10,18
2026,44,46197,4,2,Orléans,France,Iran,France,2,3,21,25,21,26,15,25,23,25,24,17,1,71,64,3,4,-,64,22,34,120,3,25,26,54,4,17,88,109,19,4,62,85,32,16,64,38,0,81,119
2026,44,46197,4,2,Orléans,France,Iran,France,2,3,21,25,21,26,15,25,23,25,24,17,2,15,13,2,0,-,13,6,6,25,2,5,6,13,0,2,20,22,5,1,14,20,6,4,13,11,0,15,26
2026,44,46197,4,2,Orléans,France,Iran,France,2,3,21,25,21,26,15,25,23,25,24,17,3,15,14,0,1,-,14,3,4,21,0,6,2,8,1,4,19,24,2,1,14,17,4,3,9,5,0,15,20
2026,44,46197,4,2,Orléans,France,Iran,France,2,3,21,25,21,26,15,25,23,25,24,17,4,17,16,1,0,-,16,6,6,28,1,5,7,13,0,5,17,22,5,0,14,19,7,4,13,12,0,15,27
2026,44,46197,4,2,Orléans,France,Iran,France,2,3,21,25,21,26,15,25,23,25,24,17,5,17,15,0,2,-,15,5,14,34,0,4,7,11,2,2,21,25,4,0,14,18,11,4,23,7,0,26,33
2026,44,46197,4,2,Orléans,France,Iran,France,2,3,21,25,21,26,15,25,23,25,24,17,6,7,6,0,1,-,6,2,4,12,0,5,4,9,1,4,11,16,3,2,6,11,4,1,6,3,0,10,13
2026,45,46197,6,2,Ljubljana,Slovenia,Slovenia,Canada,3,1,25,23,25,25,-,23,25,20,23,-,1,77,63,6,8,-,63,17,49,129,6,19,32,57,8,20,69,97,15,3,60,78,41,26,84,43,0,81,124
2026,45,46197,6,2,Ljubljana,Slovenia,Slovenia,Canada,3,1,25,23,25,25,-,23,25,20,23,-,2,17,15,1,1,-,15,3,21,39,1,6,15,22,1,4,19,24,2,0,17,19,15,7,28,10,0,27,37
2026,45,46197,6,2,Ljubljana,Slovenia,Slovenia,Canada,3,1,25,23,25,25,-,23,25,20,23,-,3,20,18,1,1,-,18,5,8,31,1,5,7,13,1,6,17,24,6,1,14,21,9,6,18,13,0,18,31
2026,45,46197,6,2,Ljubljana,Slovenia,Slovenia,Canada,3,1,25,23,25,25,-,23,25,20,23,-,4,19,13,1,5,-,13,3,10,26,1,4,4,9,5,6,13,24,5,0,12,17,7,7,16,10,0,14,24
2026,45,46197,6,2,Ljubljana,Slovenia,Slovenia,Canada,3,1,25,23,25,25,-,23,25,20,23,-,5,21,17,3,1,-,17,6,10,33,3,4,6,13,1,4,20,25,2,2,17,21,10,6,22,10,0,22,32
2026,45,46197,6,2,Ljubljana,Slovenia,Canada,Slovenia,1,3,23,25,20,23,-,25,23,25,25,-,1,64,51,10,3,-,51,13,51,115,10,23,35,68,3,14,75,92,10,8,59,77,34,35,91,27,0,85,112
2026,45,46197,6,2,Ljubljana,Slovenia,Canada,Slovenia,1,3,23,25,20,23,-,25,23,25,25,-,2,19,16,3,0,-,16,4,21,41,3,5,16,24,0,5,19,24,2,1,17,20,12,8,33,4,0,37,41
2026,45,46197,6,2,Ljubljana,Slovenia,Canada,Slovenia,1,3,23,25,20,23,-,25,23,25,25,-,3,16,13,2,1,-,13,1,10,24,2,7,6,15,1,3,20,24,5,1,12,18,5,10,19,8,0,15,23
2026,45,46197,6,2,Ljubljana,Slovenia,Canada,Slovenia,1,3,23,25,20,23,-,25,23,25,25,-,4,13,11,2,0,-,11,3,8,22,2,3,7,12,0,4,17,21,0,5,13,18,9,9,22,6,0,17,23
2026,45,46197,6,2,Ljubljana,Slovenia,Canada,Slovenia,1,3,23,25,20,23,-,25,23,25,25,-,5,16,11,3,2,-,11,5,12,28,3,8,6,17,2,2,19,23,3,1,17,21,8,8,17,9,0,16,25
2026,46,46198,5,2,Gliwice,Poland,China,Belgium,1,3,28,21,21,20,-,26,25,25,25,-,1,72,55,11,6,-,55,17,36,108,11,19,24,54,6,11,74,91,18,4,70,92,18,31,61,46,2,59,107
2026,46,46198,5,2,Gliwice,Poland,China,Belgium,1,3,28,21,21,20,-,26,25,25,25,-,2,24,17,3,4,-,17,3,10,30,3,6,10,19,4,4,20,28,7,0,17,24,7,6,17,15,1,15,31
2026,46,46198,5,2,Gliwice,Poland,China,Belgium,1,3,28,21,21,20,-,26,25,25,25,-,3,18,15,3,0,-,15,4,10,29,3,5,6,14,0,3,18,21,3,1,20,24,3,7,13,10,0,17,27
2026,46,46198,5,2,Gliwice,Poland,China,Belgium,1,3,28,21,21,20,-,26,25,25,25,-,4,17,12,4,1,-,12,5,10,27,4,5,4,13,1,2,19,22,6,0,15,21,4,9,16,14,0,12,26
2026,46,46198,5,2,Gliwice,Poland,China,Belgium,1,3,28,21,21,20,-,26,25,25,25,-,5,13,11,1,1,-,11,5,6,22,1,3,4,8,1,2,17,20,2,3,18,23,4,9,15,7,1,15,23
2026,46,46198,5,2,Gliwice,Poland,Belgium,China,3,1,26,25,25,25,-,28,21,21,20,-,1,78,66,8,4,-,66,19,34,119,8,20,21,49,4,8,88,100,16,6,58,80,33,26,77,39,2,82,123
2026,46,46198,5,2,Gliwice,Poland,Belgium,China,3,1,26,25,25,25,-,28,21,21,20,-,2,18,17,1,0,-,17,5,16,38,1,5,8,14,0,2,24,26,7,4,13,24,12,9,27,10,0,27,37
2026,46,46198,5,2,Gliwice,Poland,Belgium,China,3,1,26,25,25,25,-,28,21,21,20,-,3,19,17,1,1,-,17,5,7,29,1,5,7,13,1,1,23,25,3,0,15,18,8,7,19,9,0,21,30
2026,46,46198,5,2,Gliwice,Poland,Belgium,China,3,1,26,25,25,25,-,28,21,21,20,-,4,21,18,3,0,-,18,5,6,29,3,5,3,11,0,3,21,24,1,1,18,20,6,6,18,10,0,20,30
2026,46,46198,5,2,Gliwice,Poland,Belgium,China,3,1,26,25,25,25,-,28,21,21,20,-,5,20,14,3,3,-,14,4,5,23,3,5,3,11,3,2,20,25,5,1,12,18,7,4,13,10,2,14,26
2026,47,46198,6,2,Ljubljana,Slovenia,Ukraine,Italy,3,0,25,25,25,-,-,23,19,16,-,-,1,58,45,8,5,-,45,7,23,75,8,17,29,54,5,13,56,74,7,1,41,49,23,8,42,19,0,56,75
2026,47,46198,6,2,Ljubljana,Slovenia,Ukraine,Italy,3,0,25,25,25,-,-,23,19,16,-,-,2,20,17,3,0,-,17,3,4,24,3,7,10,20,0,6,19,25,1,0,18,19,5,4,12,6,0,19,25
2026,47,46198,6,2,Ljubljana,Slovenia,Ukraine,Italy,3,0,25,25,25,-,-,23,19,16,-,-,3,20,16,3,1,-,16,3,10,29,3,6,12,21,1,3,20,24,4,1,13,18,10,2,15,9,0,19,28
2026,47,46198,6,2,Ljubljana,Slovenia,Ukraine,Italy,3,0,25,25,25,-,-,23,19,16,-,-,4,18,12,2,4,-,12,1,9,22,2,4,7,13,4,4,17,25,2,0,10,12,8,2,15,4,0,18,22
2026,47,46198,6,2,Ljubljana,Slovenia,Italy,Ukraine,0,3,23,19,16,-,-,25,25,25,-,-,1,40,36,3,1,-,36,15,40,91,3,14,11,28,1,10,48,59,13,5,43,61,23,12,52,32,0,55,87
2026,47,46198,6,2,Ljubljana,Slovenia,Italy,Ukraine,0,3,23,19,16,-,-,25,25,25,-,-,2,15,13,2,0,-,13,4,12,29,2,4,2,8,0,4,19,23,5,0,14,19,3,4,14,9,0,17,26
2026,47,46198,6,2,Ljubljana,Slovenia,Italy,Ukraine,0,3,23,19,16,-,-,25,25,25,-,-,3,14,12,1,1,-,12,6,16,34,1,5,6,12,1,2,17,20,5,1,15,21,10,6,21,12,0,20,32
2026,47,46198,6,2,Ljubljana,Slovenia,Italy,Ukraine,0,3,23,19,16,-,-,25,25,25,-,-,4,11,11,0,0,-,11,5,12,28,0,5,3,8,0,4,12,16,3,4,14,21,10,2,17,11,0,18,29
2026,48,46198,4,2,Orléans,France,Iran,USA,0,3,23,20,29,-,-,25,25,31,-,-,1,56,49,5,2,-,49,10,35,94,5,17,16,38,2,12,59,73,9,5,57,71,29,13,54,15,2,80,97
2026,48,46198,4,2,Orléans,France,Iran,USA,0,3,23,20,29,-,-,25,25,31,-,-,2,17,16,1,0,-,16,3,12,31,1,7,7,15,0,3,20,23,2,2,17,21,12,4,21,4,0,27,31
2026,48,46198,4,2,Orléans,France,Iran,USA,0,3,23,20,29,-,-,25,25,31,-,-,3,15,12,3,0,-,12,6,12,30,3,4,3,10,0,4,17,21,3,1,18,22,8,3,18,7,1,24,32
2026,48,46198,4,2,Orléans,France,Iran,USA,0,3,23,20,29,-,-,25,25,31,-,-,4,24,21,1,2,-,21,1,11,33,1,6,6,13,2,5,22,29,4,2,22,28,9,6,15,4,1,29,34
2026,48,46198,4,2,Orléans,France,USA,Iran,3,0,25,25,31,-,-,23,20,29,-,-,1,62,51,6,5,-,51,10,33,94,6,20,16,42,5,9,66,80,17,2,42,61,31,16,56,22,1,70,93
2026,48,46198,4,2,Orléans,France,USA,Iran,3,0,25,25,31,-,-,23,20,29,-,-,2,20,16,2,2,-,16,2,13,31,2,10,4,16,2,4,19,25,7,0,13,20,10,4,18,9,1,21,31
2026,48,46198,4,2,Orléans,France,USA,Iran,3,0,25,25,31,-,-,23,20,29,-,-,3,17,13,3,1,-,13,6,10,29,3,3,10,16,1,2,21,24,3,0,14,17,11,4,16,8,0,20,28
2026,48,46198,4,2,Orléans,France,USA,Iran,3,0,25,25,31,-,-,23,20,29,-,-,4,25,22,1,2,-,22,2,10,34,1,7,2,10,2,3,26,31,7,2,15,24,10,8,22,5,0,29,34
2026,49,46198,5,2,Gliwice,Poland,Poland,Türkiye,3,2,26,25,25,19,15,28,19,21,25,11,1,74,61,9,4,-,61,18,51,130,9,24,17,50,4,11,95,110,20,5,57,82,45,25,91,28,1,107,136
2026,49,46198,5,2,Gliwice,Poland,Poland,Türkiye,3,2,26,25,25,19,15,28,19,21,25,11,2,17,16,1,0,-,16,1,18,35,1,7,4,12,0,5,21,26,3,0,19,22,10,7,23,8,0,29,37
2026,49,46198,5,2,Gliwice,Poland,Poland,Türkiye,3,2,26,25,25,19,15,28,19,21,25,11,3,16,11,4,1,-,11,2,10,23,4,7,3,14,1,2,22,25,3,1,9,13,8,6,19,5,0,17,22
2026,49,46198,5,2,Gliwice,Poland,Poland,Türkiye,3,2,26,25,25,19,15,28,19,21,25,11,4,19,16,1,2,-,16,6,7,29,1,2,6,9,2,0,22,24,4,2,12,18,13,5,22,6,1,25,32
2026,49,46198,5,2,Gliwice,Poland,Poland,Türkiye,3,2,26,25,25,19,15,28,19,21,25,11,5,12,10,2,0,-,10,8,10,28,2,3,2,7,0,4,16,20,6,2,12,20,8,3,16,5,0,25,30
2026,49,46198,5,2,Gliwice,Poland,Poland,Türkiye,3,2,26,25,25,19,15,28,19,21,25,11,6,10,8,1,1,-,8,1,6,15,1,5,2,8,1,0,14,15,4,0,5,9,6,4,11,4,0,11,15
2026,49,46198,5,2,Gliwice,Poland,Türkiye,Poland,2,3,28,19,21,25,11,26,25,25,19,15,1,82,68,9,5,-,68,21,45,134,9,21,29,59,5,22,77,104,25,4,70,99,36,23,72,40,0,96,136
2026,49,46198,5,2,Gliwice,Poland,Türkiye,Poland,2,3,28,19,21,25,11,26,25,25,19,15,2,23,22,1,0,-,22,3,9,34,1,6,12,19,0,6,22,28,7,0,14,21,10,5,20,13,0,22,35
2026,49,46198,5,2,Gliwice,Poland,Türkiye,Poland,2,3,28,19,21,25,11,26,25,25,19,15,3,14,13,0,1,-,13,7,10,30,0,3,7,10,1,6,12,19,3,1,19,23,9,3,15,8,0,23,31
2026,49,46198,5,2,Gliwice,Poland,Türkiye,Poland,2,3,28,19,21,25,11,26,25,25,19,15,4,17,12,3,2,-,12,3,12,27,3,7,3,13,2,4,16,22,4,2,18,24,5,7,14,9,0,17,26
2026,49,46198,5,2,Gliwice,Poland,Türkiye,Poland,2,3,28,19,21,25,11,26,25,25,19,15,5,17,11,4,2,-,11,5,9,25,4,2,5,11,2,4,18,24,6,0,10,16,7,5,15,8,0,17,25
2026,49,46198,5,2,Gliwice,Poland,Türkiye,Poland,2,3,28,19,21,25,11,26,25,25,19,15,6,11,10,1,0,-,10,3,5,18,1,3,2,6,0,2,9,11,5,1,9,15,5,3,8,2,0,17,19
2026,50,46198,4,2,Orléans,France,France,Cuba,3,2,25,21,25,25,15,22,25,27,20,13,1,80,63,10,7,-,63,16,44,123,10,25,18,53,7,28,78,113,38,2,43,83,37,16,66,52,1,72,125
2026,50,46198,4,2,Orléans,France,France,Cuba,3,2,25,21,25,25,15,22,25,27,20,13,2,18,14,1,3,-,14,4,6,24,1,6,3,10,3,3,19,25,9,0,7,16,9,3,12,13,0,11,24
2026,50,46198,4,2,Orléans,France,France,Cuba,3,2,25,21,25,25,15,22,25,27,20,13,3,16,12,4,0,-,12,5,17,34,4,5,5,14,0,6,16,22,6,1,15,22,11,2,18,10,1,26,37
2026,50,46198,4,2,Orléans,France,France,Cuba,3,2,25,21,25,25,15,22,25,27,20,13,4,20,17,2,1,-,17,4,13,34,2,5,6,13,1,7,19,27,12,0,10,22,10,8,24,16,0,18,34
2026,50,46198,4,2,Orléans,France,France,Cuba,3,2,25,21,25,25,15,22,25,27,20,13,5,15,10,2,3,-,10,2,5,17,2,6,2,10,3,8,13,24,6,1,6,13,4,1,6,8,0,8,16
2026,50,46198,4,2,Orléans,France,France,Cuba,3,2,25,21,25,25,15,22,25,27,20,13,6,11,10,1,0,-,10,1,3,14,1,3,2,6,0,4,11,15,5,0,5,10,3,2,6,5,0,9,14
2026,50,46198,4,2,Orléans,France,Cuba,France,2,3,22,25,27,20,13,25,21,25,25,15,1,73,60,11,2,-,60,14,37,111,11,27,20,58,2,25,81,108,19,7,59,85,32,11,57,43,2,68,113
2026,50,46198,4,2,Orléans,France,Cuba,France,2,3,22,25,27,20,13,25,21,25,25,15,2,16,15,1,0,-,15,2,7,24,1,8,1,10,0,6,16,22,7,3,12,22,6,2,10,11,0,14,25
2026,50,46198,4,2,Orléans,France,Cuba,France,2,3,22,25,27,20,13,25,21,25,25,15,3,16,12,3,1,-,12,5,9,26,3,6,10,19,1,4,21,26,6,0,10,16,10,2,15,16,0,11,27
2026,50,46198,4,2,Orléans,France,Cuba,France,2,3,22,25,27,20,13,25,21,25,25,15,4,20,16,4,0,-,16,3,14,33,4,7,7,18,0,4,22,26,4,1,15,20,10,4,18,7,0,24,31
2026,50,46198,4,2,Orléans,France,Cuba,France,2,3,22,25,27,20,13,25,21,25,25,15,5,12,9,2,1,-,9,3,4,16,2,2,1,5,1,8,12,21,1,3,12,16,5,2,9,6,1,10,17
2026,50,46198,4,2,Orléans,France,Cuba,France,2,3,22,25,27,20,13,25,21,25,25,15,6,9,8,1,0,-,8,1,3,12,1,4,1,6,0,3,10,13,1,0,10,11,1,1,5,3,1,9,13
2026,51,46198,6,2,Ljubljana,Slovenia,Slovenia,Bulgaria,3,2,19,25,17,26,15,25,21,25,24,6,1,66,44,17,5,-,44,11,40,95,17,21,25,63,5,20,76,101,14,12,57,83,21,15,44,32,1,57,90
2026,51,46198,6,2,Ljubljana,Slovenia,Slovenia,Bulgaria,3,2,19,25,17,26,15,25,21,25,24,6,2,12,9,3,0,-,9,3,13,25,3,4,10,17,0,3,17,20,2,5,14,21,4,5,14,6,0,15,21
2026,51,46198,6,2,Ljubljana,Slovenia,Slovenia,Bulgaria,3,2,19,25,17,26,15,25,21,25,24,6,3,16,6,7,3,-,6,1,9,16,7,4,1,12,3,6,15,24,4,4,8,16,3,1,4,7,0,8,15
2026,51,46198,6,2,Ljubljana,Slovenia,Slovenia,Bulgaria,3,2,19,25,17,26,15,25,21,25,24,6,4,9,7,2,0,-,7,3,9,19,2,7,7,16,0,3,15,18,5,1,12,18,5,6,13,9,1,10,20
2026,51,46198,6,2,Ljubljana,Slovenia,Slovenia,Bulgaria,3,2,19,25,17,26,15,25,21,25,24,6,5,19,16,2,1,-,16,4,6,26,2,5,6,13,1,4,20,25,3,1,19,23,5,3,8,8,0,17,25
2026,51,46198,6,2,Ljubljana,Slovenia,Slovenia,Bulgaria,3,2,19,25,17,26,15,25,21,25,24,6,6,10,6,3,1,-,6,0,3,9,3,1,1,5,1,4,9,14,0,1,4,5,4,0,5,2,0,7,9
2026,51,46198,6,2,Ljubljana,Slovenia,Bulgaria,Slovenia,2,3,25,21,25,24,6,19,25,17,26,15,1,76,56,8,12,-,56,28,32,116,8,17,16,41,12,20,71,103,7,5,69,81,37,13,64,32,2,77,111
2026,51,46198,6,2,Ljubljana,Slovenia,Bulgaria,Slovenia,2,3,25,21,25,24,6,19,25,17,26,15,2,21,14,2,5,-,14,6,11,31,2,4,4,10,5,3,16,24,1,0,16,17,14,4,22,9,1,21,31
2026,51,46198,6,2,Ljubljana,Slovenia,Bulgaria,Slovenia,2,3,25,21,25,24,6,19,25,17,26,15,3,15,10,1,4,-,10,10,3,23,1,1,4,6,4,6,12,22,2,3,13,18,9,1,12,6,0,17,23
2026,51,46198,6,2,Ljubljana,Slovenia,Bulgaria,Slovenia,2,3,25,21,25,24,6,19,25,17,26,15,4,19,16,2,1,-,16,2,8,26,2,3,4,9,1,6,17,24,0,0,15,15,6,1,12,8,1,15,24
2026,51,46198,6,2,Ljubljana,Slovenia,Bulgaria,Slovenia,2,3,25,21,25,24,6,19,25,17,26,15,5,19,15,3,1,-,15,5,7,27,3,5,3,11,1,3,22,26,2,1,18,21,7,5,14,6,0,18,24
2026,51,46198,6,2,Ljubljana,Slovenia,Bulgaria,Slovenia,2,3,25,21,25,24,6,19,25,17,26,15,6,2,1,0,1,-,1,5,3,9,0,4,1,5,1,2,4,7,2,1,7,10,1,2,4,3,0,6,9
2026,52,46199,5,2,Gliwice,Poland,China,Argentina,0,3,22,19,22,-,-,25,25,25,-,-,1,44,34,7,3,-,34,14,23,71,7,12,12,31,3,13,49,65,9,3,47,59,12,15,36,17,0,54,71
2026,52,46199,5,2,Gliwice,Poland,China,Argentina,0,3,22,19,22,-,-,25,25,25,-,-,2,17,11,4,2,-,11,3,7,21,4,5,5,14,2,6,15,23,3,2,15,20,3,1,7,7,0,16,23
2026,52,46199,5,2,Gliwice,Poland,China,Argentina,0,3,22,19,22,-,-,25,25,25,-,-,3,11,10,1,0,-,10,4,9,23,1,5,3,9,0,5,14,19,2,1,17,20,4,7,11,5,0,18,23
2026,52,46199,5,2,Gliwice,Poland,China,Argentina,0,3,22,19,22,-,-,25,25,25,-,-,4,16,13,2,1,-,13,7,7,27,2,2,4,8,1,2,20,23,4,0,15,19,5,7,18,5,0,20,25
2026,52,46199,5,2,Gliwice,Poland,Argentina,China,3,0,25,25,25,-,-,22,19,22,-,-,1,52,44,5,3,-,44,11,19,74,5,8,13,26,3,14,56,73,13,3,36,52,22,13,44,35,0,39,74
2026,52,46199,5,2,Gliwice,Poland,Argentina,China,3,0,25,25,25,-,-,22,19,22,-,-,2,15,13,0,2,-,13,5,7,25,0,2,4,6,2,4,18,24,2,2,13,17,8,5,16,9,0,15,24
2026,52,46199,5,2,Gliwice,Poland,Argentina,China,3,0,25,25,25,-,-,22,19,22,-,-,3,18,15,2,1,-,15,3,4,22,2,3,5,10,1,5,19,25,7,0,7,14,8,4,12,12,0,10,22
2026,52,46199,5,2,Gliwice,Poland,Argentina,China,3,0,25,25,25,-,-,22,19,22,-,-,4,19,16,3,0,-,16,3,8,27,3,3,4,10,0,5,19,24,4,1,16,21,6,4,16,14,0,14,28
2026,53,46199,6,2,Ljubljana,Slovenia,Ukraine,Canada,3,1,25,25,18,25,-,19,23,25,23,-,1,69,55,9,5,-,55,15,40,110,9,20,24,53,5,19,68,92,13,4,60,77,24,15,54,10,0,95,105
2026,53,46199,6,2,Ljubljana,Slovenia,Ukraine,Canada,3,1,25,25,18,25,-,19,23,25,23,-,2,19,13,3,3,-,13,2,6,21,3,4,6,13,3,4,17,24,2,1,11,14,4,4,14,4,0,17,21
2026,53,46199,6,2,Ljubljana,Slovenia,Ukraine,Canada,3,1,25,25,18,25,-,19,23,25,23,-,3,20,17,2,1,-,17,1,13,31,2,6,8,16,1,5,19,25,5,1,15,21,8,5,17,3,0,27,30
2026,53,46199,6,2,Ljubljana,Slovenia,Ukraine,Canada,3,1,25,25,18,25,-,19,23,25,23,-,4,13,10,3,0,-,10,8,14,32,3,4,7,14,0,5,13,18,2,1,19,22,7,1,11,1,0,28,29
2026,53,46199,6,2,Ljubljana,Slovenia,Ukraine,Canada,3,1,25,25,18,25,-,19,23,25,23,-,5,17,15,1,1,-,15,4,7,26,1,6,3,10,1,5,19,25,4,1,15,20,5,5,12,2,0,23,25
2026,53,46199,6,2,Ljubljana,Slovenia,Canada,Ukraine,1,3,19,23,25,23,-,25,25,18,25,-,1,64,51,9,4,-,51,19,34,104,9,16,21,46,4,14,73,91,14,5,54,73,23,25,73,17,0,88,105
2026,53,46199,6,2,Ljubljana,Slovenia,Canada,Ukraine,1,3,19,23,25,23,-,25,25,18,25,-,2,13,12,0,1,-,12,3,8,23,0,3,4,7,1,6,13,20,6,3,11,20,3,5,13,10,0,13,23
2026,53,46199,6,2,Ljubljana,Slovenia,Canada,Ukraine,1,3,19,23,25,23,-,25,25,18,25,-,3,18,16,1,1,-,16,5,11,32,1,4,6,11,1,2,20,23,5,1,14,20,7,9,28,4,0,28,32
2026,53,46199,6,2,Ljubljana,Slovenia,Canada,Ukraine,1,3,19,23,25,23,-,25,25,18,25,-,4,18,11,6,1,-,11,5,9,25,6,4,11,21,1,3,21,25,1,0,12,13,8,4,17,1,0,24,25
2026,53,46199,6,2,Ljubljana,Slovenia,Canada,Ukraine,1,3,19,23,25,23,-,25,25,18,25,-,5,15,12,2,1,-,12,6,6,24,2,5,0,7,1,3,19,23,2,1,17,20,5,7,15,2,0,23,25
2026,54,46199,4,2,Orléans,France,Iran,Japan,2,3,19,19,25,25,12,25,25,20,23,15,1,75,61,9,5,-,61,14,44,119,9,29,23,61,5,15,81,101,18,6,67,91,29,16,54,28,1,90,119
2026,54,46199,4,2,Orléans,France,Iran,Japan,2,3,19,19,25,25,12,25,25,20,23,15,2,16,14,2,0,-,14,6,10,30,2,5,5,12,0,3,17,20,7,1,14,22,8,4,14,8,0,23,31
2026,54,46199,4,2,Orléans,France,Iran,Japan,2,3,19,19,25,25,12,25,25,20,23,15,3,16,15,0,1,-,15,4,9,28,0,6,3,9,1,5,13,19,4,0,19,23,4,4,11,8,1,19,28
2026,54,46199,4,2,Orléans,France,Iran,Japan,2,3,19,19,25,25,12,25,25,20,23,15,4,18,10,4,4,-,10,0,10,20,4,8,4,16,4,3,18,25,4,1,9,14,5,3,10,6,0,13,19
2026,54,46199,4,2,Orléans,France,Iran,Japan,2,3,19,19,25,25,12,25,25,20,23,15,5,19,16,3,0,-,16,2,7,25,3,7,6,16,0,3,21,24,1,2,17,20,7,3,12,4,0,22,26
2026,54,46199,4,2,Orléans,France,Iran,Japan,2,3,19,19,25,25,12,25,25,20,23,15,6,6,6,0,0,-,6,2,8,16,0,3,5,8,0,1,12,13,2,2,8,12,5,2,7,2,0,13,15
2026,54,46199,4,2,Orléans,France,Japan,Iran,3,2,25,25,20,23,15,19,19,25,25,12,1,89,73,10,6,-,73,13,33,119,10,21,18,49,6,16,85,107,28,5,53,86,33,22,68,41,0,78,119
2026,54,46199,4,2,Orléans,France,Japan,Iran,3,2,25,25,20,23,15,19,19,25,25,12,2,20,16,3,1,-,16,2,7,25,3,4,4,11,1,2,21,24,5,0,12,17,8,3,13,12,0,14,26
2026,54,46199,4,2,Orléans,France,Japan,Iran,3,2,25,25,20,23,15,19,19,25,25,12,3,17,14,3,0,-,14,0,4,18,3,3,4,10,0,2,23,25,5,1,8,14,4,9,17,9,0,7,16
2026,54,46199,4,2,Orléans,France,Japan,Iran,3,2,25,25,20,23,15,19,19,25,25,12,4,17,16,0,1,-,16,5,8,29,0,3,4,7,1,6,13,20,4,4,14,22,10,2,15,7,0,23,30
2026,54,46199,4,2,Orléans,France,Japan,Iran,3,2,25,25,20,23,15,19,19,25,25,12,5,21,17,2,2,-,17,5,8,30,2,5,4,11,2,4,18,24,9,0,12,21,7,6,15,6,0,24,30
2026,54,46199,4,2,Orléans,France,Japan,Iran,3,2,25,25,20,23,15,19,19,25,25,12,6,14,10,2,2,-,10,1,6,17,2,6,2,10,2,2,10,14,5,0,7,12,4,2,8,7,0,10,17
2026,55,46199,5,2,Gliwice,Poland,Belgium,Germany,1,3,22,25,23,19,-,25,19,25,25,-,1,73,64,6,3,-,64,19,34,117,6,19,23,48,3,14,74,91,12,3,66,81,33,21,66,35,1,84,120
2026,55,46199,5,2,Gliwice,Poland,Belgium,Germany,1,3,22,25,23,19,-,25,19,25,25,-,2,18,17,1,0,-,17,3,11,31,1,5,7,13,0,3,19,22,4,1,18,23,7,10,21,8,0,24,32
2026,55,46199,5,2,Gliwice,Poland,Belgium,Germany,1,3,22,25,23,19,-,25,19,25,25,-,3,22,19,2,1,-,19,6,5,30,2,4,5,11,1,2,22,25,2,1,14,17,9,3,17,9,0,19,28
2026,55,46199,5,2,Gliwice,Poland,Belgium,Germany,1,3,22,25,23,19,-,25,19,25,25,-,4,17,16,1,0,-,16,6,7,29,1,3,5,9,0,4,20,24,3,0,17,20,9,6,17,9,1,21,31
2026,55,46199,5,2,Gliwice,Poland,Belgium,Germany,1,3,22,25,23,19,-,25,19,25,25,-,5,16,12,2,2,-,12,4,11,27,2,7,6,15,2,5,13,20,3,1,17,21,8,2,11,9,0,20,29
2026,55,46199,5,2,Gliwice,Poland,Germany,Belgium,3,1,25,19,25,25,-,22,25,23,19,-,1,71,57,11,3,-,57,10,39,106,11,29,18,58,3,12,78,93,19,3,55,77,34,16,54,27,0,79,106
2026,55,46199,5,2,Gliwice,Poland,Germany,Belgium,3,1,25,19,25,25,-,22,25,23,19,-,2,21,18,2,1,-,18,3,9,30,2,10,7,19,1,2,22,25,5,0,14,19,10,3,15,8,0,22,30
2026,55,46199,5,2,Gliwice,Poland,Germany,Belgium,3,1,25,19,25,25,-,22,25,23,19,-,3,14,10,3,1,-,10,3,10,23,3,8,3,14,1,2,16,19,6,1,16,23,4,5,10,6,0,17,23
2026,55,46199,5,2,Gliwice,Poland,Germany,Belgium,3,1,25,19,25,25,-,22,25,23,19,-,4,17,14,3,0,-,14,2,10,26,3,5,3,11,0,5,20,25,6,0,14,20,7,5,12,8,0,18,26
2026,55,46199,5,2,Gliwice,Poland,Germany,Belgium,3,1,25,19,25,25,-,22,25,23,19,-,5,19,15,3,1,-,15,2,10,27,3,6,5,14,1,3,20,24,2,2,11,15,13,3,17,5,0,22,27
2026,56,46199,6,2,Ljubljana,Slovenia,Brazil,Italy,1,3,19,23,25,23,-,25,25,22,25,-,1,62,49,11,2,-,49,17,42,108,11,23,23,57,2,14,75,91,10,9,54,73,34,18,73,40,1,67,108
2026,56,46199,6,2,Ljubljana,Slovenia,Brazil,Italy,1,3,19,23,25,23,-,25,25,22,25,-,2,12,10,1,1,-,10,4,9,23,1,6,2,9,1,3,15,19,2,3,13,18,8,3,13,12,0,11,23
2026,56,46199,6,2,Ljubljana,Slovenia,Brazil,Italy,1,3,19,23,25,23,-,25,25,22,25,-,3,17,15,2,0,-,15,2,10,27,2,6,10,18,0,5,19,24,3,4,11,18,9,3,18,10,1,17,28
2026,56,46199,6,2,Ljubljana,Slovenia,Brazil,Italy,1,3,19,23,25,23,-,25,25,22,25,-,4,17,13,4,0,-,13,3,12,28,4,7,6,17,0,1,23,24,3,0,16,19,6,8,22,9,0,17,26
2026,56,46199,6,2,Ljubljana,Slovenia,Brazil,Italy,1,3,19,23,25,23,-,25,25,22,25,-,5,16,11,4,1,-,11,8,11,30,4,4,5,13,1,5,18,24,2,2,14,18,11,4,20,9,0,22,31
2026,56,46199,6,2,Ljubljana,Slovenia,Italy,Brazil,3,1,25,25,22,25,-,19,23,25,23,-,1,73,55,9,9,-,55,14,46,115,9,19,23,51,9,23,65,97,12,2,63,77,35,15,66,36,2,77,115
2026,56,46199,6,2,Ljubljana,Slovenia,Italy,Brazil,3,1,25,25,22,25,-,19,23,25,23,-,2,20,15,2,3,-,15,1,9,25,2,3,3,8,3,7,15,25,4,1,11,16,9,6,16,11,0,13,24
2026,56,46199,6,2,Ljubljana,Slovenia,Italy,Brazil,3,1,25,25,22,25,-,19,23,25,23,-,3,19,13,2,4,-,13,2,15,30,2,7,6,15,4,6,14,24,4,0,15,19,6,2,16,4,0,26,30
2026,56,46199,6,2,Ljubljana,Slovenia,Italy,Brazil,3,1,25,25,22,25,-,19,23,25,23,-,4,20,18,2,0,-,18,5,11,34,2,6,8,16,0,5,19,24,2,0,21,23,13,3,20,13,2,20,35
2026,56,46199,6,2,Ljubljana,Slovenia,Italy,Brazil,3,1,25,25,22,25,-,19,23,25,23,-,5,14,9,3,2,-,9,6,11,26,3,3,6,12,2,5,17,24,2,1,16,19,7,4,14,8,0,18,26
2026,57,46199,4,2,Orléans,France,Serbia,Cuba,3,1,25,13,25,25,-,19,25,23,22,-,1,62,49,10,3,-,49,19,61,129,10,18,29,57,3,12,72,87,18,2,54,74,41,19,82,31,1,93,125
2026,57,46199,4,2,Orléans,France,Serbia,Cuba,3,1,25,13,25,25,-,19,25,23,22,-,2,18,13,3,2,-,13,3,13,29,3,2,9,14,2,3,20,25,4,1,11,16,11,6,22,5,1,24,30
2026,57,46199,4,2,Orléans,France,Serbia,Cuba,3,1,25,13,25,25,-,19,25,23,22,-,3,7,7,0,0,-,7,6,16,29,0,5,4,9,0,2,11,13,5,1,15,21,7,3,13,10,0,18,28
2026,57,46199,4,2,Orléans,France,Serbia,Cuba,3,1,25,13,25,25,-,19,25,23,22,-,4,21,16,5,0,-,16,7,22,45,5,5,10,20,0,4,21,25,7,0,14,21,16,3,28,9,0,32,41
2026,57,46199,4,2,Orléans,France,Serbia,Cuba,3,1,25,13,25,25,-,19,25,23,22,-,5,16,13,2,1,-,13,3,10,26,2,6,6,14,1,3,20,24,2,0,14,16,7,7,19,7,0,19,26
2026,57,46199,4,2,Orléans,France,Cuba,Serbia,1,3,19,25,23,22,-,25,13,25,25,-,1,67,53,12,2,-,53,12,49,114,12,25,37,74,2,16,72,90,24,3,48,75,37,5,61,37,3,75,115
2026,57,46199,4,2,Orléans,France,Cuba,Serbia,1,3,19,25,23,22,-,25,13,25,25,-,2,13,11,1,1,-,11,3,14,28,1,9,7,17,1,3,15,19,7,2,13,22,6,1,10,11,1,16,28
2026,57,46199,4,2,Orléans,France,Cuba,Serbia,1,3,19,25,23,22,-,25,13,25,25,-,3,20,16,3,1,-,16,1,7,24,3,3,11,17,1,4,20,25,5,0,6,11,14,0,18,8,1,18,27
2026,57,46199,4,2,Orléans,France,Cuba,Serbia,1,3,19,25,23,22,-,25,13,25,25,-,4,17,11,6,0,-,11,6,19,36,6,7,14,27,0,2,21,23,7,0,14,21,11,2,24,9,1,25,35
2026,57,46199,4,2,Orléans,France,Cuba,Serbia,1,3,19,25,23,22,-,25,13,25,25,-,5,17,15,2,0,-,15,2,9,26,2,6,5,13,0,7,16,23,5,1,15,21,6,2,9,9,0,16,25
2026,58,46200,6,2,Ljubljana,Slovenia,Bulgaria,Canada,3,2,25,25,21,25,15,27,22,25,18,11,1,79,62,5,12,-,62,28,45,135,5,16,25,46,12,22,78,112,14,7,65,86,45,14,71,22,0,105,127
2026,58,46200,6,2,Ljubljana,Slovenia,Bulgaria,Canada,3,2,25,25,21,25,15,27,22,25,18,11,2,18,13,1,4,-,13,8,14,35,1,5,5,11,4,4,18,26,1,2,19,22,11,5,19,7,0,25,32
2026,58,46200,6,2,Ljubljana,Slovenia,Bulgaria,Canada,3,2,25,25,21,25,15,27,22,25,18,11,3,15,13,1,1,-,13,4,11,28,1,3,2,6,1,7,17,25,3,1,15,19,8,3,14,5,0,23,28
2026,58,46200,6,2,Ljubljana,Slovenia,Bulgaria,Canada,3,2,25,25,21,25,15,27,22,25,18,11,4,17,13,1,3,-,13,12,11,36,1,4,9,14,3,4,15,22,5,0,16,21,13,2,17,3,0,30,33
2026,58,46200,6,2,Ljubljana,Slovenia,Bulgaria,Canada,3,2,25,25,21,25,15,27,22,25,18,11,5,17,14,1,2,-,14,2,3,19,1,2,6,9,2,5,17,24,2,2,10,14,6,2,10,5,0,13,18
2026,58,46200,6,2,Ljubljana,Slovenia,Bulgaria,Canada,3,2,25,25,21,25,15,27,22,25,18,11,6,12,9,1,2,-,9,2,6,17,1,2,3,6,2,2,11,15,3,2,5,10,7,2,11,2,0,14,16
2026,58,46200,6,2,Ljubljana,Slovenia,Canada,Bulgaria,2,3,27,22,25,18,11,25,25,21,25,15,1,64,46,11,7,-,46,17,50,113,11,24,21,56,7,17,79,103,7,12,71,90,33,25,71,25,2,86,113
2026,58,46200,6,2,Ljubljana,Slovenia,Canada,Bulgaria,2,3,27,22,25,18,11,25,25,21,25,15,2,16,13,1,2,-,13,3,11,27,1,4,7,12,2,4,20,26,3,4,15,22,8,7,19,6,1,19,26
2026,58,46200,6,2,Ljubljana,Slovenia,Canada,Bulgaria,2,3,27,22,25,18,11,25,25,21,25,15,3,13,10,2,1,-,10,5,7,22,2,9,7,18,1,4,18,23,1,1,16,18,9,3,13,6,1,17,24
2026,58,46200,6,2,Ljubljana,Slovenia,Canada,Bulgaria,2,3,27,22,25,18,11,25,25,21,25,15,4,17,9,8,0,-,9,2,17,28,8,2,3,13,0,3,21,24,0,3,15,18,10,7,22,6,0,23,29
2026,58,46200,6,2,Ljubljana,Slovenia,Canada,Bulgaria,2,3,27,22,25,18,11,25,25,21,25,15,5,11,9,0,2,-,9,4,8,21,0,7,2,9,2,5,12,19,0,2,17,19,2,4,7,3,0,16,19
2026,58,46200,6,2,Ljubljana,Slovenia,Canada,Bulgaria,2,3,27,22,25,18,11,25,25,21,25,15,6,7,5,0,2,-,5,3,7,15,0,2,2,4,2,1,8,11,3,2,8,13,4,4,10,4,0,11,15
2026,59,46200,4,2,Orléans,France,USA,Japan,2,3,25,21,25,22,13,18,25,20,25,15,1,81,69,9,3,-,69,12,47,128,9,31,27,67,3,18,86,107,27,4,53,84,46,14,71,24,1,104,129
2026,59,46200,4,2,Orléans,France,USA,Japan,2,3,25,21,25,22,13,18,25,20,25,15,2,19,16,2,1,-,16,2,8,26,2,7,6,15,1,2,22,25,3,0,11,14,10,5,19,3,0,23,26
2026,59,46200,4,2,Orléans,France,USA,Japan,2,3,25,21,25,22,13,18,25,20,25,15,3,17,15,2,0,-,15,1,15,31,2,10,6,18,0,3,18,21,6,0,15,21,10,3,13,7,0,24,31
2026,59,46200,4,2,Orléans,France,USA,Japan,2,3,25,21,25,22,13,18,25,20,25,15,4,19,15,3,1,-,15,1,9,25,3,3,10,16,1,6,18,25,4,1,13,18,10,2,15,2,1,23,26
2026,59,46200,4,2,Orléans,France,USA,Japan,2,3,25,21,25,22,13,18,25,20,25,15,5,15,13,1,1,-,13,6,9,28,1,7,3,11,1,6,15,22,8,1,10,19,7,3,13,6,0,21,27
2026,59,46200,4,2,Orléans,France,USA,Japan,2,3,25,21,25,22,13,18,25,20,25,15,6,11,10,1,0,-,10,2,6,18,1,4,2,7,0,1,13,14,6,2,4,12,9,1,11,6,0,13,19
2026,59,46200,4,2,Orléans,France,Japan,USA,3,2,18,25,20,25,15,25,21,25,22,13,1,74,66,4,4,-,66,14,57,137,4,22,18,44,4,18,80,102,15,3,71,89,44,15,79,27,1,110,138
2026,59,46200,4,2,Orléans,France,Japan,USA,3,2,18,25,20,25,15,25,21,25,22,13,2,14,14,0,0,-,14,4,12,30,0,6,4,10,0,4,14,18,4,1,18,23,5,4,15,2,0,28,30
2026,59,46200,4,2,Orléans,France,Japan,USA,3,2,18,25,20,25,15,25,21,25,22,13,3,21,21,0,0,-,21,2,12,35,0,5,7,12,0,4,21,25,3,0,15,18,14,4,23,9,0,26,35
2026,59,46200,4,2,Orléans,France,Japan,USA,3,2,18,25,20,25,15,25,21,25,22,13,4,12,11,0,1,-,11,5,15,31,0,6,2,8,1,2,17,20,3,1,15,19,12,2,19,10,1,21,32
2026,59,46200,4,2,Orléans,France,Japan,USA,3,2,18,25,20,25,15,25,21,25,22,13,5,15,11,3,1,-,11,2,8,21,3,3,4,10,1,6,18,25,2,1,13,16,7,2,12,5,0,18,23
2026,59,46200,4,2,Orléans,France,Japan,USA,3,2,18,25,20,25,15,25,21,25,22,13,6,12,9,1,2,-,9,1,10,20,1,2,1,4,2,2,10,14,3,0,10,13,6,3,10,1,0,17,18
2026,60,46200,5,2,Gliwice,Poland,Poland,Germany,3,1,23,25,25,25,-,25,16,17,15,-,1,80,57,12,11,-,57,6,27,90,12,24,11,47,11,11,75,97,15,4,42,61,24,12,49,22,0,70,92
2026,60,46200,5,2,Gliwice,Poland,Poland,Germany,3,1,23,25,25,25,-,25,16,17,15,-,2,21,18,3,0,-,18,3,8,29,3,7,1,11,0,3,21,24,3,2,17,22,5,5,17,6,0,25,31
2026,60,46200,5,2,Gliwice,Poland,Poland,Germany,3,1,23,25,25,25,-,25,16,17,15,-,3,17,13,3,1,-,13,1,10,24,3,8,7,18,1,3,20,24,5,0,6,11,11,3,17,10,0,15,25
2026,60,46200,5,2,Gliwice,Poland,Poland,Germany,3,1,23,25,25,25,-,25,16,17,15,-,4,20,13,3,4,-,13,0,5,18,3,7,1,11,4,4,17,25,3,0,10,13,4,2,7,4,0,13,17
2026,60,46200,5,2,Gliwice,Poland,Poland,Germany,3,1,23,25,25,25,-,25,16,17,15,-,5,22,13,3,6,-,13,2,4,19,3,2,2,7,6,1,17,24,4,2,9,15,4,2,8,2,0,17,19
2026,60,46200,5,2,Gliwice,Poland,Germany,Poland,1,3,25,16,17,15,-,23,25,25,25,-,1,57,51,2,4,-,51,16,29,96,2,22,13,37,4,13,57,74,20,11,55,86,20,21,49,20,0,76,96
2026,60,46200,5,2,Gliwice,Poland,Germany,Poland,1,3,25,16,17,15,-,23,25,25,25,-,2,20,17,1,2,-,17,3,8,28,1,6,5,12,2,2,20,24,6,0,15,21,7,9,16,5,0,23,28
2026,60,46200,5,2,Gliwice,Poland,Germany,Poland,1,3,25,16,17,15,-,23,25,25,25,-,3,11,11,0,0,-,11,5,10,26,0,6,4,10,0,6,11,17,6,1,14,21,5,1,13,4,0,23,27
2026,60,46200,5,2,Gliwice,Poland,Germany,Poland,1,3,25,16,17,15,-,23,25,25,25,-,4,13,13,0,0,-,13,4,4,21,0,2,2,4,0,4,13,17,4,4,13,21,5,5,10,6,0,14,20
2026,60,46200,5,2,Gliwice,Poland,Germany,Poland,1,3,25,16,17,15,-,23,25,25,25,-,5,13,10,1,2,-,10,4,7,21,1,8,2,11,2,1,13,16,4,6,13,23,3,6,10,5,0,16,21
2026,61,46200,4,2,Orléans,France,France,Serbia,3,0,25,25,25,-,-,23,16,22,-,-,1,40,30,7,3,-,30,12,26,68,7,14,18,39,3,13,57,73,8,2,29,39,27,10,51,24,0,43,67
2026,61,46200,4,2,Orléans,France,France,Serbia,3,0,25,25,25,-,-,23,16,22,-,-,2,16,14,1,1,-,14,4,10,28,1,8,9,18,1,4,19,24,3,1,14,18,10,3,18,9,0,20,29
2026,61,46200,4,2,Orléans,France,France,Serbia,3,0,25,25,25,-,-,23,16,22,-,-,3,13,6,5,2,-,6,5,3,14,5,1,5,11,2,4,19,25,2,0,6,8,6,4,13,3,0,9,12
2026,61,46200,4,2,Orléans,France,France,Serbia,3,0,25,25,25,-,-,23,16,22,-,-,4,11,10,1,0,-,10,3,13,26,1,5,4,10,0,5,19,24,3,1,9,13,11,3,20,12,0,14,26
2026,61,46200,4,2,Orléans,France,Serbia,France,0,3,23,16,22,-,-,25,25,25,-,-,1,39,30,7,2,-,30,16,39,85,7,16,14,37,2,24,37,63,12,3,45,60,19,7,40,20,1,63,84
2026,61,46200,4,2,Orléans,France,Serbia,France,0,3,23,16,22,-,-,25,25,25,-,-,2,13,11,1,1,-,11,3,17,31,1,7,5,13,1,6,17,24,4,1,15,20,9,2,15,6,0,25,31
2026,61,46200,4,2,Orléans,France,Serbia,France,0,3,23,16,22,-,-,25,25,25,-,-,3,11,7,4,0,-,7,9,10,26,4,5,2,11,0,8,8,16,5,2,14,21,3,1,8,7,0,18,25
2026,61,46200,4,2,Orléans,France,Serbia,France,0,3,23,16,22,-,-,25,25,25,-,-,4,15,12,2,1,-,12,4,12,28,2,4,7,13,1,10,12,23,3,0,16,19,7,4,17,7,1,20,28
2026,62,46200,5,2,Gliwice,Poland,Türkiye,Argentina,3,2,19,21,25,25,18,25,25,21,18,16,1,75,57,11,7,-,57,19,43,119,11,20,20,51,7,19,81,107,16,4,68,88,41,6,56,29,2,94,125
2026,62,46200,5,2,Gliwice,Poland,Türkiye,Argentina,3,2,19,21,25,25,18,25,25,21,18,16,2,16,14,2,0,-,14,3,9,26,2,6,4,12,0,2,17,19,5,2,17,24,10,4,15,8,1,20,29
2026,62,46200,5,2,Gliwice,Poland,Türkiye,Argentina,3,2,19,21,25,25,18,25,25,21,18,16,3,16,11,3,2,-,11,3,8,22,3,4,2,9,2,8,12,22,6,1,13,20,4,0,5,4,0,19,23
2026,62,46200,5,2,Gliwice,Poland,Türkiye,Argentina,3,2,19,21,25,25,18,25,25,21,18,16,4,13,13,0,0,-,13,7,13,33,0,4,8,12,0,1,23,24,0,1,15,16,17,0,20,10,1,22,33
2026,62,46200,5,2,Gliwice,Poland,Türkiye,Argentina,3,2,19,21,25,25,18,25,25,21,18,16,5,16,12,0,4,-,12,2,3,17,0,3,2,5,4,4,17,25,2,0,10,12,5,2,7,5,0,12,17
2026,62,46200,5,2,Gliwice,Poland,Türkiye,Argentina,3,2,19,21,25,25,18,25,25,21,18,16,6,14,7,6,1,-,7,4,10,21,6,3,4,13,1,4,12,17,3,0,13,16,5,0,9,2,0,21,23
2026,62,46200,5,2,Gliwice,Poland,Argentina,Türkiye,2,3,25,25,21,18,16,19,21,25,25,18,1,71,59,8,4,-,59,19,39,117,8,21,20,49,4,18,84,106,12,7,69,88,43,8,60,50,6,70,126
2026,62,46200,5,2,Gliwice,Poland,Argentina,Türkiye,2,3,25,25,21,18,16,19,21,25,25,18,2,21,16,3,2,-,16,4,10,30,3,6,3,12,2,1,22,25,2,0,15,17,11,2,14,11,0,17,28
2026,62,46200,5,2,Gliwice,Poland,Argentina,Türkiye,2,3,25,25,21,18,16,19,21,25,25,18,3,15,13,1,1,-,13,4,5,22,1,6,4,11,1,4,19,24,4,2,8,14,8,3,12,8,0,13,21
2026,62,46200,5,2,Gliwice,Poland,Argentina,Türkiye,2,3,25,25,21,18,16,19,21,25,25,18,4,14,11,2,1,-,11,1,13,25,2,3,5,10,1,6,15,22,3,0,20,23,11,1,16,12,4,18,34
2026,62,46200,5,2,Gliwice,Poland,Argentina,Türkiye,2,3,25,25,21,18,16,19,21,25,25,18,5,11,11,0,0,-,11,2,6,19,0,6,2,8,0,6,12,18,1,4,16,21,4,1,6,11,1,8,20
2026,62,46200,5,2,Gliwice,Poland,Argentina,Türkiye,2,3,25,25,21,18,16,19,21,25,25,18,6,10,8,2,0,-,8,8,5,21,2,0,6,8,0,1,16,17,2,1,10,13,9,1,12,8,1,14,23
2026,63,46200,6,2,Ljubljana,Slovenia,Slovenia,Brazil,3,0,27,25,25,-,-,25,17,20,-,-,1,60,44,12,4,-,44,6,25,75,12,9,14,35,4,14,58,76,9,8,38,55,26,13,45,25,1,47,73
2026,63,46200,6,2,Ljubljana,Slovenia,Slovenia,Brazil,3,0,27,25,25,-,-,25,17,20,-,-,2,21,15,5,1,-,15,2,4,21,5,3,2,10,1,6,20,27,6,4,11,21,4,6,12,7,0,13,20
2026,63,46200,6,2,Ljubljana,Slovenia,Slovenia,Brazil,3,0,27,25,25,-,-,25,17,20,-,-,3,18,15,2,1,-,15,1,11,27,2,2,7,11,1,4,19,24,1,3,13,17,11,3,18,10,0,17,27
2026,63,46200,6,2,Ljubljana,Slovenia,Slovenia,Brazil,3,0,27,25,25,-,-,25,17,20,-,-,4,21,14,5,2,-,14,3,10,27,5,4,5,14,2,4,19,25,2,1,14,17,11,4,15,8,1,17,26
2026,63,46200,6,2,Ljubljana,Slovenia,Brazil,Slovenia,0,3,25,17,20,-,-,27,25,25,-,-,1,45,33,4,8,-,33,20,30,83,4,16,12,32,8,8,47,63,13,4,45,62,20,5,32,18,0,62,80
2026,63,46200,6,2,Ljubljana,Slovenia,Brazil,Slovenia,0,3,25,17,20,-,-,27,25,25,-,-,2,18,13,1,4,-,13,7,6,26,1,4,2,7,4,4,17,25,5,1,15,21,5,2,8,5,0,19,24
2026,63,46200,6,2,Ljubljana,Slovenia,Brazil,Slovenia,0,3,25,17,20,-,-,27,25,25,-,-,3,13,9,1,3,-,9,7,12,28,1,6,7,14,3,1,14,18,3,1,16,20,6,1,10,8,0,19,27
2026,63,46200,6,2,Ljubljana,Slovenia,Brazil,Slovenia,0,3,25,17,20,-,-,27,25,25,-,-,4,14,11,2,1,-,11,6,12,29,2,6,3,11,1,3,16,20,5,2,14,21,9,2,14,5,0,24,29
2026,64,46201,5,2,Gliwice,Poland,China,Germany,1,3,20,20,25,19,-,25,25,22,25,-,1,65,52,8,5,-,52,29,25,106,8,17,18,43,5,13,67,85,18,5,59,82,22,18,47,37,0,66,103
2026,64,46201,5,2,Gliwice,Poland,China,Germany,1,3,20,20,25,19,-,25,25,22,25,-,2,14,13,0,1,-,13,5,6,24,0,4,9,13,1,4,15,20,6,1,12,19,4,6,13,9,0,15,24
2026,64,46201,5,2,Gliwice,Poland,China,Germany,1,3,20,20,25,19,-,25,25,22,25,-,3,16,13,2,1,-,13,10,6,29,2,2,6,10,1,4,16,21,5,2,15,22,7,4,12,9,0,19,28
2026,64,46201,5,2,Gliwice,Poland,China,Germany,1,3,20,20,25,19,-,25,25,22,25,-,4,21,16,3,2,-,16,8,6,30,3,4,1,8,2,4,18,24,4,0,17,21,6,4,12,10,0,18,28
2026,64,46201,5,2,Gliwice,Poland,China,Germany,1,3,20,20,25,19,-,25,25,22,25,-,5,14,10,3,1,-,10,6,7,23,3,7,2,12,1,1,18,20,3,2,15,20,5,4,10,9,0,14,23
2026,64,46201,5,2,Gliwice,Poland,Germany,China,3,1,25,25,22,25,-,20,20,25,19,-,1,68,48,15,5,-,48,13,31,92,15,20,12,47,5,14,77,96,14,5,53,72,19,18,56,25,0,69,94
2026,64,46201,5,2,Gliwice,Poland,Germany,China,3,1,25,25,22,25,-,20,20,25,19,-,2,18,15,2,1,-,15,0,12,27,2,4,2,8,1,6,18,25,4,1,11,16,6,4,19,7,0,21,28
2026,64,46201,5,2,Gliwice,Poland,Germany,China,3,1,25,25,22,25,-,20,20,25,19,-,3,17,9,6,2,-,9,4,10,23,6,6,4,16,2,2,20,24,1,1,15,17,4,3,12,4,0,18,22
2026,64,46201,5,2,Gliwice,Poland,Germany,China,3,1,25,25,22,25,-,20,20,25,19,-,4,12,10,2,0,-,10,5,4,19,2,7,2,11,0,2,21,23,5,2,13,20,2,8,15,7,0,13,20
2026,64,46201,5,2,Gliwice,Poland,Germany,China,3,1,25,25,22,25,-,20,20,25,19,-,5,21,14,5,2,-,14,4,5,23,5,3,4,12,2,4,18,24,4,1,14,19,7,3,10,7,0,17,24
2026,65,46201,6,2,Ljubljana,Slovenia,Bulgaria,Ukraine,3,1,25,18,25,25,-,20,25,23,17,-,1,71,56,8,7,-,56,10,25,91,8,24,17,49,7,18,67,92,7,7,54,68,25,14,50,21,1,67,89
2026,65,46201,6,2,Ljubljana,Slovenia,Bulgaria,Ukraine,3,1,25,18,25,25,-,20,25,23,17,-,2,19,15,3,1,-,15,1,9,25,3,8,8,19,1,1,23,25,2,1,12,15,7,7,17,8,0,14,22
2026,65,46201,6,2,Ljubljana,Slovenia,Bulgaria,Ukraine,3,1,25,18,25,25,-,20,25,23,17,-,3,12,10,2,0,-,10,7,3,20,2,5,3,10,0,6,12,18,0,4,17,21,4,2,9,3,0,18,21
2026,65,46201,6,2,Ljubljana,Slovenia,Bulgaria,Ukraine,3,1,25,18,25,25,-,20,25,23,17,-,4,18,15,1,2,-,15,2,6,23,1,6,2,9,2,5,18,25,2,1,14,17,6,3,11,5,1,18,24
2026,65,46201,6,2,Ljubljana,Slovenia,Bulgaria,Ukraine,3,1,25,18,25,25,-,20,25,23,17,-,5,22,16,2,4,-,16,0,7,23,2,5,4,11,4,6,14,24,3,1,11,15,8,2,13,5,0,17,22
2026,65,46201,6,2,Ljubljana,Slovenia,Ukraine,Bulgaria,1,3,20,25,23,17,-,25,18,25,25,-,1,61,46,8,7,-,46,11,36,93,8,19,17,44,7,18,61,86,15,7,52,74,21,13,42,27,1,64,92
2026,65,46201,6,2,Ljubljana,Slovenia,Ukraine,Bulgaria,1,3,20,25,23,17,-,25,18,25,25,-,2,18,16,1,1,-,16,4,11,31,1,5,6,12,1,5,14,20,7,1,16,24,5,3,12,12,0,18,30
2026,65,46201,6,2,Ljubljana,Slovenia,Ukraine,Bulgaria,1,3,20,25,23,17,-,25,18,25,25,-,3,16,7,5,4,-,7,3,7,17,5,6,2,13,4,4,17,25,1,0,11,12,5,1,8,3,1,14,18
2026,65,46201,6,2,Ljubljana,Slovenia,Ukraine,Bulgaria,1,3,20,25,23,17,-,25,18,25,25,-,4,16,13,2,1,-,13,2,7,22,2,4,4,10,1,6,16,23,5,2,13,20,4,4,8,9,0,13,22
2026,65,46201,6,2,Ljubljana,Slovenia,Ukraine,Bulgaria,1,3,20,25,23,17,-,25,18,25,25,-,5,11,10,0,1,-,10,2,11,23,0,4,5,9,1,3,14,18,2,4,12,18,7,5,14,3,0,19,22
2026,66,46201,4,2,Orléans,France,Iran,Cuba,3,1,25,25,20,30,-,22,21,25,28,-,1,68,56,5,7,-,56,17,34,107,5,27,13,45,7,14,78,99,22,4,48,74,34,8,58,45,1,68,114
2026,66,46201,4,2,Orléans,France,Iran,Cuba,3,1,25,25,20,30,-,22,21,25,28,-,2,18,14,2,2,-,14,2,7,23,2,4,4,10,2,3,20,25,3,1,13,17,8,3,15,7,1,19,27
2026,66,46201,4,2,Orléans,France,Iran,Cuba,3,1,25,25,20,30,-,22,21,25,28,-,3,16,15,0,1,-,15,6,7,28,0,6,4,10,1,1,22,24,5,1,9,15,13,3,19,14,0,16,30
2026,66,46201,4,2,Orléans,France,Iran,Cuba,3,1,25,25,20,30,-,22,21,25,28,-,4,14,11,1,2,-,11,4,7,22,1,9,4,14,2,4,15,21,6,1,12,19,5,2,9,11,0,10,21
2026,66,46201,4,2,Orléans,France,Iran,Cuba,3,1,25,25,20,30,-,22,21,25,28,-,5,20,16,2,2,-,16,5,13,34,2,8,1,11,2,6,21,29,8,1,14,23,8,0,15,13,0,23,36
2026,66,46201,4,2,Orléans,France,Cuba,Iran,1,3,22,21,25,28,-,25,25,20,30,-,1,71,59,8,4,-,59,12,37,108,8,28,20,56,4,23,70,97,27,7,51,85,28,14,50,34,0,73,107
2026,66,46201,4,2,Orléans,France,Cuba,Iran,1,3,22,21,25,28,-,25,25,20,30,-,2,16,15,0,1,-,15,4,12,31,0,6,3,9,1,5,16,22,8,2,12,22,8,7,17,12,0,18,30
2026,66,46201,4,2,Orléans,France,Cuba,Iran,1,3,22,21,25,28,-,25,25,20,30,-,3,19,13,5,1,-,13,2,11,26,5,6,5,16,1,7,14,22,7,1,15,23,6,2,9,10,0,18,28
2026,66,46201,4,2,Orléans,France,Cuba,Iran,1,3,22,21,25,28,-,25,25,20,30,-,4,16,15,0,1,-,15,2,7,24,0,7,5,12,1,5,18,24,4,2,11,17,7,1,11,5,0,18,23
2026,66,46201,4,2,Orléans,France,Cuba,Iran,1,3,22,21,25,28,-,25,25,20,30,-,5,20,16,3,1,-,16,4,7,27,3,9,7,19,1,6,22,29,8,2,13,23,7,4,13,7,0,19,26
2026,67,46201,5,2,Gliwice,Poland,Belgium,Türkiye,0,3,24,24,17,-,-,26,26,25,-,-,1,48,38,4,6,-,38,23,36,97,4,17,10,31,6,11,51,68,13,1,51,65,32,14,59,24,1,74,99
2026,67,46201,5,2,Gliwice,Poland,Belgium,Türkiye,0,3,24,24,17,-,-,26,26,25,-,-,2,17,12,3,2,-,12,6,9,27,3,10,1,14,2,3,20,25,3,1,16,20,8,5,16,6,0,21,27
2026,67,46201,5,2,Gliwice,Poland,Belgium,Türkiye,0,3,24,24,17,-,-,26,26,25,-,-,3,17,15,0,2,-,15,6,14,35,0,3,5,8,2,4,19,25,8,0,15,23,10,7,23,7,0,28,35
2026,67,46201,5,2,Gliwice,Poland,Belgium,Türkiye,0,3,24,24,17,-,-,26,26,25,-,-,4,14,11,1,2,-,11,11,13,35,1,4,4,9,2,4,12,18,2,0,20,22,14,2,20,11,1,25,37
2026,67,46201,5,2,Gliwice,Poland,Türkiye,Belgium,3,0,26,26,25,-,-,24,24,17,-,-,1,53,41,11,1,-,41,8,33,82,11,19,21,51,1,10,64,75,15,6,36,57,32,8,45,21,0,61,82
2026,67,46201,5,2,Gliwice,Poland,Türkiye,Belgium,3,0,26,26,25,-,-,24,24,17,-,-,2,20,16,3,1,-,16,4,9,29,3,6,7,16,1,5,19,25,4,2,16,22,9,2,13,5,0,24,29
2026,67,46201,5,2,Gliwice,Poland,Türkiye,Belgium,3,0,26,26,25,-,-,24,24,17,-,-,3,19,16,3,0,-,16,2,12,30,3,7,9,19,0,3,23,26,7,2,12,21,11,4,15,8,0,20,28
2026,67,46201,5,2,Gliwice,Poland,Türkiye,Belgium,3,0,26,26,25,-,-,24,24,17,-,-,4,14,9,5,0,-,9,2,12,23,5,6,5,16,0,2,22,24,4,2,8,14,12,2,17,8,0,17,25
2026,68,46201,6,2,Ljubljana,Slovenia,Canada,Brazil,2,3,17,25,26,25,15,25,23,28,22,17,1,71,57,9,5,-,57,25,56,138,9,22,26,57,5,26,78,109,21,1,73,95,38,19,72,36,1,103,140
2026,68,46201,6,2,Ljubljana,Slovenia,Canada,Brazil,2,3,17,25,26,25,15,25,23,28,22,17,2,10,7,3,0,-,7,3,13,23,3,5,4,12,0,8,10,18,4,0,15,19,3,4,11,6,0,16,22
2026,68,46201,6,2,Ljubljana,Slovenia,Canada,Brazil,2,3,17,25,26,25,15,25,23,28,22,17,3,13,10,1,2,-,10,6,9,25,1,5,6,12,2,4,18,24,7,0,10,17,4,4,11,8,1,15,24
2026,68,46201,6,2,Ljubljana,Slovenia,Canada,Brazil,2,3,17,25,26,25,15,25,23,28,22,17,4,17,16,1,0,-,16,6,21,43,1,4,4,9,0,8,19,27,3,1,21,25,18,5,26,12,0,33,45
2026,68,46201,6,2,Ljubljana,Slovenia,Canada,Brazil,2,3,17,25,26,25,15,25,23,28,22,17,5,18,13,4,1,-,13,6,8,27,4,3,9,16,1,4,19,24,4,0,16,20,8,3,13,6,0,22,28
2026,68,46201,6,2,Ljubljana,Slovenia,Canada,Brazil,2,3,17,25,26,25,15,25,23,28,22,17,6,13,11,0,2,-,11,4,5,20,0,5,3,8,2,2,12,16,3,0,11,14,5,3,11,4,0,17,21
2026,68,46201,6,2,Ljubljana,Slovenia,Brazil,Canada,3,2,25,23,28,22,17,17,25,26,25,15,1,73,61,11,1,-,61,22,51,134,11,12,24,47,1,20,94,115,15,5,63,83,48,18,86,34,3,97,134
2026,68,46201,6,2,Ljubljana,Slovenia,Brazil,Canada,3,2,25,23,28,22,17,17,25,26,25,15,2,14,14,0,0,-,14,4,9,27,0,1,6,7,0,5,19,24,3,0,7,10,14,2,20,11,1,14,26
2026,68,46201,6,2,Ljubljana,Slovenia,Brazil,Canada,3,2,25,23,28,22,17,17,25,26,25,15,3,14,11,3,0,-,11,6,8,25,3,3,5,11,0,7,17,24,2,2,16,20,6,2,11,6,0,19,25
2026,68,46201,6,2,Ljubljana,Slovenia,Brazil,Canada,3,2,25,23,28,22,17,17,25,26,25,15,4,18,13,4,1,-,13,6,15,34,4,2,6,12,1,3,24,28,3,0,16,19,17,7,28,7,1,27,35
2026,68,46201,6,2,Ljubljana,Slovenia,Brazil,Canada,3,2,25,23,28,22,17,17,25,26,25,15,5,14,12,2,0,-,12,6,13,31,2,4,5,11,0,3,20,23,4,1,15,20,8,4,17,6,1,24,31
2026,68,46201,6,2,Ljubljana,Slovenia,Brazil,Canada,3,2,25,23,28,22,17,17,25,26,25,15,6,13,11,2,0,-,11,0,6,17,2,2,2,6,0,2,14,16,3,2,9,14,3,3,10,4,0,13,17
2026,69,46201,4,2,Orléans,France,France,Japan,2,3,30,25,17,33,12,28,19,25,35,15,1,80,63,13,4,-,63,25,53,141,13,34,23,70,4,22,92,118,24,2,78,104,39,21,76,47,3,92,142
2026,69,46201,4,2,Orléans,France,France,Japan,2,3,30,25,17,33,12,28,19,25,35,15,2,19,16,3,0,-,16,5,9,30,3,4,2,9,0,8,21,29,6,0,19,25,7,4,16,12,1,18,31
2026,69,46201,4,2,Orléans,France,France,Japan,2,3,30,25,17,33,12,28,19,25,35,15,3,17,12,3,2,-,12,4,5,21,3,8,3,14,2,1,22,25,0,0,15,15,5,3,10,5,0,15,20
2026,69,46201,4,2,Orléans,France,France,Japan,2,3,30,25,17,33,12,28,19,25,35,15,4,13,10,1,2,-,10,8,13,31,1,6,4,11,2,2,13,17,5,2,15,22,11,4,19,12,1,19,32
2026,69,46201,4,2,Orléans,France,France,Japan,2,3,30,25,17,33,12,28,19,25,35,15,5,23,18,5,0,-,18,5,18,41,5,13,8,26,0,7,27,34,9,0,20,29,10,8,23,13,1,27,41
2026,69,46201,4,2,Orléans,France,France,Japan,2,3,30,25,17,33,12,28,19,25,35,15,6,8,7,1,0,-,7,3,8,18,1,3,6,10,0,4,9,13,4,0,9,13,6,2,8,5,0,13,18
2026,69,46201,4,2,Orléans,France,Japan,France,3,2,28,19,25,35,15,30,25,17,33,12,1,81,69,10,2,-,69,30,49,148,10,18,22,50,2,17,102,121,16,4,76,96,47,22,92,34,1,108,143
2026,69,46201,4,2,Orléans,France,Japan,France,3,2,28,19,25,35,15,30,25,17,33,12,2,17,14,3,0,-,14,8,9,31,3,4,4,11,0,4,25,29,5,0,16,21,10,6,21,9,1,20,30
2026,69,46201,4,2,Orléans,France,Japan,France,3,2,28,19,25,35,15,30,25,17,33,12,3,15,13,2,0,-,13,7,8,28,2,2,1,5,0,4,15,19,1,2,21,24,4,3,12,8,0,20,28
2026,69,46201,4,2,Orléans,France,Japan,France,3,2,28,19,25,35,15,30,25,17,33,12,4,17,12,3,2,-,12,1,11,24,3,6,5,14,2,3,20,25,5,2,8,15,10,2,14,7,0,15,22
2026,69,46201,4,2,Orléans,France,Japan,France,3,2,28,19,25,35,15,30,25,17,33,12,5,22,22,0,0,-,22,10,13,45,0,4,10,14,0,5,29,34,3,0,24,27,15,7,29,6,0,39,45
2026,69,46201,4,2,Orléans,France,Japan,France,3,2,28,19,25,35,15,30,25,17,33,12,6,10,8,2,0,-,8,4,8,20,2,2,2,6,0,1,13,14,2,0,7,9,8,4,16,4,0,14,18
2026,70,46201,5,2,Gliwice,Poland,Poland,Argentina,3,1,48,26,25,25,-,50,24,19,20,-,1,84,66,9,9,-,66,13,37,116,9,25,13,47,9,18,96,123,17,6,67,90,27,19,61,39,1,76,116
2026,70,46201,5,2,Gliwice,Poland,Poland,Argentina,3,1,48,26,25,25,-,50,24,19,20,-,2,39,31,5,3,-,31,5,12,48,5,10,6,21,3,11,35,49,5,1,35,41,8,7,22,17,1,31,49
2026,70,46201,5,2,Gliwice,Poland,Poland,Argentina,3,1,48,26,25,25,-,50,24,19,20,-,3,15,12,1,2,-,12,4,13,29,1,5,2,8,2,1,22,25,4,2,13,19,9,6,19,7,0,21,28
2026,70,46201,5,2,Gliwice,Poland,Poland,Argentina,3,1,48,26,25,25,-,50,24,19,20,-,4,16,12,2,2,-,12,1,7,20,2,8,3,13,2,0,23,25,5,2,8,15,6,3,12,8,0,12,20
2026,70,46201,5,2,Gliwice,Poland,Poland,Argentina,3,1,48,26,25,25,-,50,24,19,20,-,5,14,11,1,2,-,11,3,5,19,1,2,2,5,2,6,16,24,3,1,11,15,4,3,8,7,0,12,19
2026,70,46201,5,2,Gliwice,Poland,Argentina,Poland,1,3,50,24,19,20,-,48,26,25,25,-,1,87,73,8,6,-,73,22,33,128,8,26,19,53,6,24,84,114,17,9,79,105,33,20,59,50,1,78,129
2026,70,46201,5,2,Gliwice,Poland,Argentina,Poland,1,3,50,24,19,20,-,48,26,25,25,-,2,33,30,2,1,-,30,6,15,51,2,10,8,20,1,8,40,49,10,3,25,38,12,8,24,19,0,30,49
2026,70,46201,5,2,Gliwice,Poland,Argentina,Poland,1,3,50,24,19,20,-,48,26,25,25,-,3,22,17,3,2,-,17,5,9,31,3,7,7,17,2,6,17,25,3,2,19,24,11,2,13,15,0,16,31
2026,70,46201,5,2,Gliwice,Poland,Argentina,Poland,1,3,50,24,19,20,-,48,26,25,25,-,4,18,16,0,2,-,16,6,5,27,0,5,3,8,2,4,13,19,1,2,22,25,6,4,11,11,0,17,28
2026,70,46201,5,2,Gliwice,Poland,Argentina,Poland,1,3,50,24,19,20,-,48,26,25,25,-,5,14,10,3,1,-,10,5,4,19,3,4,1,8,1,6,14,21,3,2,13,18,4,6,11,5,1,15,21
2026,71,46201,4,2,Orléans,France,Serbia,USA,1,3,12,23,26,17,-,25,25,24,25,-,1,62,49,8,5,-,49,28,54,131,8,21,20,49,5,20,54,79,19,4,64,87,29,6,60,17,0,114,131
2026,71,46201,4,2,Orléans,France,Serbia,USA,1,3,12,23,26,17,-,25,25,24,25,-,2,8,8,0,0,-,8,6,10,24,0,8,3,11,0,3,10,13,4,2,15,21,4,1,10,2,0,25,27
2026,71,46201,4,2,Orléans,France,Serbia,USA,1,3,12,23,26,17,-,25,25,24,25,-,3,19,16,1,2,-,16,7,14,37,1,4,11,16,2,5,16,23,3,2,17,22,9,3,20,2,0,34,36
2026,71,46201,4,2,Orléans,France,Serbia,USA,1,3,12,23,26,17,-,25,25,24,25,-,4,22,16,5,1,-,16,5,14,35,5,5,4,14,1,7,18,26,8,0,14,22,8,1,14,9,0,24,33
2026,71,46201,4,2,Orléans,France,Serbia,USA,1,3,12,23,26,17,-,25,25,24,25,-,5,13,9,2,2,-,9,10,16,35,2,4,2,8,2,5,10,17,4,0,18,22,8,1,16,4,0,31,35
2026,71,46201,4,2,Orléans,France,USA,Serbia,3,1,25,25,24,25,-,12,23,26,17,-,1,61,46,11,4,-,46,11,35,92,11,30,38,79,4,11,83,98,17,5,37,59,30,10,54,23,1,68,92
2026,71,46201,4,2,Orléans,France,USA,Serbia,3,1,25,25,24,25,-,12,23,26,17,-,2,19,13,4,2,-,13,1,6,20,4,6,8,18,2,3,19,24,5,0,5,10,5,2,10,2,0,16,18
2026,71,46201,4,2,Orléans,France,USA,Serbia,3,1,25,25,24,25,-,12,23,26,17,-,3,15,11,2,2,-,11,1,15,27,2,12,11,25,2,3,20,25,4,2,12,18,8,4,17,8,1,20,29
2026,71,46201,4,2,Orléans,France,USA,Serbia,3,1,25,25,24,25,-,12,23,26,17,-,4,13,12,1,0,-,12,7,7,26,1,6,9,16,0,2,22,24,5,1,13,19,9,4,16,7,0,19,26
2026,71,46201,4,2,Orléans,France,USA,Serbia,3,1,25,25,24,25,-,12,23,26,17,-,5,14,10,4,0,-,10,2,7,19,4,6,10,20,0,3,22,25,3,2,7,12,8,0,11,6,0,13,19
2026,72,46201,6,2,Ljubljana,Slovenia,Slovenia,Italy,1,3,25,19,18,20,-,23,25,25,25,-,1,50,42,3,5,-,42,18,28,88,3,16,14,33,5,16,63,84,10,9,53,72,24,21,55,31,2,55,88
2026,72,46201,6,2,Ljubljana,Slovenia,Slovenia,Italy,1,3,25,19,18,20,-,23,25,25,25,-,2,13,9,1,3,-,9,4,6,19,1,5,3,9,3,5,17,25,2,2,11,15,6,4,12,7,0,11,18
2026,72,46201,6,2,Ljubljana,Slovenia,Slovenia,Italy,1,3,25,19,18,20,-,23,25,25,25,-,3,11,11,0,0,-,11,1,7,19,0,4,4,8,0,4,16,20,3,3,11,17,5,6,14,8,1,11,20
2026,72,46201,6,2,Ljubljana,Slovenia,Slovenia,Italy,1,3,25,19,18,20,-,23,25,25,25,-,4,13,12,1,0,-,12,4,7,23,1,5,0,6,0,3,15,18,4,2,14,20,3,5,11,10,1,12,23
2026,72,46201,6,2,Ljubljana,Slovenia,Slovenia,Italy,1,3,25,19,18,20,-,23,25,25,25,-,5,13,10,1,2,-,10,9,8,27,1,2,7,10,2,4,15,21,1,2,17,20,10,6,18,6,0,21,27
2026,72,46201,6,2,Ljubljana,Slovenia,Italy,Slovenia,3,1,23,25,25,25,-,25,19,18,20,-,1,67,52,6,9,-,52,8,32,92,6,12,12,30,9,25,63,97,15,5,48,68,24,13,47,22,0,71,93
2026,72,46201,6,2,Ljubljana,Slovenia,Italy,Slovenia,3,1,23,25,25,25,-,25,19,18,20,-,2,15,12,1,2,-,12,3,9,24,1,3,3,7,2,9,13,24,3,3,14,20,6,0,8,3,0,22,25
2026,72,46201,6,2,Ljubljana,Slovenia,Italy,Slovenia,3,1,23,25,25,25,-,25,19,18,20,-,3,19,16,0,3,-,16,1,7,24,0,5,6,11,3,7,14,24,6,0,10,16,4,2,10,8,0,15,23
2026,72,46201,6,2,Ljubljana,Slovenia,Italy,Slovenia,3,1,23,25,25,25,-,25,19,18,20,-,4,18,14,2,2,-,14,1,3,18,2,1,2,5,2,5,18,25,5,0,10,15,5,7,13,4,0,14,18
2026,72,46201,6,2,Ljubljana,Slovenia,Italy,Slovenia,3,1,23,25,25,25,-,25,19,18,20,-,5,15,10,3,2,-,10,3,13,26,3,3,1,7,2,4,18,24,1,2,14,17,9,4,16,7,0,20,27
2026,73,46218,9,3,Osaka,Japan,Canada,Argentina,2,3,26,25,23,13,17,24,22,25,25,19,1,80,66,7,7,-,66,26,49,141,7,27,31,65,7,17,81,105,17,7,74,98,38,19,78,27,1,112,140
2026,73,46218,9,3,Osaka,Japan,Canada,Argentina,2,3,26,25,23,13,17,24,22,25,25,19,2,22,19,2,1,-,19,6,11,36,2,4,7,13,1,4,21,26,6,0,16,22,10,6,20,6,0,28,34
2026,73,46218,9,3,Osaka,Japan,Canada,Argentina,2,3,26,25,23,13,17,24,22,25,25,19,3,18,14,2,2,-,14,3,8,25,2,7,6,15,2,3,19,24,2,0,16,18,5,5,15,6,0,19,25
2026,73,46218,9,3,Osaka,Japan,Canada,Argentina,2,3,26,25,23,13,17,24,22,25,25,19,4,18,15,0,3,-,15,5,10,30,0,8,5,13,3,4,17,24,3,0,19,22,7,2,12,4,0,25,29
2026,73,46218,9,3,Osaka,Japan,Canada,Argentina,2,3,26,25,23,13,17,24,22,25,25,19,5,10,9,1,0,-,9,7,10,26,1,4,8,13,0,5,8,13,3,5,14,22,7,1,10,4,1,21,26
2026,73,46218,9,3,Osaka,Japan,Canada,Argentina,2,3,26,25,23,13,17,24,22,25,25,19,6,12,9,2,1,-,9,5,10,24,2,4,5,11,1,1,16,18,3,2,9,14,9,5,21,7,0,19,26
2026,73,46218,9,3,Osaka,Japan,Argentina,Canada,3,2,24,22,25,25,19,26,25,23,13,17,1,80,63,10,7,-,63,13,55,131,10,17,22,49,7,16,91,114,12,7,68,87,44,19,84,41,1,92,134
2026,73,46218,9,3,Osaka,Japan,Argentina,Canada,3,2,24,22,25,25,19,26,25,23,13,17,2,15,14,1,0,-,14,3,13,30,1,5,5,11,0,2,22,24,3,1,17,21,8,7,19,11,0,19,30
2026,73,46218,9,3,Osaka,Japan,Argentina,Canada,3,2,24,22,25,25,19,26,25,23,13,17,3,17,16,1,0,-,16,3,12,31,1,3,5,9,0,5,18,23,1,2,18,21,9,4,20,9,1,23,33
2026,73,46218,9,3,Osaka,Japan,Argentina,Canada,3,2,24,22,25,25,19,26,25,23,13,17,4,17,15,2,0,-,15,3,9,27,2,3,4,9,0,2,22,24,3,3,14,20,9,4,16,9,0,18,27
2026,73,46218,9,3,Osaka,Japan,Argentina,Canada,3,2,24,22,25,25,19,26,25,23,13,17,5,18,7,6,5,-,7,1,9,17,6,2,2,10,5,3,17,25,2,0,6,8,7,3,15,3,0,13,16
2026,73,46218,9,3,Osaka,Japan,Argentina,Canada,3,2,24,22,25,25,19,26,25,23,13,17,6,13,11,0,2,-,11,3,12,26,0,4,6,10,2,4,12,18,3,1,13,17,11,1,14,9,0,19,28
2026,74,46218,9,3,Osaka,Japan,Belgium,Cuba,0,3,23,19,20,-,-,25,25,25,-,-,1,41,34,3,4,-,34,16,19,69,3,14,14,31,4,7,52,63,9,8,42,59,16,10,34,21,1,49,71
2026,74,46218,9,3,Osaka,Japan,Belgium,Cuba,0,3,23,19,20,-,-,25,25,25,-,-,2,14,11,1,2,-,11,4,4,19,1,6,3,10,2,1,20,23,4,2,12,18,3,2,8,5,0,15,20
2026,74,46218,9,3,Osaka,Japan,Belgium,Cuba,0,3,23,19,20,-,-,25,25,25,-,-,3,10,9,1,0,-,9,8,9,26,1,2,9,12,0,0,20,20,2,6,11,19,11,3,18,11,1,15,27
2026,74,46218,9,3,Osaka,Japan,Belgium,Cuba,0,3,23,19,20,-,-,25,25,25,-,-,4,17,14,1,2,-,14,4,6,24,1,6,2,9,2,6,12,20,3,0,19,22,2,5,8,5,0,19,24
2026,74,46218,9,3,Osaka,Japan,Cuba,Belgium,3,0,25,25,25,-,-,23,19,20,-,-,1,62,43,11,8,-,43,8,23,74,11,18,8,37,8,15,51,74,14,4,38,56,16,7,32,39,1,33,73
2026,74,46218,9,3,Osaka,Japan,Cuba,Belgium,3,0,25,25,25,-,-,23,19,20,-,-,2,22,18,2,2,-,18,2,7,27,2,8,2,12,2,7,16,25,6,2,14,22,6,1,9,15,1,10,26
2026,74,46218,9,3,Osaka,Japan,Cuba,Belgium,3,0,25,25,25,-,-,23,19,20,-,-,3,22,10,6,6,-,10,5,14,29,6,4,4,14,6,5,13,24,6,0,14,20,6,3,14,14,0,16,30
2026,74,46218,9,3,Osaka,Japan,Cuba,Belgium,3,0,25,25,25,-,-,23,19,20,-,-,4,18,15,3,0,-,15,1,2,18,3,6,2,11,0,3,22,25,2,2,10,14,4,3,9,10,0,7,17
2026,75,46218,9,3,Osaka,Japan,Japan,Italy,3,2,24,25,25,23,15,26,19,20,25,12,1,81,72,3,6,-,72,17,31,120,3,15,25,43,6,18,88,112,9,2,68,79,37,20,70,52,0,69,121
2026,75,46218,9,3,Osaka,Japan,Japan,Italy,3,2,24,25,25,23,15,26,19,20,25,12,2,20,19,1,0,-,19,2,11,32,1,3,5,9,0,4,20,24,2,1,20,23,10,6,19,16,0,16,32
2026,75,46218,9,3,Osaka,Japan,Japan,Italy,3,2,24,25,25,23,15,26,19,20,25,12,3,18,18,0,0,-,18,2,5,25,0,5,7,12,0,3,22,25,3,0,11,14,8,3,15,9,0,16,25
2026,75,46218,9,3,Osaka,Japan,Japan,Italy,3,2,24,25,25,23,15,26,19,20,25,12,4,19,15,1,3,-,15,5,3,23,1,1,5,7,3,2,19,24,1,0,15,16,5,3,10,11,0,11,22
2026,75,46218,9,3,Osaka,Japan,Japan,Italy,3,2,24,25,25,23,15,26,19,20,25,12,5,13,10,1,2,-,10,4,9,23,1,4,5,10,2,6,16,24,2,1,13,16,8,6,16,10,0,14,24
2026,75,46218,9,3,Osaka,Japan,Japan,Italy,3,2,24,25,25,23,15,26,19,20,25,12,6,11,10,0,1,-,10,4,3,17,0,2,3,5,1,3,11,15,1,0,9,10,6,2,10,6,0,12,18
2026,75,46218,9,3,Osaka,Japan,Italy,Japan,2,3,26,19,20,25,12,24,25,25,23,15,1,78,63,13,2,-,63,9,48,120,13,29,17,59,2,24,77,103,16,6,72,94,28,13,55,71,1,51,123
2026,75,46218,9,3,Osaka,Japan,Italy,Japan,2,3,26,19,20,25,12,24,25,25,23,15,2,19,17,1,1,-,17,2,14,33,1,8,5,14,1,3,22,26,3,0,17,20,10,4,18,20,0,13,33
2026,75,46218,9,3,Osaka,Japan,Italy,Japan,2,3,26,19,20,25,12,24,25,25,23,15,3,15,14,1,0,-,14,1,13,28,1,5,2,8,0,5,14,19,6,0,16,22,5,3,11,15,1,13,29
2026,75,46218,9,3,Osaka,Japan,Italy,Japan,2,3,26,19,20,25,12,24,25,25,23,15,4,18,13,5,0,-,13,2,7,22,5,3,3,11,0,5,16,21,4,3,15,22,3,5,10,12,0,11,23
2026,75,46218,9,3,Osaka,Japan,Italy,Japan,2,3,26,19,20,25,12,24,25,25,23,15,5,18,14,3,1,-,14,3,9,26,3,6,5,14,1,8,15,24,3,2,13,18,8,0,12,16,0,10,26
2026,75,46218,9,3,Osaka,Japan,Italy,Japan,2,3,26,19,20,25,12,24,25,25,23,15,6,8,5,3,0,-,5,1,5,11,3,7,2,12,0,3,10,13,0,1,11,12,2,1,4,8,0,4,12
2026,76,46218,7,3,Belgrade,Serbia,Germany,Slovenia,1,3,17,17,25,26,-,25,25,23,28,-,1,60,54,4,2,-,54,17,46,117,4,19,15,38,2,18,66,86,15,10,62,87,31,21,64,22,0,92,114
2026,76,46218,7,3,Belgrade,Serbia,Germany,Slovenia,1,3,17,17,25,26,-,25,25,23,28,-,2,12,11,1,0,-,11,7,11,29,1,1,1,3,0,7,11,18,5,2,15,22,8,5,15,4,0,25,29
2026,76,46218,7,3,Belgrade,Serbia,Germany,Slovenia,1,3,17,17,25,26,-,25,25,23,28,-,3,10,9,1,0,-,9,3,11,23,1,7,3,11,0,3,14,17,1,3,17,21,5,7,13,2,0,21,23
2026,76,46218,7,3,Belgrade,Serbia,Germany,Slovenia,1,3,17,17,25,26,-,25,25,23,28,-,4,18,14,2,2,-,14,2,6,22,2,4,5,11,2,6,17,25,5,3,11,19,3,2,10,7,0,14,21
2026,76,46218,7,3,Belgrade,Serbia,Germany,Slovenia,1,3,17,17,25,26,-,25,25,23,28,-,5,20,20,0,0,-,20,5,18,43,0,7,6,13,0,2,24,26,4,2,19,25,15,7,26,9,0,32,41
2026,76,46218,7,3,Belgrade,Serbia,Slovenia,Germany,3,1,25,25,23,28,-,17,17,25,26,-,1,76,56,10,10,-,56,12,31,99,10,27,26,63,10,13,77,100,11,2,55,68,33,14,56,28,1,69,98
2026,76,46218,7,3,Belgrade,Serbia,Slovenia,Germany,3,1,25,25,23,28,-,17,17,25,26,-,2,16,9,5,2,-,9,2,7,18,5,6,9,20,2,2,20,24,2,0,9,11,9,0,9,6,1,12,19
2026,76,46218,7,3,Belgrade,Serbia,Slovenia,Germany,3,1,25,25,23,28,-,17,17,25,26,-,3,21,16,2,3,-,16,4,6,26,2,4,4,10,3,4,18,25,3,0,11,14,10,3,15,8,0,16,24
2026,76,46218,7,3,Belgrade,Serbia,Slovenia,Germany,3,1,25,25,23,28,-,17,17,25,26,-,4,16,12,1,3,-,12,4,7,23,1,7,4,12,3,4,16,23,2,2,15,19,3,5,13,6,0,17,23
2026,76,46218,7,3,Belgrade,Serbia,Slovenia,Germany,3,1,25,25,23,28,-,17,17,25,26,-,5,23,19,2,2,-,19,2,11,32,2,10,9,21,2,3,23,28,4,0,20,24,11,6,19,8,0,24,32
2026,77,46218,7,3,Belgrade,Serbia,Ukraine,Iran,3,1,25,25,29,25,-,22,21,31,19,-,1,75,52,12,11,-,52,15,29,96,12,22,15,49,11,8,84,103,3,4,68,75,23,13,41,20,3,70,93
2026,77,46218,7,3,Belgrade,Serbia,Ukraine,Iran,3,1,25,25,29,25,-,22,21,31,19,-,2,15,11,4,0,-,11,5,7,23,4,2,2,8,0,2,22,24,2,0,15,17,5,5,12,3,0,19,22
2026,77,46218,7,3,Belgrade,Serbia,Ukraine,Iran,3,1,25,25,29,25,-,22,21,31,19,-,3,18,13,3,2,-,13,2,7,22,3,6,5,14,2,2,21,25,1,1,14,16,6,3,11,5,1,16,22
2026,77,46218,7,3,Belgrade,Serbia,Ukraine,Iran,3,1,25,25,29,25,-,22,21,31,19,-,4,21,15,3,3,-,15,5,11,31,3,10,5,18,3,1,25,29,0,1,23,24,8,5,13,7,1,22,30
2026,77,46218,7,3,Belgrade,Serbia,Ukraine,Iran,3,1,25,25,29,25,-,22,21,31,19,-,5,21,13,2,6,-,13,3,4,20,2,4,3,9,6,3,16,25,0,2,16,18,4,0,5,5,1,13,19
2026,77,46218,7,3,Belgrade,Serbia,Iran,Ukraine,1,3,22,21,31,19,-,25,25,29,25,-,1,78,62,12,4,-,62,20,30,112,12,17,8,37,4,19,71,94,16,11,68,95,24,11,52,33,2,76,111
2026,77,46218,7,3,Belgrade,Serbia,Iran,Ukraine,1,3,22,21,31,19,-,25,25,29,25,-,2,20,15,5,0,-,15,8,4,27,5,4,1,10,0,6,17,23,5,0,17,22,4,4,12,11,0,15,26
2026,77,46218,7,3,Belgrade,Serbia,Iran,Ukraine,1,3,22,21,31,19,-,25,25,29,25,-,3,17,15,1,1,-,15,5,9,29,1,3,5,9,1,5,15,21,3,2,18,23,6,0,10,8,0,20,28
2026,77,46218,7,3,Belgrade,Serbia,Iran,Ukraine,1,3,22,21,31,19,-,25,25,29,25,-,4,27,22,4,1,-,22,3,11,36,4,6,2,12,1,7,23,31,3,3,22,28,11,3,17,8,1,27,36
2026,77,46218,7,3,Belgrade,Serbia,Iran,Ukraine,1,3,22,21,31,19,-,25,25,29,25,-,5,14,10,2,2,-,10,4,6,20,2,4,0,6,2,1,16,19,5,6,11,22,3,4,13,6,1,14,21
2026,78,46218,8,3,Chicago,USA,Bulgaria,Poland,0,3,19,17,17,-,-,25,25,25,-,-,1,36,26,6,4,-,26,19,17,62,6,12,7,25,4,14,37,55,10,8,44,62,13,4,19,18,0,44,62
2026,78,46218,8,3,Chicago,USA,Bulgaria,Poland,0,3,19,17,17,-,-,25,25,25,-,-,2,10,9,1,0,-,9,6,2,17,1,2,1,4,0,5,15,20,2,5,13,20,3,1,5,8,0,8,16
2026,78,46218,8,3,Chicago,USA,Bulgaria,Poland,0,3,19,17,17,-,-,25,25,25,-,-,3,11,7,3,1,-,7,6,5,18,3,5,3,11,1,6,10,17,5,1,14,20,2,2,4,4,0,15,19
2026,78,46218,8,3,Chicago,USA,Bulgaria,Poland,0,3,19,17,17,-,-,25,25,25,-,-,4,15,10,2,3,-,10,7,10,27,2,5,3,10,3,3,12,18,3,2,17,22,8,1,10,6,0,21,27
2026,78,46218,8,3,Chicago,USA,Poland,Bulgaria,3,0,25,25,25,-,-,19,17,17,-,-,1,54,33,13,8,-,33,10,11,54,13,9,7,29,8,11,54,73,10,4,27,41,19,3,28,14,0,42,56
2026,78,46218,8,3,Chicago,USA,Poland,Bulgaria,3,0,25,25,25,-,-,19,17,17,-,-,2,18,9,4,5,-,9,4,3,16,4,3,1,8,5,4,15,24,4,0,11,15,3,3,6,4,0,13,17
2026,78,46218,8,3,Chicago,USA,Poland,Bulgaria,3,0,25,25,25,-,-,19,17,17,-,-,3,17,11,5,1,-,11,4,4,19,5,1,2,8,1,5,19,25,4,1,6,11,7,0,9,5,0,14,19
2026,78,46218,8,3,Chicago,USA,Poland,Bulgaria,3,0,25,25,25,-,-,19,17,17,-,-,4,19,13,4,2,-,13,2,4,19,4,5,4,13,2,2,20,24,2,3,10,15,9,0,13,5,0,15,20
2026,79,46218,7,3,Belgrade,Serbia,Serbia,Türkiye,0,3,23,19,18,-,-,25,25,25,-,-,1,39,36,3,0,-,36,13,27,76,3,11,14,28,0,16,45,61,15,5,40,60,15,15,42,34,0,42,76
2026,79,46218,7,3,Belgrade,Serbia,Serbia,Türkiye,0,3,23,19,18,-,-,25,25,25,-,-,2,16,15,1,0,-,15,2,8,25,1,3,4,8,0,5,18,23,6,3,13,22,5,4,12,14,0,11,25
2026,79,46218,7,3,Belgrade,Serbia,Serbia,Türkiye,0,3,23,19,18,-,-,25,25,25,-,-,3,10,9,1,0,-,9,8,8,25,1,2,4,7,0,4,16,20,4,0,14,18,6,7,17,9,0,17,26
2026,79,46218,7,3,Belgrade,Serbia,Serbia,Türkiye,0,3,23,19,18,-,-,25,25,25,-,-,4,13,12,1,0,-,12,3,11,26,1,6,6,13,0,7,11,18,5,2,13,20,4,4,13,11,0,14,25
2026,79,46218,7,3,Belgrade,Serbia,Türkiye,Serbia,3,0,25,25,25,-,-,23,19,18,-,-,1,52,39,8,5,-,39,10,25,74,8,7,12,27,5,14,55,74,14,0,31,45,22,13,44,31,0,39,70
2026,79,46218,7,3,Belgrade,Serbia,Türkiye,Serbia,3,0,25,25,25,-,-,23,19,18,-,-,2,20,15,2,3,-,15,5,7,27,2,3,2,7,3,3,19,25,4,0,14,18,7,7,16,10,0,16,26
2026,79,46218,7,3,Belgrade,Serbia,Türkiye,Serbia,3,0,25,25,25,-,-,23,19,18,-,-,3,17,12,5,0,-,12,4,10,26,5,2,4,11,0,6,18,24,5,0,11,16,9,4,15,11,0,14,25
2026,79,46218,7,3,Belgrade,Serbia,Türkiye,Serbia,3,0,25,25,25,-,-,23,19,18,-,-,4,15,12,1,2,-,12,1,8,21,1,2,6,9,2,5,18,25,5,0,6,11,6,2,13,10,0,9,19
2026,80,46218,8,3,Chicago,USA,France,Brazil,0,3,23,23,19,-,-,25,25,25,-,-,1,51,44,2,5,-,44,14,35,93,2,18,17,37,5,16,45,66,16,5,42,63,30,7,44,25,0,67,92
2026,80,46218,8,3,Chicago,USA,France,Brazil,0,3,23,23,19,-,-,25,25,25,-,-,2,17,15,1,1,-,15,5,7,27,1,7,5,13,1,5,17,23,4,1,14,19,8,2,11,7,0,18,25
2026,80,46218,8,3,Chicago,USA,France,Brazil,0,3,23,23,19,-,-,25,25,25,-,-,3,19,16,1,2,-,16,5,12,33,1,6,8,15,2,7,15,24,8,3,11,22,11,1,16,6,0,28,34
2026,80,46218,8,3,Chicago,USA,France,Brazil,0,3,23,23,19,-,-,25,25,25,-,-,4,15,13,0,2,-,13,4,16,33,0,5,4,9,2,4,13,19,4,1,17,22,11,4,17,12,0,21,33
2026,80,46218,8,3,Chicago,USA,Brazil,France,3,0,25,25,25,-,-,23,23,19,-,-,1,50,40,5,5,-,40,4,29,73,5,16,18,39,5,11,58,74,17,5,28,50,28,12,48,33,0,41,74
2026,80,46218,8,3,Chicago,USA,Brazil,France,3,0,25,25,25,-,-,23,23,19,-,-,2,18,14,3,1,-,14,1,8,23,3,5,5,13,1,6,18,25,6,1,11,18,6,2,11,13,0,11,24
2026,80,46218,8,3,Chicago,USA,Brazil,France,3,0,25,25,25,-,-,23,23,19,-,-,3,14,10,1,3,-,10,2,11,23,1,7,5,13,3,2,19,24,4,2,11,17,7,4,15,9,0,14,23
2026,80,46218,8,3,Chicago,USA,Brazil,France,3,0,25,25,25,-,-,23,23,19,-,-,4,18,16,1,1,-,16,1,10,27,1,4,8,13,1,3,21,25,7,2,6,15,15,6,22,11,0,16,27
2026,81,46218,8,3,Chicago,USA,USA,China,3,0,25,25,25,-,-,19,13,20,-,-,1,58,42,6,10,-,42,5,21,68,6,12,12,30,10,11,53,74,15,4,27,46,24,9,37,21,1,46,68
2026,81,46218,8,3,Chicago,USA,USA,China,3,0,25,25,25,-,-,19,13,20,-,-,2,18,15,1,2,-,15,3,6,24,1,4,4,9,2,3,20,25,9,1,6,16,7,4,14,6,0,19,25
2026,81,46218,8,3,Chicago,USA,USA,China,3,0,25,25,25,-,-,19,13,20,-,-,3,20,12,4,4,-,12,1,6,19,4,2,3,9,4,3,17,24,4,1,8,13,8,3,11,7,0,12,19
2026,81,46218,8,3,Chicago,USA,USA,China,3,0,25,25,25,-,-,19,13,20,-,-,4,20,15,1,4,-,15,1,9,25,1,6,5,12,4,5,16,25,2,2,13,17,9,2,12,8,1,15,24
2026,81,46218,8,3,Chicago,USA,China,USA,0,3,19,13,20,-,-,25,25,25,-,-,1,37,31,2,4,-,31,13,26,70,2,17,9,28,4,8,42,54,11,10,42,63,15,6,28,14,1,56,71
2026,81,46218,8,3,Chicago,USA,China,USA,0,3,19,13,20,-,-,25,25,25,-,-,2,15,12,2,1,-,12,3,9,24,2,5,4,11,1,4,15,20,4,2,16,22,5,1,7,7,1,18,26
2026,81,46218,8,3,Chicago,USA,China,USA,0,3,19,13,20,-,-,25,25,25,-,-,3,9,8,0,1,-,8,7,6,21,0,6,2,8,1,1,12,14,3,4,14,21,4,1,7,3,0,19,22
2026,81,46218,8,3,Chicago,USA,China,USA,0,3,19,13,20,-,-,25,25,25,-,-,4,13,11,0,2,-,11,3,11,25,0,6,3,9,2,3,15,20,4,4,12,20,6,4,14,4,0,19,23
2026,82,46219,9,3,Osaka,Japan,Belgium,Italy,0,3,20,22,22,-,-,25,25,25,-,-,1,43,36,6,1,-,36,14,21,71,6,14,9,29,1,14,50,65,10,3,44,57,15,14,36,26,1,42,69
2026,82,46219,9,3,Osaka,Japan,Belgium,Italy,0,3,20,22,22,-,-,25,25,25,-,-,2,15,13,2,0,-,13,7,6,26,2,3,4,9,0,5,15,20,3,1,17,21,4,7,13,9,0,15,24
2026,82,46219,9,3,Osaka,Japan,Belgium,Italy,0,3,20,22,22,-,-,25,25,25,-,-,3,14,11,2,1,-,11,2,8,21,2,5,3,10,1,4,18,23,4,1,13,18,3,4,11,8,1,11,20
2026,82,46219,9,3,Osaka,Japan,Belgium,Italy,0,3,20,22,22,-,-,25,25,25,-,-,4,14,12,2,0,-,12,5,7,24,2,6,2,10,0,5,17,22,3,1,14,18,8,3,12,9,0,16,25
2026,82,46219,9,3,Osaka,Japan,Italy,Belgium,3,0,25,25,25,-,-,20,22,22,-,-,1,52,42,7,3,-,42,10,24,76,7,13,9,29,3,17,54,74,14,1,36,51,20,9,41,33,0,44,77
2026,82,46219,9,3,Osaka,Japan,Italy,Belgium,3,0,25,25,25,-,-,20,22,22,-,-,2,16,11,4,1,-,11,3,9,23,4,3,3,10,1,4,20,25,8,0,7,15,6,2,12,9,0,13,22
2026,82,46219,9,3,Osaka,Japan,Italy,Belgium,3,0,25,25,25,-,-,20,22,22,-,-,3,20,17,2,1,-,17,4,7,28,2,3,4,9,1,6,17,24,5,1,13,19,7,4,15,13,0,16,29
2026,82,46219,9,3,Osaka,Japan,Italy,Belgium,3,0,25,25,25,-,-,20,22,22,-,-,4,16,14,1,1,-,14,3,8,25,1,7,2,10,1,7,17,25,1,0,16,17,7,3,14,11,0,15,26
2026,83,46219,9,3,Osaka,Japan,Japan,Canada,3,2,18,24,29,25,15,25,26,27,19,11,1,83,74,5,4,-,74,23,65,162,5,31,22,58,4,16,90,110,27,2,65,94,45,16,91,20,1,140,161
2026,83,46219,9,3,Osaka,Japan,Japan,Canada,3,2,18,24,29,25,15,25,26,27,19,11,2,15,14,0,1,-,14,8,10,32,0,7,4,11,1,3,15,19,7,0,15,22,10,1,13,3,0,30,33
2026,83,46219,9,3,Osaka,Japan,Japan,Canada,3,2,18,24,29,25,15,25,26,27,19,11,3,21,18,1,2,-,18,8,22,48,1,7,7,15,2,3,19,24,3,0,22,25,14,3,27,7,0,40,47
2026,83,46219,9,3,Osaka,Japan,Japan,Canada,3,2,18,24,29,25,15,25,26,27,19,11,4,20,17,3,0,-,17,5,17,39,3,8,5,16,0,3,26,29,8,0,14,22,11,6,26,6,1,33,40
2026,83,46219,9,3,Osaka,Japan,Japan,Canada,3,2,18,24,29,25,15,25,26,27,19,11,5,18,16,1,1,-,16,1,12,29,1,5,4,10,1,5,18,24,4,2,11,17,7,3,17,0,0,28,28
2026,83,46219,9,3,Osaka,Japan,Japan,Canada,3,2,18,24,29,25,15,25,26,27,19,11,6,9,9,0,0,-,9,1,4,14,0,4,2,6,0,2,12,14,5,0,3,8,3,3,8,4,0,9,13
2026,83,46219,9,3,Osaka,Japan,Canada,Japan,2,3,25,26,27,19,11,18,24,29,25,15,1,84,66,16,2,-,66,15,49,130,16,37,37,90,2,15,92,109,17,4,73,94,34,20,73,25,1,105,131
2026,83,46219,9,3,Osaka,Japan,Canada,Japan,2,3,25,26,27,19,11,18,24,29,25,15,2,18,14,4,0,-,14,1,11,26,4,5,9,18,0,2,22,24,4,1,11,16,8,5,16,5,0,21,26
2026,83,46219,9,3,Osaka,Japan,Canada,Japan,2,3,25,26,27,19,11,18,24,29,25,15,3,21,15,6,0,-,15,1,13,29,6,10,10,26,0,1,25,26,4,2,15,21,10,3,20,6,1,24,31
2026,83,46219,9,3,Osaka,Japan,Canada,Japan,2,3,25,26,27,19,11,18,24,29,25,15,4,22,18,4,0,-,18,7,14,39,4,10,9,23,0,5,22,27,4,0,22,26,11,5,19,6,0,32,38
2026,83,46219,9,3,Osaka,Japan,Canada,Japan,2,3,25,26,27,19,11,18,24,29,25,15,5,14,11,1,2,-,11,5,8,24,1,8,7,16,2,3,15,20,4,1,14,19,5,6,16,6,0,19,25
2026,83,46219,9,3,Osaka,Japan,Canada,Japan,2,3,25,26,27,19,11,18,24,29,25,15,6,9,8,1,0,-,8,1,3,12,1,4,2,7,0,4,8,12,1,0,11,12,0,1,2,2,0,9,11
2026,84,46219,7,3,Belgrade,Serbia,Iran,Germany,3,2,25,26,18,25,15,22,28,25,20,12,1,70,60,7,3,-,60,20,40,120,7,29,18,54,3,17,89,109,16,3,61,80,34,18,66,32,0,88,120
2026,84,46219,7,3,Belgrade,Serbia,Iran,Germany,3,2,25,26,18,25,15,22,28,25,20,12,2,18,17,1,0,-,17,1,12,30,1,4,6,11,0,3,22,25,3,1,14,18,9,7,22,8,0,22,30
2026,84,46219,7,3,Belgrade,Serbia,Iran,Germany,3,2,25,26,18,25,15,22,28,25,20,12,3,18,12,4,2,-,12,6,6,24,4,8,4,16,2,5,19,26,6,2,14,22,5,2,8,6,0,20,26
2026,84,46219,7,3,Belgrade,Serbia,Iran,Germany,3,2,25,26,18,25,15,22,28,25,20,12,4,8,8,0,0,-,8,6,12,26,0,6,4,10,0,6,13,19,4,0,12,16,8,2,14,10,0,16,26
2026,84,46219,7,3,Belgrade,Serbia,Iran,Germany,3,2,25,26,18,25,15,22,28,25,20,12,5,15,13,1,1,-,13,5,7,25,1,5,2,8,1,2,21,24,2,0,13,15,7,6,16,6,0,18,24
2026,84,46219,7,3,Belgrade,Serbia,Iran,Germany,3,2,25,26,18,25,15,22,28,25,20,12,6,11,10,1,0,-,10,2,3,15,1,6,2,9,0,1,14,15,1,0,8,9,5,1,6,2,0,12,14
2026,84,46219,7,3,Belgrade,Serbia,Germany,Iran,2,3,22,28,25,20,12,25,26,18,25,15,1,81,67,11,3,-,67,18,40,125,11,25,24,60,3,27,77,107,21,3,68,92,31,14,59,34,1,87,122
2026,84,46219,7,3,Belgrade,Serbia,Germany,Iran,2,3,22,28,25,20,12,25,26,18,25,15,2,19,17,1,1,-,17,3,10,30,1,7,9,17,1,4,17,22,6,0,16,22,9,4,17,8,1,21,30
2026,84,46219,7,3,Belgrade,Serbia,Germany,Iran,2,3,22,28,25,20,12,25,26,18,25,15,3,20,15,3,2,-,15,6,6,27,3,4,2,9,2,6,20,28,5,2,14,21,5,2,11,7,0,19,26
2026,84,46219,7,3,Belgrade,Serbia,Germany,Iran,2,3,22,28,25,20,12,25,26,18,25,15,4,15,13,2,0,-,13,2,11,26,2,3,8,13,0,8,16,24,3,0,10,13,10,2,15,7,0,17,24
2026,84,46219,7,3,Belgrade,Serbia,Germany,Iran,2,3,22,28,25,20,12,25,26,18,25,15,5,16,13,3,0,-,13,5,9,27,3,6,4,13,0,6,15,21,5,1,16,22,5,4,11,9,0,18,27
2026,84,46219,7,3,Belgrade,Serbia,Germany,Iran,2,3,22,28,25,20,12,25,26,18,25,15,6,11,9,2,0,-,9,2,4,15,2,5,1,8,0,3,9,12,2,0,12,14,2,2,5,3,0,12,15
2026,85,46219,7,3,Belgrade,Serbia,Serbia,Ukraine,3,1,22,25,25,25,-,25,17,21,23,-,1,70,54,12,4,-,54,10,50,114,12,27,19,58,4,15,77,96,12,6,57,75,43,15,72,31,0,83,114
2026,85,46219,7,3,Belgrade,Serbia,Serbia,Ukraine,3,1,22,25,25,25,-,25,17,21,23,-,2,14,14,0,0,-,14,2,8,24,0,5,4,9,0,6,17,23,4,3,11,18,9,4,16,4,0,20,24
2026,85,46219,7,3,Belgrade,Serbia,Serbia,Ukraine,3,1,22,25,25,25,-,25,17,21,23,-,3,17,13,4,0,-,13,2,12,27,4,5,9,18,0,4,20,24,3,0,13,16,11,4,22,9,0,19,28
2026,85,46219,7,3,Belgrade,Serbia,Serbia,Ukraine,3,1,22,25,25,25,-,25,17,21,23,-,4,21,15,5,1,-,15,3,13,31,5,9,4,18,1,2,22,25,1,3,16,20,14,3,20,7,0,24,31
2026,85,46219,7,3,Belgrade,Serbia,Serbia,Ukraine,3,1,22,25,25,25,-,25,17,21,23,-,5,18,12,3,3,-,12,3,17,32,3,8,2,13,3,3,18,24,4,0,17,21,9,4,14,11,0,20,31
2026,85,46219,7,3,Belgrade,Serbia,Ukraine,Serbia,1,3,25,17,21,23,-,22,25,25,25,-,1,64,54,4,6,-,54,22,55,131,4,26,25,55,6,12,69,87,16,4,61,81,47,14,73,45,2,82,129
2026,85,46219,7,3,Belgrade,Serbia,Ukraine,Serbia,1,3,25,17,21,23,-,22,25,25,25,-,2,18,14,1,3,-,14,2,11,27,1,6,4,11,3,6,15,24,5,0,12,17,6,3,13,12,0,14,26
2026,85,46219,7,3,Belgrade,Serbia,Ukraine,Serbia,1,3,25,17,21,23,-,22,25,25,25,-,3,10,10,0,0,-,10,8,18,36,0,6,7,13,0,2,16,18,4,0,16,20,13,5,22,12,0,24,36
2026,85,46219,7,3,Belgrade,Serbia,Ukraine,Serbia,1,3,25,17,21,23,-,22,25,25,25,-,4,18,13,2,3,-,13,5,17,35,2,7,7,16,3,1,17,21,1,1,21,23,12,3,19,12,2,21,35
2026,85,46219,7,3,Belgrade,Serbia,Ukraine,Serbia,1,3,25,17,21,23,-,22,25,25,25,-,5,18,17,1,0,-,17,7,9,33,1,7,7,15,0,3,21,24,6,3,12,21,16,3,19,9,0,23,32
2026,86,46219,8,3,Chicago,USA,China,France,0,3,21,19,20,-,-,25,25,25,-,-,1,45,38,5,2,-,38,15,35,88,5,20,18,43,2,6,54,62,20,0,40,60,23,10,42,27,1,62,90
2026,86,46219,8,3,Chicago,USA,China,France,0,3,21,19,20,-,-,25,25,25,-,-,2,16,14,1,1,-,14,4,11,29,1,6,6,13,1,3,18,22,8,0,12,20,6,2,11,9,0,20,29
2026,86,46219,8,3,Chicago,USA,China,France,0,3,21,19,20,-,-,25,25,25,-,-,3,15,12,2,1,-,12,6,14,32,2,8,7,17,1,1,17,19,7,0,14,21,10,3,17,10,0,23,33
2026,86,46219,8,3,Chicago,USA,China,France,0,3,21,19,20,-,-,25,25,25,-,-,4,14,12,2,0,-,12,5,10,27,2,6,5,13,0,2,19,21,5,0,14,19,7,5,14,8,1,19,28
2026,86,46219,8,3,Chicago,USA,France,China,3,0,25,25,25,-,-,21,19,20,-,-,1,60,52,8,0,-,52,7,34,93,8,13,13,34,0,13,60,73,15,2,39,56,28,10,53,23,0,68,91
2026,86,46219,8,3,Chicago,USA,France,China,3,0,25,25,25,-,-,21,19,20,-,-,2,20,18,2,0,-,18,2,9,29,2,4,5,11,0,4,20,24,7,1,11,19,9,5,17,6,0,22,28
2026,86,46219,8,3,Chicago,USA,France,China,3,0,25,25,25,-,-,21,19,20,-,-,3,23,18,5,0,-,18,2,14,34,5,4,7,16,0,4,21,25,3,1,14,18,11,3,21,6,0,27,33
2026,86,46219,8,3,Chicago,USA,France,China,3,0,25,25,25,-,-,21,19,20,-,-,4,17,16,1,0,-,16,3,11,30,1,5,1,7,0,5,19,24,5,0,14,19,8,2,15,11,0,19,30
2026,87,46219,8,3,Chicago,USA,USA,Brazil,3,0,25,25,25,-,-,23,19,18,-,-,1,57,35,13,9,-,35,13,22,70,13,10,26,49,9,9,55,73,15,6,29,50,23,8,46,17,0,53,70
2026,87,46219,8,3,Chicago,USA,USA,Brazil,3,0,25,25,25,-,-,23,19,18,-,-,2,22,16,2,4,-,16,4,3,23,2,4,5,11,4,3,17,24,11,2,9,22,3,4,11,8,0,15,23
2026,87,46219,8,3,Chicago,USA,USA,Brazil,3,0,25,25,25,-,-,23,19,18,-,-,3,16,7,6,3,-,7,5,5,17,6,1,7,14,3,3,19,25,0,2,12,14,4,3,11,2,0,15,17
2026,87,46219,8,3,Chicago,USA,USA,Brazil,3,0,25,25,25,-,-,23,19,18,-,-,4,19,12,5,2,-,12,4,14,30,5,5,14,24,2,3,19,24,4,2,8,14,16,1,24,7,0,23,30
2026,87,46219,8,3,Chicago,USA,Brazil,USA,0,3,23,19,18,-,-,25,25,25,-,-,1,43,32,5,6,-,32,18,45,95,5,15,11,31,6,12,44,62,8,9,47,64,28,9,55,25,0,71,96
2026,87,46219,8,3,Chicago,USA,Brazil,USA,0,3,23,19,18,-,-,25,25,25,-,-,2,17,14,1,2,-,14,3,10,27,1,4,2,7,2,2,20,24,3,4,14,21,6,6,16,9,0,16,25
2026,87,46219,8,3,Chicago,USA,Brazil,USA,0,3,23,19,18,-,-,25,25,25,-,-,3,12,9,1,2,-,9,9,8,26,1,2,3,6,2,5,12,19,2,3,17,22,5,3,11,8,0,19,27
2026,87,46219,8,3,Chicago,USA,Brazil,USA,0,3,23,19,18,-,-,25,25,25,-,-,4,14,9,3,2,-,9,6,27,42,3,9,6,18,2,5,12,19,3,2,16,21,17,0,28,8,0,36,44
2026,88,46220,9,3,Osaka,Japan,Cuba,Argentina,3,2,17,25,22,25,15,25,19,25,21,12,1,80,56,13,11,-,56,18,30,104,13,25,20,58,11,27,65,103,16,6,65,87,19,10,44,47,1,62,110
2026,88,46220,9,3,Osaka,Japan,Cuba,Argentina,3,2,17,25,22,25,15,25,19,25,21,12,2,12,8,1,3,-,8,7,7,22,1,5,2,8,3,8,6,17,5,0,17,22,2,2,7,12,1,13,26
2026,88,46220,9,3,Osaka,Japan,Cuba,Argentina,3,2,17,25,22,25,15,25,19,25,21,12,3,17,12,3,2,-,12,1,6,19,3,6,4,13,2,4,19,25,3,2,10,15,4,4,13,9,0,13,22
2026,88,46220,9,3,Osaka,Japan,Cuba,Argentina,3,2,17,25,22,25,15,25,19,25,21,12,4,17,11,4,2,-,11,5,9,25,4,8,4,16,2,7,13,22,4,2,15,21,4,1,8,13,0,11,24
2026,88,46220,9,3,Osaka,Japan,Cuba,Argentina,3,2,17,25,22,25,15,25,19,25,21,12,5,22,18,2,2,-,18,2,3,23,2,4,6,12,2,4,19,25,3,2,13,18,7,2,11,9,0,14,23
2026,88,46220,9,3,Osaka,Japan,Cuba,Argentina,3,2,17,25,22,25,15,25,19,25,21,12,6,12,7,3,2,-,7,3,5,15,3,2,4,9,2,4,8,14,1,0,10,11,2,1,5,4,0,11,15
2026,88,46220,9,3,Osaka,Japan,Argentina,Cuba,2,3,25,19,25,21,12,17,25,22,25,15,1,66,49,11,6,-,49,18,31,98,11,26,21,58,6,18,81,105,10,11,55,76,22,9,46,51,1,47,99
2026,88,46220,9,3,Osaka,Japan,Argentina,Cuba,2,3,25,19,25,21,12,17,25,22,25,15,2,12,9,3,0,-,9,1,4,14,3,4,4,11,0,5,22,27,0,3,6,9,7,1,9,8,0,6,14
2026,88,46220,9,3,Osaka,Japan,Argentina,Cuba,2,3,25,19,25,21,12,17,25,22,25,15,3,14,11,1,2,-,11,7,6,24,1,5,5,11,2,4,13,19,2,2,17,21,4,1,7,13,0,12,25
2026,88,46220,9,3,Osaka,Japan,Argentina,Cuba,2,3,25,19,25,21,12,17,25,22,25,15,4,16,11,3,2,-,11,5,6,22,3,7,6,16,2,4,19,25,3,2,10,15,5,2,11,9,0,11,20
2026,88,46220,9,3,Osaka,Japan,Argentina,Cuba,2,3,25,19,25,21,12,17,25,22,25,15,5,17,13,2,2,-,13,2,10,25,2,6,2,10,2,3,16,21,2,2,17,21,3,3,9,15,0,10,25
2026,88,46220,9,3,Osaka,Japan,Argentina,Cuba,2,3,25,19,25,21,12,17,25,22,25,15,6,7,5,2,0,-,5,3,5,13,2,4,4,10,0,2,11,13,3,2,5,10,3,2,10,6,1,8,15
2026,89,46220,9,3,Osaka,Japan,Japan,Belgium,3,0,25,25,25,-,-,20,22,16,-,-,1,50,40,7,3,-,40,9,22,71,7,12,17,36,3,4,67,74,6,2,37,45,29,22,61,28,0,43,71
2026,89,46220,9,3,Osaka,Japan,Japan,Belgium,3,0,25,25,25,-,-,20,22,16,-,-,2,18,14,3,1,-,14,4,10,28,3,5,4,12,1,0,24,25,2,1,14,17,11,7,20,10,0,17,27
2026,89,46220,9,3,Osaka,Japan,Japan,Belgium,3,0,25,25,25,-,-,20,22,16,-,-,3,13,12,1,0,-,12,1,7,20,1,4,8,13,0,2,22,24,1,0,15,16,8,11,23,6,0,15,21
2026,89,46220,9,3,Osaka,Japan,Japan,Belgium,3,0,25,25,25,-,-,20,22,16,-,-,4,19,14,3,2,-,14,4,5,23,3,3,5,11,2,2,21,25,3,1,8,12,10,4,18,12,0,11,23
2026,89,46220,9,3,Osaka,Japan,Belgium,Japan,0,3,20,22,16,-,-,25,25,25,-,-,1,50,42,6,2,-,42,16,41,99,6,15,7,28,2,14,43,59,18,3,49,70,20,15,48,38,1,55,94
2026,89,46220,9,3,Osaka,Japan,Belgium,Japan,0,3,20,22,16,-,-,25,25,25,-,-,2,19,15,3,1,-,15,5,13,33,3,4,3,10,1,3,16,20,7,1,17,25,8,7,20,15,1,18,34
2026,89,46220,9,3,Osaka,Japan,Belgium,Japan,0,3,20,22,16,-,-,25,25,25,-,-,3,18,18,0,0,-,18,6,17,41,0,4,2,6,0,7,16,23,4,0,18,22,9,6,20,9,0,26,35
2026,89,46220,9,3,Osaka,Japan,Belgium,Japan,0,3,20,22,16,-,-,25,25,25,-,-,4,13,9,3,1,-,9,5,11,25,3,7,2,12,1,4,11,16,7,2,14,23,3,2,8,14,0,11,25
2026,90,46220,7,3,Belgrade,Serbia,Türkiye,Ukraine,3,2,25,20,25,25,15,27,25,23,16,11,1,75,59,12,4,-,59,10,50,119,12,18,27,57,4,20,86,110,10,8,69,87,36,18,72,43,2,76,121
2026,90,46220,7,3,Belgrade,Serbia,Türkiye,Ukraine,3,2,25,20,25,25,15,27,25,23,16,11,2,19,18,1,0,-,18,4,17,39,1,5,8,14,0,8,17,25,4,2,18,24,13,2,20,15,0,25,40
2026,90,46220,7,3,Belgrade,Serbia,Türkiye,Ukraine,3,2,25,20,25,25,15,27,25,23,16,11,3,15,14,1,0,-,14,4,12,30,1,5,10,16,0,4,17,21,1,2,19,22,12,2,16,12,1,16,29
2026,90,46220,7,3,Belgrade,Serbia,Türkiye,Ukraine,3,2,25,20,25,25,15,27,25,23,16,11,4,15,11,4,0,-,11,0,6,17,4,3,4,11,0,4,20,24,2,3,14,19,2,8,13,8,1,9,18
2026,90,46220,7,3,Belgrade,Serbia,Türkiye,Ukraine,3,2,25,20,25,25,15,27,25,23,16,11,5,19,13,3,3,-,13,1,10,24,3,3,3,9,3,1,21,25,3,0,11,14,6,5,16,6,0,18,24
2026,90,46220,7,3,Belgrade,Serbia,Türkiye,Ukraine,3,2,25,20,25,25,15,27,25,23,16,11,6,7,3,3,1,-,3,1,5,9,3,2,2,7,1,3,11,15,0,1,7,8,3,1,7,2,0,8,10
2026,90,46220,7,3,Belgrade,Serbia,Ukraine,Türkiye,2,3,27,25,23,16,11,25,20,25,25,15,1,76,61,7,8,-,61,29,50,140,7,21,23,51,8,16,79,103,19,4,67,90,39,19,83,33,1,107,141
2026,90,46220,7,3,Belgrade,Serbia,Ukraine,Türkiye,2,3,27,25,23,16,11,25,20,25,25,15,2,18,13,3,2,-,13,3,14,30,3,6,7,16,2,4,22,28,5,0,12,17,12,4,22,3,0,29,32
2026,90,46220,7,3,Belgrade,Serbia,Ukraine,Türkiye,2,3,27,25,23,16,11,25,20,25,25,15,3,19,14,3,2,-,14,3,15,32,3,4,4,11,2,2,20,24,7,0,10,17,11,6,25,6,1,26,33
2026,90,46220,7,3,Belgrade,Serbia,Ukraine,Türkiye,2,3,27,25,23,16,11,25,20,25,25,15,4,18,15,0,3,-,15,8,7,30,0,4,2,6,3,5,16,24,5,0,15,20,6,4,13,8,0,21,29
2026,90,46220,7,3,Belgrade,Serbia,Ukraine,Türkiye,2,3,27,25,23,16,11,25,20,25,25,15,5,13,13,0,0,-,13,7,8,28,0,6,6,12,0,2,14,16,2,3,19,24,5,4,13,14,0,14,28
2026,90,46220,7,3,Belgrade,Serbia,Ukraine,Türkiye,2,3,27,25,23,16,11,25,20,25,25,15,6,8,6,1,1,-,6,8,6,20,1,1,4,6,1,3,7,11,0,1,11,12,5,1,10,2,0,17,19
2026,91,46220,7,3,Belgrade,Serbia,Iran,Slovenia,0,3,25,19,24,-,-,27,25,26,-,-,1,54,40,9,5,-,40,13,35,88,9,14,9,32,5,17,47,69,12,5,48,65,20,9,47,17,0,71,88
2026,91,46220,7,3,Belgrade,Serbia,Iran,Slovenia,0,3,25,19,24,-,-,27,25,26,-,-,2,20,15,3,2,-,15,3,10,28,3,5,4,12,2,6,17,25,5,2,16,23,6,3,14,6,0,22,28
2026,91,46220,7,3,Belgrade,Serbia,Iran,Slovenia,0,3,25,19,24,-,-,27,25,26,-,-,3,16,12,4,0,-,12,4,9,25,4,5,2,11,0,6,14,20,3,2,16,21,4,3,12,4,0,20,24
2026,91,46220,7,3,Belgrade,Serbia,Iran,Slovenia,0,3,25,19,24,-,-,27,25,26,-,-,4,18,13,2,3,-,13,6,16,35,2,4,3,9,3,5,16,24,4,1,16,21,10,3,21,7,0,29,36
2026,91,46220,7,3,Belgrade,Serbia,Slovenia,Iran,3,0,27,25,26,-,-,25,19,24,-,-,1,56,43,8,5,-,43,11,23,77,8,18,22,48,5,12,60,77,15,5,32,52,29,13,47,29,0,47,76
2026,91,46220,7,3,Belgrade,Serbia,Slovenia,Iran,3,0,27,25,26,-,-,25,19,24,-,-,2,20,16,2,2,-,16,4,7,27,2,6,3,11,2,4,21,27,4,2,13,19,10,6,17,9,0,17,26
2026,91,46220,7,3,Belgrade,Serbia,Slovenia,Iran,3,0,27,25,26,-,-,25,19,24,-,-,3,17,13,2,2,-,13,4,5,22,2,6,7,15,2,3,19,24,4,0,10,14,8,3,14,6,0,17,23
2026,91,46220,7,3,Belgrade,Serbia,Slovenia,Iran,3,0,27,25,26,-,-,25,19,24,-,-,4,19,14,4,1,-,14,3,11,28,4,6,12,22,1,5,20,26,7,3,9,19,11,4,16,14,0,13,27
2026,92,46220,8,3,Chicago,USA,China,Bulgaria,1,3,25,14,20,20,-,22,25,25,25,-,1,53,43,6,4,-,43,16,29,88,6,15,13,34,4,7,69,80,9,11,58,78,20,17,48,14,2,71,87
2026,92,46220,8,3,Chicago,USA,China,Bulgaria,1,3,25,14,20,20,-,22,25,25,25,-,2,18,13,2,3,-,13,6,2,21,2,2,0,4,3,2,19,24,0,1,16,17,5,5,11,2,1,17,20
2026,92,46220,8,3,Chicago,USA,China,Bulgaria,1,3,25,14,20,20,-,22,25,25,25,-,3,8,8,0,0,-,8,0,4,12,0,7,0,7,0,3,12,15,2,6,10,18,1,3,6,1,1,11,13
2026,92,46220,8,3,Chicago,USA,China,Bulgaria,1,3,25,14,20,20,-,22,25,25,25,-,4,14,11,2,1,-,11,5,12,28,2,4,6,12,1,2,17,20,4,3,16,23,8,7,18,6,0,21,27
2026,92,46220,8,3,Chicago,USA,China,Bulgaria,1,3,25,14,20,20,-,22,25,25,25,-,5,13,11,2,0,-,11,5,11,27,2,2,7,11,0,0,21,21,3,1,16,20,6,2,13,5,0,22,27
2026,92,46220,8,3,Chicago,USA,Bulgaria,China,3,1,22,25,25,25,-,25,14,20,20,-,1,78,58,9,11,-,58,11,29,98,9,21,14,44,11,18,67,96,7,4,62,73,25,10,43,37,0,60,97
2026,92,46220,8,3,Chicago,USA,Bulgaria,China,3,1,22,25,25,25,-,25,14,20,20,-,2,17,12,4,1,-,12,3,6,21,4,6,1,11,1,6,16,23,0,3,19,22,4,3,7,10,0,11,21
2026,92,46220,8,3,Chicago,USA,Bulgaria,China,3,1,22,25,25,25,-,25,14,20,20,-,3,20,14,0,6,-,14,0,3,17,0,4,2,6,6,6,12,24,1,0,11,12,4,2,6,9,0,6,15
2026,92,46220,8,3,Chicago,USA,Bulgaria,China,3,1,22,25,25,25,-,25,14,20,20,-,4,20,14,3,3,-,14,5,10,29,3,5,5,13,3,2,20,25,3,1,14,18,10,3,15,6,0,22,28
2026,92,46220,8,3,Chicago,USA,Bulgaria,China,3,1,22,25,25,25,-,25,14,20,20,-,5,21,18,2,1,-,18,3,10,31,2,6,6,14,1,4,19,24,3,0,18,21,7,2,15,12,0,21,33
2026,93,46220,8,3,Chicago,USA,Brazil,Poland,0,3,22,26,19,-,-,25,28,25,-,-,1,47,42,4,1,-,42,14,30,86,4,15,7,26,1,15,52,68,11,6,43,60,25,13,48,39,3,43,85
2026,93,46220,8,3,Chicago,USA,Brazil,Poland,0,3,22,26,19,-,-,25,28,25,-,-,2,17,16,1,0,-,16,5,9,30,1,2,1,4,0,6,16,22,1,2,18,21,8,5,16,16,1,11,28
2026,93,46220,8,3,Chicago,USA,Brazil,Poland,0,3,22,26,19,-,-,25,28,25,-,-,3,17,13,3,1,-,13,5,14,32,3,7,3,13,1,4,22,27,5,1,13,19,11,4,20,13,2,18,33
2026,93,46220,8,3,Chicago,USA,Brazil,Poland,0,3,22,26,19,-,-,25,28,25,-,-,4,13,13,0,0,-,13,4,7,24,0,6,3,9,0,5,14,19,5,3,12,20,6,4,12,10,0,14,24
2026,93,46220,8,3,Chicago,USA,Poland,Brazil,3,0,25,28,25,-,-,22,26,19,-,-,1,51,39,6,6,-,39,6,24,69,6,10,11,27,6,17,54,77,11,1,41,53,15,14,44,28,0,43,71
2026,93,46220,8,3,Chicago,USA,Poland,Brazil,3,0,25,28,25,-,-,22,26,19,-,-,2,15,11,2,2,-,11,2,6,19,2,4,4,10,2,4,19,25,3,0,13,16,5,7,17,8,0,12,20
2026,93,46220,8,3,Chicago,USA,Poland,Brazil,3,0,25,28,25,-,-,22,26,19,-,-,3,21,16,4,1,-,16,4,11,31,4,2,5,11,1,8,18,27,4,1,18,23,7,2,15,12,0,20,32
2026,93,46220,8,3,Chicago,USA,Poland,Brazil,3,0,25,28,25,-,-,22,26,19,-,-,4,15,12,0,3,-,12,0,7,19,0,4,2,6,3,5,17,25,4,0,10,14,3,5,12,8,0,11,19
2026,94,46221,9,3,Osaka,Japan,Canada,Cuba,0,3,22,21,27,-,-,25,25,29,-,-,1,48,40,6,2,-,40,15,29,84,6,17,20,43,2,15,54,71,11,5,48,64,25,17,46,36,1,49,86
2026,94,46221,9,3,Osaka,Japan,Canada,Cuba,0,3,22,21,27,-,-,25,25,29,-,-,2,15,12,2,1,-,12,7,3,22,2,3,4,9,1,6,15,22,6,2,15,23,4,4,8,14,0,11,25
2026,94,46221,9,3,Osaka,Japan,Canada,Cuba,0,3,22,21,27,-,-,25,25,29,-,-,3,13,11,1,1,-,11,5,8,24,1,5,7,13,1,4,17,22,3,2,11,16,10,5,17,7,1,16,24
2026,94,46221,9,3,Osaka,Japan,Canada,Cuba,0,3,22,21,27,-,-,25,25,29,-,-,4,20,17,3,0,-,17,3,18,38,3,9,9,21,0,5,22,27,2,1,22,25,11,8,21,15,0,22,37
2026,94,46221,9,3,Osaka,Japan,Cuba,Canada,3,0,25,25,29,-,-,22,21,27,-,-,1,58,42,11,5,-,42,13,29,84,11,18,11,40,5,14,59,78,18,2,36,56,24,13,52,18,0,66,84
2026,94,46221,9,3,Osaka,Japan,Cuba,Canada,3,0,25,25,29,-,-,22,21,27,-,-,2,18,10,6,2,-,10,7,4,21,6,4,0,10,2,2,21,25,6,1,9,16,6,5,12,5,0,16,21
2026,94,46221,9,3,Osaka,Japan,Cuba,Canada,3,0,25,25,29,-,-,22,21,27,-,-,3,18,13,3,2,-,13,1,12,26,3,6,3,12,2,8,14,24,7,1,10,18,6,3,14,9,0,16,25
2026,94,46221,9,3,Osaka,Japan,Cuba,Canada,3,0,25,25,29,-,-,22,21,27,-,-,4,22,19,2,1,-,19,5,13,37,2,8,8,18,1,4,24,29,5,0,17,22,12,5,26,4,0,34,38
2026,95,46221,9,3,Osaka,Japan,Argentina,Italy,0,3,22,22,22,-,-,25,25,25,-,-,1,51,43,5,3,-,43,12,34,89,5,14,20,39,3,12,53,68,13,1,46,60,24,19,64,32,1,55,88
2026,95,46221,9,3,Osaka,Japan,Argentina,Italy,0,3,22,22,22,-,-,25,25,25,-,-,2,18,15,2,1,-,15,5,18,38,2,7,12,21,1,3,19,23,5,0,17,22,11,2,22,10,1,26,37
2026,95,46221,9,3,Osaka,Japan,Argentina,Italy,0,3,22,22,22,-,-,25,25,25,-,-,3,16,14,1,1,-,14,3,5,22,1,4,1,6,1,5,16,22,3,0,16,19,2,8,16,7,0,15,22
2026,95,46221,9,3,Osaka,Japan,Argentina,Italy,0,3,22,22,22,-,-,25,25,25,-,-,4,17,14,2,1,-,14,4,11,29,2,3,7,12,1,4,18,23,5,1,13,19,11,9,26,15,0,14,29
2026,95,46221,9,3,Osaka,Japan,Italy,Argentina,3,0,25,25,25,-,-,22,22,22,-,-,1,57,49,7,1,-,49,7,35,91,7,17,17,41,1,13,59,73,14,3,39,56,30,10,55,38,0,51,89
2026,95,46221,9,3,Osaka,Japan,Italy,Argentina,3,0,25,25,25,-,-,22,22,22,-,-,2,18,16,2,0,-,16,4,17,37,2,7,10,19,0,2,22,24,8,1,11,20,13,1,21,10,0,26,36
2026,95,46221,9,3,Osaka,Japan,Italy,Argentina,3,0,25,25,25,-,-,22,22,22,-,-,3,20,17,3,0,-,17,1,6,24,3,5,2,10,0,6,19,25,4,1,12,17,6,6,15,14,0,10,24
2026,95,46221,9,3,Osaka,Japan,Italy,Argentina,3,0,25,25,25,-,-,22,22,22,-,-,4,19,16,2,1,-,16,2,12,30,2,5,5,12,1,5,18,24,2,1,16,19,11,3,19,14,0,15,29
2026,96,46221,7,3,Belgrade,Serbia,Türkiye,Slovenia,1,3,22,25,21,23,-,25,20,25,25,-,1,66,55,8,3,-,55,9,46,110,8,18,19,45,3,22,67,92,16,10,54,80,30,15,60,20,0,87,107
2026,96,46221,7,3,Belgrade,Serbia,Türkiye,Slovenia,1,3,22,25,21,23,-,25,20,25,25,-,2,17,16,1,0,-,16,3,9,28,1,3,5,9,0,8,14,22,6,3,12,21,8,5,15,4,0,23,27
2026,96,46221,7,3,Belgrade,Serbia,Türkiye,Slovenia,1,3,22,25,21,23,-,25,20,25,25,-,3,16,12,3,1,-,12,2,11,25,3,2,3,8,1,3,21,25,3,2,10,15,7,4,18,7,0,18,25
2026,96,46221,7,3,Belgrade,Serbia,Türkiye,Slovenia,1,3,22,25,21,23,-,25,20,25,25,-,4,15,12,3,0,-,12,2,12,26,3,7,6,16,0,6,15,21,4,2,16,22,5,2,10,4,0,21,25
2026,96,46221,7,3,Belgrade,Serbia,Türkiye,Slovenia,1,3,22,25,21,23,-,25,20,25,25,-,5,18,15,1,2,-,15,2,14,31,1,6,5,12,2,5,17,24,3,3,16,22,10,4,17,5,0,25,30
2026,96,46221,7,3,Belgrade,Serbia,Slovenia,Türkiye,3,1,25,20,25,25,-,22,25,21,23,-,1,67,54,3,10,-,54,15,31,100,3,28,22,53,10,15,70,95,12,3,55,70,29,10,57,25,1,77,103
2026,96,46221,7,3,Belgrade,Serbia,Slovenia,Türkiye,3,1,25,20,25,25,-,22,25,21,23,-,2,16,11,2,3,-,11,2,7,20,2,8,4,14,3,4,18,25,1,0,13,14,5,4,12,8,0,12,20
2026,96,46221,7,3,Belgrade,Serbia,Slovenia,Türkiye,3,1,25,20,25,25,-,22,25,21,23,-,3,15,13,0,2,-,13,5,8,26,0,7,7,14,2,5,13,20,6,1,15,22,5,2,11,8,1,19,28
2026,96,46221,7,3,Belgrade,Serbia,Slovenia,Türkiye,3,1,25,20,25,25,-,22,25,21,23,-,4,18,15,1,2,-,15,5,9,29,1,6,6,13,2,4,20,26,3,0,12,15,11,1,16,4,0,25,29
2026,96,46221,7,3,Belgrade,Serbia,Slovenia,Türkiye,3,1,25,20,25,25,-,22,25,21,23,-,5,18,15,0,3,-,15,3,7,25,0,7,5,12,3,2,19,24,2,2,15,19,8,3,18,5,0,21,26
2026,97,46221,7,3,Belgrade,Serbia,Serbia,Germany,2,3,25,28,16,18,13,21,26,25,25,15,1,69,52,13,4,-,52,29,65,146,13,24,28,65,4,10,87,101,11,8,70,89,58,8,85,13,0,133,146
2026,97,46221,7,3,Belgrade,Serbia,Serbia,Germany,2,3,25,28,16,18,13,21,26,25,25,15,2,15,9,5,1,-,9,4,13,26,5,4,10,19,1,3,21,25,1,2,13,16,15,3,21,3,0,24,27
2026,97,46221,7,3,Belgrade,Serbia,Serbia,Germany,2,3,25,28,16,18,13,21,26,25,25,15,3,19,17,2,0,-,17,5,10,32,2,4,1,7,0,2,25,27,4,1,14,19,11,3,18,4,0,26,30
2026,97,46221,7,3,Belgrade,Serbia,Serbia,Germany,2,3,25,28,16,18,13,21,26,25,25,15,4,14,10,3,1,-,10,6,16,32,3,8,10,21,1,2,14,17,4,4,15,23,10,0,14,2,0,30,32
2026,97,46221,7,3,Belgrade,Serbia,Serbia,Germany,2,3,25,28,16,18,13,21,26,25,25,15,5,11,9,2,0,-,9,9,18,36,2,5,6,13,0,2,16,18,2,0,18,20,16,1,22,4,0,35,39
2026,97,46221,7,3,Belgrade,Serbia,Serbia,Germany,2,3,25,28,16,18,13,21,26,25,25,15,6,10,7,1,2,-,7,5,8,20,1,3,1,5,2,1,11,14,0,1,10,11,6,1,10,0,0,18,18
2026,97,46221,7,3,Belgrade,Serbia,Germany,Serbia,3,2,21,26,25,25,15,25,28,16,18,13,1,81,64,9,8,-,64,21,67,152,9,25,30,64,8,22,81,111,17,4,70,91,61,11,87,27,1,124,152
2026,97,46221,7,3,Belgrade,Serbia,Germany,Serbia,3,2,21,26,25,25,15,25,28,16,18,13,2,15,11,2,2,-,11,9,18,38,2,4,4,10,2,5,14,21,2,1,19,22,14,1,20,6,1,32,39
2026,97,46221,7,3,Belgrade,Serbia,Germany,Serbia,3,2,21,26,25,25,15,25,28,16,18,13,3,20,18,1,1,-,18,3,11,32,1,8,6,15,1,8,18,27,5,0,20,25,9,4,13,8,0,25,33
2026,97,46221,7,3,Belgrade,Serbia,Germany,Serbia,3,2,21,26,25,25,15,25,28,16,18,13,4,19,13,2,4,-,13,4,15,32,2,4,8,14,4,1,19,24,5,1,9,15,15,2,22,5,0,26,31
2026,97,46221,7,3,Belgrade,Serbia,Germany,Serbia,3,2,21,26,25,25,15,25,28,16,18,13,5,17,14,3,0,-,14,4,17,35,3,6,7,16,0,5,20,25,2,0,14,16,19,1,24,4,0,29,33
2026,97,46221,7,3,Belgrade,Serbia,Germany,Serbia,3,2,21,26,25,25,15,25,28,16,18,13,6,10,8,1,1,-,8,1,6,15,1,3,5,9,1,3,10,14,3,2,8,13,4,3,8,4,0,12,16
2026,98,46221,8,3,Chicago,USA,France,Poland,1,3,25,22,21,18,-,17,25,25,25,-,1,64,48,11,5,-,48,16,38,102,11,16,15,42,5,25,57,87,17,4,56,77,26,11,50,39,2,65,106
2026,98,46221,8,3,Chicago,USA,France,Poland,1,3,25,22,21,18,-,17,25,25,25,-,2,18,11,3,4,-,11,2,8,21,3,3,3,9,4,9,12,25,3,0,11,14,5,0,7,9,0,11,20
2026,98,46221,8,3,Chicago,USA,France,Poland,1,3,25,22,21,18,-,17,25,25,25,-,3,18,13,4,1,-,13,6,9,28,4,4,4,12,1,5,16,22,7,0,15,22,5,4,13,10,1,18,29
2026,98,46221,8,3,Chicago,USA,France,Poland,1,3,25,22,21,18,-,17,25,25,25,-,4,15,11,4,0,-,11,2,11,24,4,5,4,13,0,7,15,22,5,2,12,19,6,2,11,11,0,14,25
2026,98,46221,8,3,Chicago,USA,France,Poland,1,3,25,22,21,18,-,17,25,25,25,-,5,13,13,0,0,-,13,6,10,29,0,4,4,8,0,4,14,18,2,2,18,22,10,5,19,9,1,22,32
2026,98,46221,8,3,Chicago,USA,Poland,France,3,1,17,25,25,25,-,25,22,21,18,-,1,58,43,11,4,-,43,17,33,93,11,19,21,51,4,14,73,91,19,5,38,62,32,15,59,34,1,56,91
2026,98,46221,8,3,Chicago,USA,Poland,France,3,1,17,25,25,25,-,25,22,21,18,-,2,8,6,2,0,-,6,6,7,19,2,6,3,11,0,3,14,17,4,4,8,16,7,2,12,5,0,14,19
2026,98,46221,8,3,Chicago,USA,Poland,France,3,1,17,25,25,25,-,25,22,21,18,-,3,18,13,5,0,-,13,4,8,25,5,7,6,18,0,3,22,25,5,1,11,17,8,2,13,9,1,16,26
2026,98,46221,8,3,Chicago,USA,Poland,France,3,1,17,25,25,25,-,25,22,21,18,-,4,16,13,1,2,-,13,5,7,25,1,3,6,10,2,5,17,24,6,0,9,15,8,6,17,11,0,13,24
2026,98,46221,8,3,Chicago,USA,Poland,France,3,1,17,25,25,25,-,25,22,21,18,-,5,16,11,3,2,-,11,2,11,24,3,3,6,12,2,3,20,25,4,0,10,14,9,5,17,9,0,13,22
2026,99,46221,8,3,Chicago,USA,USA,Bulgaria,1,3,25,25,24,18,-,27,22,26,25,-,1,64,49,5,10,-,49,21,33,103,5,20,17,42,10,17,68,95,10,10,60,80,30,23,66,20,1,85,106
2026,99,46221,8,3,Chicago,USA,USA,Bulgaria,1,3,25,25,24,18,-,27,22,26,25,-,2,18,14,0,4,-,14,3,11,28,0,7,5,12,4,5,16,25,2,3,18,23,7,7,17,6,0,22,28
2026,99,46221,8,3,Chicago,USA,USA,Bulgaria,1,3,25,25,24,18,-,27,22,26,25,-,3,16,12,2,2,-,12,5,4,21,2,6,3,11,2,4,19,25,1,2,12,15,6,5,14,4,0,17,21
2026,99,46221,8,3,Chicago,USA,USA,Bulgaria,1,3,25,25,24,18,-,27,22,26,25,-,4,18,12,3,3,-,12,7,13,32,3,3,5,11,3,4,17,24,3,3,17,23,11,6,20,5,0,27,32
2026,99,46221,8,3,Chicago,USA,USA,Bulgaria,1,3,25,25,24,18,-,27,22,26,25,-,5,12,11,0,1,-,11,6,5,22,0,4,4,8,1,4,16,21,4,2,13,19,6,5,15,5,1,19,25
2026,99,46221,8,3,Chicago,USA,Bulgaria,USA,3,1,27,22,26,25,-,25,25,24,18,-,1,75,51,14,10,-,51,10,34,95,14,19,20,53,10,19,70,99,7,10,61,78,21,27,61,16,1,78,95
2026,99,46221,8,3,Chicago,USA,Bulgaria,USA,3,1,27,22,26,25,-,25,25,24,18,-,2,20,16,1,3,-,16,1,9,26,1,7,4,12,3,4,20,27,2,4,14,20,7,9,20,3,0,23,26
2026,99,46221,8,3,Chicago,USA,Bulgaria,USA,3,1,27,22,26,25,-,25,25,24,18,-,3,16,11,3,2,-,11,4,6,21,3,4,2,9,2,7,13,22,3,2,16,21,2,6,9,1,0,19,20
2026,99,46221,8,3,Chicago,USA,Bulgaria,USA,3,1,27,22,26,25,-,25,25,24,18,-,4,22,12,7,3,-,12,5,11,28,7,5,10,22,3,3,20,26,1,3,16,20,8,6,20,5,1,24,30
2026,99,46221,8,3,Chicago,USA,Bulgaria,USA,3,1,27,22,26,25,-,25,25,24,18,-,5,17,12,3,2,-,12,0,8,20,3,3,4,10,2,5,17,24,1,1,15,17,4,6,12,7,0,12,19
2026,100,46222,9,3,Osaka,Japan,Belgium,Canada,3,0,25,25,25,-,-,22,22,19,-,-,1,55,42,8,5,-,42,11,30,83,8,16,19,43,5,13,55,73,12,2,39,53,24,11,49,14,1,68,83
2026,100,46222,9,3,Osaka,Japan,Belgium,Canada,3,0,25,25,25,-,-,22,22,19,-,-,2,20,18,1,1,-,18,3,12,33,1,6,8,15,1,6,17,24,3,0,16,19,9,3,19,7,1,25,33
2026,100,46222,9,3,Osaka,Japan,Belgium,Canada,3,0,25,25,25,-,-,22,22,19,-,-,3,19,13,4,2,-,13,4,9,26,4,7,6,17,2,3,20,25,2,1,16,19,8,5,15,4,0,23,27
2026,100,46222,9,3,Osaka,Japan,Belgium,Canada,3,0,25,25,25,-,-,22,22,19,-,-,4,16,11,3,2,-,11,4,9,24,3,3,5,11,2,4,18,24,7,1,7,15,7,3,15,3,0,20,23
2026,100,46222,9,3,Osaka,Japan,Canada,Belgium,0,3,22,22,19,-,-,25,25,25,-,-,1,43,35,6,2,-,35,11,37,83,6,28,19,53,2,12,51,65,9,5,46,60,21,8,41,31,1,50,82
2026,100,46222,9,3,Osaka,Japan,Canada,Belgium,0,3,22,22,19,-,-,25,25,25,-,-,2,13,12,1,0,-,12,1,15,28,1,11,10,22,0,4,19,23,4,1,13,18,8,3,16,9,1,18,28
2026,100,46222,9,3,Osaka,Japan,Canada,Belgium,0,3,22,22,19,-,-,25,25,25,-,-,3,17,13,3,1,-,13,6,11,30,3,7,4,14,1,3,18,22,2,2,18,22,8,4,14,10,0,19,29
2026,100,46222,9,3,Osaka,Japan,Canada,Belgium,0,3,22,22,19,-,-,25,25,25,-,-,4,13,10,2,1,-,10,4,11,25,2,10,5,17,1,5,14,20,3,2,15,20,5,1,11,12,0,13,25
2026,101,46222,9,3,Osaka,Japan,Cuba,Italy,1,3,25,19,21,17,-,17,25,25,25,-,1,53,41,7,5,-,41,16,40,97,7,18,14,39,5,22,56,83,19,4,47,70,31,11,51,35,0,63,98
2026,101,46222,9,3,Osaka,Japan,Cuba,Italy,1,3,25,19,21,17,-,17,25,25,25,-,2,18,12,4,2,-,12,2,13,27,4,5,4,13,2,5,17,24,4,1,7,12,14,1,19,9,0,18,27
2026,101,46222,9,3,Osaka,Japan,Cuba,Italy,1,3,25,19,21,17,-,17,25,25,25,-,3,13,11,1,1,-,11,7,5,23,1,5,3,9,1,5,14,20,5,1,14,20,4,2,6,9,0,12,21
2026,101,46222,9,3,Osaka,Japan,Cuba,Italy,1,3,25,19,21,17,-,17,25,25,25,-,4,14,12,0,2,-,12,3,8,23,0,3,1,4,2,6,13,21,5,1,13,19,5,7,15,8,0,14,22
2026,101,46222,9,3,Osaka,Japan,Cuba,Italy,1,3,25,19,21,17,-,17,25,25,25,-,5,8,6,2,0,-,6,4,14,24,2,5,6,13,0,6,12,18,5,1,13,19,8,1,11,9,0,19,28
2026,101,46222,9,3,Osaka,Japan,Italy,Cuba,3,1,17,25,25,25,-,25,19,21,17,-,1,63,47,12,4,-,47,15,33,95,12,15,21,48,4,20,66,90,15,5,41,61,38,4,54,33,1,64,98
2026,101,46222,9,3,Osaka,Japan,Italy,Cuba,3,1,17,25,25,25,-,25,19,21,17,-,2,12,9,2,1,-,9,5,12,26,2,6,7,15,1,6,11,18,4,2,13,19,10,2,15,7,0,21,28
2026,101,46222,9,3,Osaka,Japan,Italy,Cuba,3,1,17,25,25,25,-,25,19,21,17,-,3,16,11,4,1,-,11,3,7,21,4,2,3,9,1,4,19,24,5,1,9,15,6,0,8,7,0,14,21
2026,101,46222,9,3,Osaka,Japan,Italy,Cuba,3,1,17,25,25,25,-,25,19,21,17,-,4,17,13,3,1,-,13,1,6,20,3,6,4,13,1,5,18,24,4,2,9,15,8,1,10,9,1,11,21
2026,101,46222,9,3,Osaka,Japan,Italy,Cuba,3,1,17,25,25,25,-,25,19,21,17,-,5,18,14,3,1,-,14,6,8,28,3,1,7,11,1,5,18,24,2,0,10,12,14,1,21,10,0,18,28
2026,102,46222,9,3,Osaka,Japan,Japan,Argentina,3,0,25,25,25,-,-,22,22,16,-,-,1,58,47,7,4,-,47,5,25,77,7,10,11,28,4,14,56,74,10,5,36,51,26,15,49,14,1,62,77
2026,102,46222,9,3,Osaka,Japan,Japan,Argentina,3,0,25,25,25,-,-,22,22,16,-,-,2,18,15,2,1,-,15,1,8,24,2,3,3,8,1,4,20,25,4,3,11,18,9,6,18,3,0,22,25
2026,102,46222,9,3,Osaka,Japan,Japan,Argentina,3,0,25,25,25,-,-,22,22,16,-,-,3,21,18,1,2,-,18,2,15,35,1,2,3,6,2,6,16,24,3,2,15,20,11,5,20,6,0,27,33
2026,102,46222,9,3,Osaka,Japan,Japan,Argentina,3,0,25,25,25,-,-,22,22,16,-,-,4,19,14,4,1,-,14,2,2,18,4,5,5,14,1,4,20,25,3,0,10,13,6,4,11,5,1,13,19
2026,102,46222,9,3,Osaka,Japan,Argentina,Japan,0,3,22,22,16,-,-,25,25,25,-,-,1,43,35,3,5,-,35,14,26,75,3,18,16,37,5,10,46,61,5,4,51,60,16,12,39,18,0,58,76
2026,102,46222,9,3,Osaka,Japan,Argentina,Japan,0,3,22,22,16,-,-,25,25,25,-,-,2,18,14,1,3,-,14,5,10,29,1,5,6,12,3,4,15,22,2,1,18,21,8,7,16,6,0,23,29
2026,102,46222,9,3,Osaka,Japan,Argentina,Japan,0,3,22,22,16,-,-,25,25,25,-,-,3,15,12,1,2,-,12,2,8,22,1,7,8,16,2,3,18,23,2,2,14,18,6,4,18,3,0,20,23
2026,102,46222,9,3,Osaka,Japan,Argentina,Japan,0,3,22,22,16,-,-,25,25,25,-,-,4,10,9,1,0,-,9,7,8,24,1,6,2,9,0,3,13,16,1,1,19,21,2,1,5,9,0,15,24
2026,103,46222,7,3,Belgrade,Serbia,Türkiye,Iran,3,1,17,25,25,25,-,25,22,16,19,-,1,65,44,18,3,-,44,11,40,95,18,20,24,62,3,12,76,91,12,4,51,67,27,12,57,19,0,80,99
2026,103,46222,7,3,Belgrade,Serbia,Türkiye,Iran,3,1,17,25,25,25,-,25,22,16,19,-,2,11,9,1,1,-,9,4,12,25,1,4,1,6,1,4,12,17,3,1,16,20,3,5,15,5,0,20,25
2026,103,46222,7,3,Belgrade,Serbia,Türkiye,Iran,3,1,17,25,25,25,-,25,22,16,19,-,3,18,15,3,0,-,15,2,12,29,3,10,14,27,0,3,22,25,3,0,13,16,14,3,22,5,0,28,33
2026,103,46222,7,3,Belgrade,Serbia,Türkiye,Iran,3,1,17,25,25,25,-,25,22,16,19,-,4,20,12,7,1,-,12,3,5,20,7,3,5,15,1,1,22,24,5,2,9,16,5,1,8,5,0,15,20
2026,103,46222,7,3,Belgrade,Serbia,Türkiye,Iran,3,1,17,25,25,25,-,25,22,16,19,-,5,16,8,7,1,-,8,2,11,21,7,3,4,14,1,4,20,25,1,1,13,15,5,3,12,4,0,17,21
2026,103,46222,7,3,Belgrade,Serbia,Iran,Türkiye,1,3,25,22,16,19,-,17,25,25,25,-,1,66,55,7,4,-,55,26,44,125,7,12,19,38,4,16,63,83,11,3,65,79,39,17,73,42,1,81,124
2026,103,46222,7,3,Belgrade,Serbia,Iran,Türkiye,1,3,25,22,16,19,-,17,25,25,25,-,2,19,16,2,1,-,16,1,5,22,2,3,6,11,1,5,19,25,1,1,11,13,10,3,15,8,0,13,21
2026,103,46222,7,3,Belgrade,Serbia,Iran,Türkiye,1,3,25,22,16,19,-,17,25,25,25,-,3,18,17,1,0,-,17,4,22,43,1,2,8,11,0,6,16,22,4,0,18,22,15,8,31,14,0,28,42
2026,103,46222,7,3,Belgrade,Serbia,Iran,Türkiye,1,3,25,22,16,19,-,17,25,25,25,-,4,14,10,2,2,-,10,10,9,29,2,4,1,7,2,1,14,17,3,1,19,23,4,3,12,9,1,20,30
2026,103,46222,7,3,Belgrade,Serbia,Iran,Türkiye,1,3,25,22,16,19,-,17,25,25,25,-,5,15,12,2,1,-,12,11,8,31,2,3,4,9,1,4,14,19,3,1,17,21,10,3,15,11,0,20,31
2026,104,46222,7,3,Belgrade,Serbia,Ukraine,Germany,3,1,25,20,25,26,-,23,25,22,24,-,1,70,52,11,7,-,52,9,30,91,11,25,21,57,7,16,72,95,15,8,54,77,24,17,51,19,3,73,95
2026,104,46222,7,3,Belgrade,Serbia,Ukraine,Germany,3,1,25,20,25,26,-,23,25,22,24,-,2,18,11,5,2,-,11,5,11,27,5,3,7,15,2,4,18,24,5,0,14,19,7,6,16,7,1,20,28
2026,104,46222,7,3,Belgrade,Serbia,Ukraine,Germany,3,1,25,20,25,26,-,23,25,22,24,-,3,11,10,1,0,-,10,3,5,18,1,11,5,17,0,3,18,21,4,3,10,17,3,3,10,2,0,15,17
2026,104,46222,7,3,Belgrade,Serbia,Ukraine,Germany,3,1,25,20,25,26,-,23,25,22,24,-,4,19,17,2,0,-,17,1,7,25,2,7,6,15,0,5,19,24,3,0,15,18,7,3,12,4,1,22,27
2026,104,46222,7,3,Belgrade,Serbia,Ukraine,Germany,3,1,25,20,25,26,-,23,25,22,24,-,5,22,14,3,5,-,14,0,7,21,3,4,3,10,5,4,17,26,3,5,15,23,7,5,13,6,1,16,23
2026,104,46222,7,3,Belgrade,Serbia,Germany,Ukraine,1,3,23,25,22,24,-,25,20,25,26,-,1,69,57,4,8,-,57,18,31,106,4,20,14,38,8,18,69,95,15,7,57,79,25,16,56,16,0,90,106
2026,104,46222,7,3,Belgrade,Serbia,Germany,Ukraine,1,3,23,25,22,24,-,25,20,25,26,-,2,16,13,3,0,-,13,6,8,27,3,3,6,12,0,5,19,24,5,2,13,20,7,4,13,4,0,23,27
2026,104,46222,7,3,Belgrade,Serbia,Germany,Ukraine,1,3,23,25,22,24,-,25,20,25,26,-,3,20,16,1,3,-,16,3,8,27,1,5,1,7,3,7,14,24,3,0,15,18,6,4,14,5,0,22,27
2026,104,46222,7,3,Belgrade,Serbia,Germany,Ukraine,1,3,23,25,22,24,-,25,20,25,26,-,4,14,14,0,0,-,14,3,10,27,0,8,6,14,0,5,18,23,6,0,13,19,5,3,13,3,0,24,27
2026,104,46222,7,3,Belgrade,Serbia,Germany,Ukraine,1,3,23,25,22,24,-,25,20,25,26,-,5,19,14,0,5,-,14,6,5,25,0,4,1,5,5,1,18,24,1,5,16,22,7,5,16,4,0,21,25
2026,105,46222,8,3,Chicago,USA,China,Brazil,0,3,16,20,21,-,-,25,25,25,-,-,1,45,34,7,4,-,34,16,34,84,7,20,12,39,4,7,48,59,11,6,50,67,17,10,42,23,0,64,87
2026,105,46222,8,3,Chicago,USA,China,Brazil,0,3,16,20,21,-,-,25,25,25,-,-,2,14,11,2,1,-,11,2,7,20,2,7,1,10,1,3,13,17,3,5,15,23,2,2,6,3,0,17,20
2026,105,46222,8,3,Chicago,USA,China,Brazil,0,3,16,20,21,-,-,25,25,25,-,-,3,14,11,2,1,-,11,8,12,31,2,5,4,11,1,2,17,20,5,0,17,22,7,6,19,10,0,22,32
2026,105,46222,8,3,Chicago,USA,China,Brazil,0,3,16,20,21,-,-,25,25,25,-,-,4,17,12,3,2,-,12,6,15,33,3,8,7,18,2,2,18,22,3,1,18,22,8,2,17,10,0,25,35
2026,105,46222,8,3,Chicago,USA,Brazil,China,3,0,25,25,25,-,-,16,20,21,-,-,1,53,42,5,6,-,42,11,22,75,5,18,19,42,6,6,61,73,13,4,35,52,24,7,41,31,1,40,72
2026,105,46222,8,3,Chicago,USA,Brazil,China,3,0,25,25,25,-,-,16,20,21,-,-,2,20,15,0,5,-,15,3,3,21,0,7,5,12,5,1,18,24,3,1,10,14,5,2,10,10,0,8,18
2026,105,46222,8,3,Chicago,USA,Brazil,China,3,0,25,25,25,-,-,16,20,21,-,-,3,16,13,3,0,-,13,3,9,25,3,4,6,13,0,3,22,25,4,1,13,18,9,3,14,10,1,15,26
2026,105,46222,8,3,Chicago,USA,Brazil,China,3,0,25,25,25,-,-,16,20,21,-,-,4,17,14,2,1,-,14,5,10,29,2,7,8,17,1,2,21,24,6,2,12,20,10,2,17,11,0,17,28
2026,106,46222,7,3,Belgrade,Serbia,Serbia,Slovenia,0,3,19,21,22,-,-,25,25,25,-,-,1,44,35,8,1,-,35,16,21,72,8,16,15,39,1,13,49,63,12,3,45,60,18,14,40,17,0,58,75
2026,106,46222,7,3,Belgrade,Serbia,Serbia,Slovenia,0,3,19,21,22,-,-,25,25,25,-,-,2,16,13,2,1,-,13,6,7,26,2,6,8,16,1,6,13,20,6,0,15,21,4,5,13,5,0,22,27
2026,106,46222,7,3,Belgrade,Serbia,Serbia,Slovenia,0,3,19,21,22,-,-,25,25,25,-,-,3,13,10,3,0,-,10,5,7,22,3,3,2,8,0,2,19,21,3,2,14,19,5,6,15,2,0,20,22
2026,106,46222,7,3,Belgrade,Serbia,Serbia,Slovenia,0,3,19,21,22,-,-,25,25,25,-,-,4,15,12,3,0,-,12,5,7,24,3,7,5,15,0,5,17,22,3,1,16,20,9,3,12,10,0,16,26
2026,106,46222,7,3,Belgrade,Serbia,Slovenia,Serbia,3,0,25,25,25,-,-,19,21,22,-,-,1,54,43,8,3,-,43,11,30,84,8,23,9,40,3,13,57,73,11,1,39,51,21,10,45,37,1,43,81
2026,106,46222,7,3,Belgrade,Serbia,Slovenia,Serbia,3,0,25,25,25,-,-,19,21,22,-,-,2,16,13,3,0,-,13,2,11,26,3,8,5,16,0,3,21,24,2,1,11,14,6,4,17,13,0,11,24
2026,106,46222,7,3,Belgrade,Serbia,Slovenia,Serbia,3,0,25,25,25,-,-,19,21,22,-,-,3,20,16,2,2,-,16,4,8,28,2,7,2,11,2,6,17,25,4,0,15,19,9,3,13,14,1,13,28
2026,106,46222,7,3,Belgrade,Serbia,Slovenia,Serbia,3,0,25,25,25,-,-,19,21,22,-,-,4,18,14,3,1,-,14,5,11,30,3,8,2,13,1,4,19,24,5,0,13,18,6,3,15,10,0,19,29
2026,107,46222,8,3,Chicago,USA,Bulgaria,France,0,3,21,22,21,-,-,25,25,25,-,-,1,44,38,4,2,-,38,14,24,76,4,16,17,37,2,11,54,67,9,5,45,59,19,15,41,20,0,54,74
2026,107,46222,8,3,Chicago,USA,Bulgaria,France,0,3,21,22,21,-,-,25,25,25,-,-,2,14,14,0,0,-,14,3,7,24,0,3,7,10,0,5,17,22,2,1,14,17,7,7,15,5,0,18,23
2026,107,46222,8,3,Chicago,USA,Bulgaria,France,0,3,21,22,21,-,-,25,25,25,-,-,3,15,14,0,1,-,14,3,10,27,0,9,4,13,1,3,18,22,6,2,13,21,7,3,12,9,0,17,26
2026,107,46222,8,3,Chicago,USA,Bulgaria,France,0,3,21,22,21,-,-,25,25,25,-,-,4,15,10,4,1,-,10,8,7,25,4,4,6,14,1,3,19,23,1,2,18,21,5,5,14,6,0,19,25
2026,107,46222,8,3,Chicago,USA,France,Bulgaria,3,0,25,25,25,-,-,21,22,21,-,-,1,55,45,5,5,-,45,9,31,85,5,18,12,35,5,14,54,73,14,2,40,56,28,9,45,31,1,55,87
2026,107,46222,8,3,Chicago,USA,France,Bulgaria,3,0,25,25,25,-,-,21,22,21,-,-,2,18,16,1,1,-,16,0,12,28,1,6,1,8,1,7,16,24,5,0,12,17,9,5,18,9,0,20,29
2026,107,46222,8,3,Chicago,USA,France,Bulgaria,3,0,25,25,25,-,-,21,22,21,-,-,3,20,17,1,2,-,17,3,11,31,1,7,8,16,2,4,19,25,6,1,12,19,11,2,15,13,0,18,31
2026,107,46222,8,3,Chicago,USA,France,Bulgaria,3,0,25,25,25,-,-,21,22,21,-,-,4,17,12,3,2,-,12,6,8,26,3,5,3,11,2,3,19,24,3,1,16,20,8,2,12,9,1,17,27
2026,108,46222,8,3,Chicago,USA,USA,Poland,0,3,20,21,19,-,-,25,25,25,-,-,1,41,35,3,3,-,35,14,33,82,3,27,17,47,3,12,46,61,12,3,48,63,21,15,39,14,0,66,80
2026,108,46222,8,3,Chicago,USA,USA,Poland,0,3,20,21,19,-,-,25,25,25,-,-,2,12,12,0,0,-,12,5,8,25,0,12,4,16,0,1,19,20,5,1,15,21,2,4,9,5,0,20,25
2026,108,46222,8,3,Chicago,USA,USA,Poland,0,3,20,21,19,-,-,25,25,25,-,-,3,16,13,3,0,-,13,3,18,34,3,9,11,23,0,6,16,22,0,1,19,20,15,6,21,5,0,28,33
2026,108,46222,8,3,Chicago,USA,USA,Poland,0,3,20,21,19,-,-,25,25,25,-,-,4,13,10,0,3,-,10,6,7,23,0,6,2,8,3,5,11,19,7,1,14,22,4,5,9,4,0,18,22
2026,108,46222,8,3,Chicago,USA,Poland,USA,3,0,25,25,25,-,-,20,21,19,-,-,1,57,45,9,3,-,45,9,30,84,9,8,13,30,3,12,60,75,13,3,33,49,34,21,69,11,1,77,89
2026,108,46222,8,3,Chicago,USA,Poland,USA,3,0,25,25,25,-,-,20,21,19,-,-,2,23,18,4,1,-,18,3,7,28,4,2,3,9,1,4,20,25,5,0,14,19,9,5,17,4,1,25,30
2026,108,46222,8,3,Chicago,USA,Poland,USA,3,0,25,25,25,-,-,20,21,19,-,-,3,16,14,1,1,-,14,4,18,36,1,5,6,12,1,4,19,24,4,0,12,16,15,8,32,4,0,35,39
2026,108,46222,8,3,Chicago,USA,Poland,USA,3,0,25,25,25,-,-,20,21,19,-,-,4,18,13,4,1,-,13,2,5,20,4,1,4,9,1,4,21,26,4,3,7,14,10,8,20,3,0,17,20
2026,109,46232,Quarter_finals,Final_Round,Ningbo Beilun,China,Japan,China,3,1,23,25,25,25,-,25,23,16,23,-,1,74,61,9,4,-,61,12,36,109,9,24,22,55,4,17,76,97,8,4,59,71,33,14,61,46,0,61,107
2026,109,46232,Quarter_finals,Final_Round,Ningbo Beilun,China,Japan,China,3,1,23,25,25,25,-,25,23,16,23,-,2,17,14,3,0,-,14,2,16,32,3,6,5,14,0,3,20,23,3,2,15,20,9,7,23,12,0,20,32
2026,109,46232,Quarter_finals,Final_Round,Ningbo Beilun,China,Japan,China,3,1,23,25,25,25,-,25,23,16,23,-,3,18,16,2,0,-,16,3,5,24,2,7,3,12,0,7,18,25,2,0,16,18,7,2,9,12,0,12,24
2026,109,46232,Quarter_finals,Final_Round,Ningbo Beilun,China,Japan,China,3,1,23,25,25,25,-,25,23,16,23,-,4,19,14,3,2,-,14,2,3,19,3,3,6,12,2,5,17,24,0,1,12,13,6,2,11,10,0,9,19
2026,109,46232,Quarter_finals,Final_Round,Ningbo Beilun,China,Japan,China,3,1,23,25,25,25,-,25,23,16,23,-,5,20,17,1,2,-,17,5,12,34,1,8,8,17,2,2,21,25,3,1,16,20,11,3,18,12,0,20,32
2026,109,46232,Quarter_finals,Final_Round,Ningbo Beilun,China,China,Japan,1,3,25,23,16,23,-,23,25,25,25,-,1,64,54,6,4,-,54,16,40,110,6,23,21,50,4,17,67,88,17,4,59,80,23,19,55,34,0,73,107
2026,109,46232,Quarter_finals,Final_Round,Ningbo Beilun,China,China,Japan,1,3,25,23,16,23,-,23,25,25,25,-,2,22,18,2,2,-,18,4,10,32,2,7,9,18,2,5,18,25,4,0,16,20,8,4,17,8,0,23,31
2026,109,46232,Quarter_finals,Final_Round,Ningbo Beilun,China,China,Japan,1,3,25,23,16,23,-,23,25,25,25,-,3,14,13,1,0,-,13,4,8,25,1,7,3,11,0,5,18,23,2,0,16,18,4,5,13,6,0,19,25
2026,109,46232,Quarter_finals,Final_Round,Ningbo Beilun,China,China,Japan,1,3,25,23,16,23,-,23,25,25,25,-,4,9,8,0,1,-,8,5,9,22,0,5,1,6,1,4,12,17,4,2,13,19,4,5,9,9,0,12,21
2026,109,46232,Quarter_finals,Final_Round,Ningbo Beilun,China,China,Japan,1,3,25,23,16,23,-,23,25,25,25,-,5,19,15,3,1,-,15,3,13,31,3,4,8,15,1,3,19,23,7,2,14,23,7,5,16,11,0,19,30
2026,110,46233,Quarter_finals,Final_Round,Ningbo Beilun,China,Italy,USA,0,3,22,21,21,-,-,25,25,25,-,-,1,47,38,4,5,-,38,5,24,67,4,11,11,26,5,14,47,66,5,14,40,59,19,11,39,11,2,53,66
2026,110,46233,Quarter_finals,Final_Round,Ningbo Beilun,China,Italy,USA,0,3,22,21,21,-,-,25,25,25,-,-,2,17,16,1,0,-,16,0,9,25,1,3,3,7,0,4,19,23,3,6,10,19,7,6,19,5,1,18,24
2026,110,46233,Quarter_finals,Final_Round,Ningbo Beilun,China,Italy,USA,0,3,22,21,21,-,-,25,25,25,-,-,3,14,8,2,4,-,8,3,9,20,2,3,2,7,4,5,12,21,1,5,14,20,5,3,9,3,0,16,19
2026,110,46233,Quarter_finals,Final_Round,Ningbo Beilun,China,Italy,USA,0,3,22,21,21,-,-,25,25,25,-,-,4,16,14,1,1,-,14,2,6,22,1,5,6,12,1,5,16,22,1,3,16,20,7,2,11,3,1,19,23
2026,110,46233,Quarter_finals,Final_Round,Ningbo Beilun,China,USA,Italy,3,0,25,25,25,-,-,22,21,21,-,-,1,56,39,3,14,-,39,7,27,73,3,14,10,27,14,14,45,73,11,5,36,52,21,13,44,18,0,53,71
2026,110,46233,Quarter_finals,Final_Round,Ningbo Beilun,China,USA,Italy,3,0,25,25,25,-,-,22,21,21,-,-,2,20,14,0,6,-,14,1,10,25,0,5,5,10,6,5,13,24,4,0,15,19,7,7,17,6,0,21,27
2026,110,46233,Quarter_finals,Final_Round,Ningbo Beilun,China,USA,Italy,3,0,25,25,25,-,-,22,21,21,-,-,3,19,11,3,5,-,11,4,6,21,3,3,2,8,5,5,15,25,2,4,10,16,7,3,14,6,0,13,19
2026,110,46233,Quarter_finals,Final_Round,Ningbo Beilun,China,USA,Italy,3,0,25,25,25,-,-,22,21,21,-,-,4,17,14,0,3,-,14,2,11,27,0,6,3,9,3,4,17,24,5,1,11,17,7,3,13,6,0,19,25
2026,111,46232,Quarter_finals,Final_Round,Ningbo Beilun,China,Slovenia,Türkiye,3,0,25,35,39,-,-,21,33,37,-,-,1,71,58,11,2,-,58,19,48,125,11,16,29,56,2,13,83,98,18,3,55,76,38,19,76,35,0,86,121
2026,111,46232,Quarter_finals,Final_Round,Ningbo Beilun,China,Slovenia,Türkiye,3,0,25,35,39,-,-,21,33,37,-,-,2,15,12,3,0,-,12,5,12,29,3,4,11,18,0,2,23,25,3,1,12,16,10,3,16,9,0,18,27
2026,111,46232,Quarter_finals,Final_Round,Ningbo Beilun,China,Slovenia,Türkiye,3,0,25,35,39,-,-,21,33,37,-,-,3,25,23,2,0,-,23,7,14,44,2,5,7,14,0,4,30,34,8,2,16,26,13,4,25,13,0,29,42
2026,111,46232,Quarter_finals,Final_Round,Ningbo Beilun,China,Slovenia,Türkiye,3,0,25,35,39,-,-,21,33,37,-,-,4,31,23,6,2,-,23,7,22,52,6,7,11,24,2,7,30,39,7,0,27,34,15,12,35,13,0,39,52
2026,111,46232,Quarter_finals,Final_Round,Ningbo Beilun,China,Türkiye,Slovenia,0,3,21,33,37,-,-,25,35,39,-,-,1,73,56,14,3,-,56,20,47,123,14,23,24,61,3,16,73,92,16,2,67,85,33,16,64,22,2,103,127
2026,111,46232,Quarter_finals,Final_Round,Ningbo Beilun,China,Türkiye,Slovenia,0,3,21,33,37,-,-,25,35,39,-,-,2,17,13,3,1,-,13,8,14,35,3,6,5,14,1,5,15,21,4,0,19,23,9,4,17,3,0,32,35
2026,111,46232,Quarter_finals,Final_Round,Ningbo Beilun,China,Türkiye,Slovenia,0,3,21,33,37,-,-,25,35,39,-,-,3,28,20,6,2,-,20,3,15,38,6,4,7,17,2,8,24,34,6,0,24,30,8,8,21,10,1,31,42
2026,111,46232,Quarter_finals,Final_Round,Ningbo Beilun,China,Türkiye,Slovenia,0,3,21,33,37,-,-,25,35,39,-,-,4,28,23,5,0,-,23,9,18,50,5,13,12,30,0,3,34,37,6,2,24,32,16,4,26,9,1,40,50
2026,112,46233,Quarter_finals,Final_Round,Ningbo Beilun,China,Poland,Ukraine,3,1,25,22,25,25,-,22,25,20,17,-,1,70,52,14,4,-,52,12,34,98,14,21,24,59,4,18,74,96,10,3,55,68,29,14,56,29,0,68,97
2026,112,46233,Quarter_finals,Final_Round,Ningbo Beilun,China,Poland,Ukraine,3,1,25,22,25,25,-,22,25,20,17,-,2,20,16,2,2,-,16,3,14,33,2,6,7,15,2,5,17,24,4,1,14,19,11,4,19,10,0,23,33
2026,112,46233,Quarter_finals,Final_Round,Ningbo Beilun,China,Poland,Ukraine,3,1,25,22,25,25,-,22,25,20,17,-,3,14,11,2,1,-,11,5,7,23,2,3,4,9,1,5,17,23,1,2,16,19,4,4,11,7,0,15,22
2026,112,46233,Quarter_finals,Final_Round,Ningbo Beilun,China,Poland,Ukraine,3,1,25,22,25,25,-,22,25,20,17,-,4,15,10,4,1,-,10,3,7,20,4,8,10,22,1,2,21,24,4,0,11,15,6,3,13,2,0,18,20
2026,112,46233,Quarter_finals,Final_Round,Ningbo Beilun,China,Poland,Ukraine,3,1,25,22,25,25,-,22,25,20,17,-,5,21,15,6,0,-,15,1,6,22,6,4,3,13,0,6,19,25,1,0,14,15,8,3,13,10,0,12,22
2026,112,46233,Quarter_finals,Final_Round,Ningbo Beilun,China,Ukraine,Poland,1,3,22,25,20,17,-,25,22,25,25,-,1,60,50,7,3,-,50,23,47,120,7,18,17,42,3,17,65,85,17,4,57,78,30,11,57,37,1,79,117
2026,112,46233,Quarter_finals,Final_Round,Ningbo Beilun,China,Ukraine,Poland,1,3,22,25,20,17,-,25,22,25,25,-,2,15,13,1,1,-,13,2,13,28,1,7,10,18,1,4,18,23,4,2,13,19,9,3,16,5,1,24,30
2026,112,46233,Quarter_finals,Final_Round,Ningbo Beilun,China,Ukraine,Poland,1,3,22,25,20,17,-,25,22,25,25,-,3,17,13,2,2,-,13,5,7,25,2,3,3,8,2,5,17,24,6,1,11,18,8,1,10,7,0,18,25
2026,112,46233,Quarter_finals,Final_Round,Ningbo Beilun,China,Ukraine,Poland,1,3,22,25,20,17,-,25,22,25,25,-,4,17,14,3,0,-,14,8,17,39,3,4,3,10,0,6,15,21,3,1,18,22,7,2,17,14,0,22,36
2026,112,46233,Quarter_finals,Final_Round,Ningbo Beilun,China,Ukraine,Poland,1,3,22,25,20,17,-,25,22,25,25,-,5,11,10,1,0,-,10,8,10,28,1,4,1,6,0,2,15,17,4,0,15,19,6,5,14,11,0,15,26
2026,113,46235,Semifinals,Final_Round,Ningbo Beilun,China,Japan,USA,2,3,19,25,25,19,13,25,23,20,25,15,1,66,57,7,2,-,57,15,57,129,7,19,19,45,2,18,82,102,18,7,58,83,44,21,94,34,0,95,129
2026,113,46235,Semifinals,Final_Round,Ningbo Beilun,China,Japan,USA,2,3,19,25,25,19,13,25,23,20,25,15,2,13,12,1,0,-,12,6,1,19,1,2,0,3,0,3,16,19,5,1,14,20,3,5,10,10,0,9,19
2026,113,46235,Semifinals,Final_Round,Ningbo Beilun,China,Japan,USA,2,3,19,25,25,19,13,25,23,20,25,15,3,19,17,2,0,-,17,5,16,38,2,1,8,11,0,4,21,25,7,2,10,19,18,7,32,10,0,29,39
2026,113,46235,Semifinals,Final_Round,Ningbo Beilun,China,Japan,USA,2,3,19,25,25,19,13,25,23,20,25,15,4,17,14,2,1,-,14,3,8,25,2,6,4,12,1,5,18,24,2,0,13,15,9,4,16,7,0,19,26
2026,113,46235,Semifinals,Final_Round,Ningbo Beilun,China,Japan,USA,2,3,19,25,25,19,13,25,23,20,25,15,5,10,8,1,1,-,8,1,19,28,1,6,4,11,1,3,16,20,4,3,14,21,8,2,18,4,0,24,28
2026,113,46235,Semifinals,Final_Round,Ningbo Beilun,China,Japan,USA,2,3,19,25,25,19,13,25,23,20,25,15,6,7,6,1,0,-,6,0,13,19,1,4,3,8,0,3,11,14,0,1,7,8,6,3,18,3,0,14,17
2026,113,46235,Semifinals,Final_Round,Ningbo Beilun,China,USA,Japan,3,2,25,23,20,25,15,19,25,25,19,13,1,83,67,9,7,-,67,15,53,135,9,31,37,77,7,24,76,107,16,2,66,84,42,19,74,49,1,82,132
2026,113,46235,Semifinals,Final_Round,Ningbo Beilun,China,USA,Japan,3,2,25,23,20,25,15,19,25,25,19,13,2,19,14,4,1,-,14,2,5,21,4,4,1,9,1,5,19,25,3,0,13,16,3,4,8,5,0,14,19
2026,113,46235,Semifinals,Final_Round,Ningbo Beilun,China,USA,Japan,3,2,25,23,20,25,15,19,25,25,19,13,3,18,12,4,2,-,12,3,20,35,4,10,10,24,2,4,17,23,1,0,20,21,9,6,20,13,0,21,34
2026,113,46235,Semifinals,Final_Round,Ningbo Beilun,China,USA,Japan,3,2,25,23,20,25,15,19,25,25,19,13,4,13,12,1,0,-,12,4,10,26,1,7,6,14,0,6,15,21,6,1,12,19,6,4,11,13,0,12,25
2026,113,46235,Semifinals,Final_Round,Ningbo Beilun,China,USA,Japan,3,2,25,23,20,25,15,19,25,25,19,13,5,21,18,0,3,-,18,5,11,34,0,7,12,19,3,3,18,24,2,1,14,17,16,2,22,11,1,23,35
2026,113,46235,Semifinals,Final_Round,Ningbo Beilun,China,USA,Japan,3,2,25,23,20,25,15,19,25,25,19,13,6,12,11,0,1,-,11,1,7,19,0,3,8,11,1,6,7,14,4,0,7,11,8,3,13,7,0,12,19
2026,114,46235,Semifinals,Final_Round,Ningbo Beilun,China,Slovenia,Poland,0,3,16,19,17,-,-,25,25,25,-,-,1,34,25,6,3,-,25,14,35,74,6,13,14,33,3,16,35,54,11,9,38,58,24,10,40,16,1,59,76
2026,114,46235,Semifinals,Final_Round,Ningbo Beilun,China,Slovenia,Poland,0,3,16,19,17,-,-,25,25,25,-,-,2,10,8,2,0,-,8,4,14,26,2,3,6,11,0,4,13,17,6,2,10,18,10,5,16,6,0,19,25
2026,114,46235,Semifinals,Final_Round,Ningbo Beilun,China,Slovenia,Poland,0,3,16,19,17,-,-,25,25,25,-,-,3,12,9,2,1,-,9,4,14,27,2,6,6,14,1,5,13,19,2,3,14,19,9,3,15,5,0,23,28
2026,114,46235,Semifinals,Final_Round,Ningbo Beilun,China,Slovenia,Poland,0,3,16,19,17,-,-,25,25,25,-,-,4,12,8,2,2,-,8,6,7,21,2,4,2,8,2,7,9,18,3,4,14,21,5,2,9,5,1,17,23
2026,114,46235,Semifinals,Final_Round,Ningbo Beilun,China,Poland,Slovenia,3,0,25,25,25,-,-,16,19,17,-,-,1,56,35,12,9,-,35,8,25,68,12,8,21,41,9,15,49,73,7,3,28,38,32,9,46,12,1,57,70
2026,114,46235,Semifinals,Final_Round,Ningbo Beilun,China,Poland,Slovenia,3,0,25,25,25,-,-,16,19,17,-,-,2,20,15,3,2,-,15,2,11,28,3,3,9,15,2,6,16,24,3,0,10,13,14,2,19,5,0,25,30
2026,114,46235,Semifinals,Final_Round,Ningbo Beilun,China,Poland,Slovenia,3,0,25,25,25,-,-,16,19,17,-,-,3,20,13,4,3,-,13,3,7,23,4,1,7,12,3,6,16,25,3,1,10,14,12,5,18,3,0,22,25
2026,114,46235,Semifinals,Final_Round,Ningbo Beilun,China,Poland,Slovenia,3,0,25,25,25,-,-,16,19,17,-,-,4,16,7,5,4,-,7,3,7,17,5,4,5,14,4,3,17,24,1,2,8,11,6,2,9,4,1,10,15
2026,115,46236,3rd_Place,Final_Round,Ningbo Beilun,China,Japan,Slovenia,1,3,21,28,22,22,-,25,26,25,25,-,1,60,52,5,3,-,52,17,50,119,5,21,16,42,3,16,75,94,18,6,58,82,32,16,69,14,0,103,117
2026,115,46236,3rd_Place,Final_Round,Ningbo Beilun,China,Japan,Slovenia,1,3,21,28,22,22,-,25,26,25,25,-,2,14,13,1,0,-,13,3,13,29,1,4,3,8,0,4,17,21,4,4,13,21,9,4,17,2,0,26,28
2026,115,46236,3rd_Place,Final_Round,Ningbo Beilun,China,Japan,Slovenia,1,3,21,28,22,22,-,25,26,25,25,-,3,18,16,1,1,-,16,4,15,35,1,7,4,12,1,6,21,28,3,1,17,21,10,2,22,2,0,33,35
2026,115,46236,3rd_Place,Final_Round,Ningbo Beilun,China,Japan,Slovenia,1,3,21,28,22,22,-,25,26,25,25,-,4,14,11,3,0,-,11,6,9,26,3,6,1,10,0,2,20,22,6,1,14,21,4,4,11,5,0,20,25
2026,115,46236,3rd_Place,Final_Round,Ningbo Beilun,China,Japan,Slovenia,1,3,21,28,22,22,-,25,26,25,25,-,5,14,12,0,2,-,12,4,13,29,0,4,8,12,2,4,17,23,5,0,14,19,9,6,19,5,0,24,29
2026,115,46236,3rd_Place,Final_Round,Ningbo Beilun,China,Slovenia,Japan,3,1,25,26,25,25,-,21,28,22,22,-,1,78,62,10,6,-,62,17,41,120,10,27,33,70,6,18,76,100,12,3,63,78,39,15,65,42,1,76,119
2026,115,46236,3rd_Place,Final_Round,Ningbo Beilun,China,Slovenia,Japan,3,1,25,26,25,25,-,21,28,22,22,-,2,20,14,2,4,-,14,3,10,27,2,9,6,17,4,4,17,25,4,0,13,17,9,4,15,10,0,17,27
2026,115,46236,3rd_Place,Final_Round,Ningbo Beilun,China,Slovenia,Japan,3,1,25,26,25,25,-,21,28,22,22,-,3,19,15,3,1,-,15,5,11,31,3,9,11,23,1,5,20,26,4,1,17,22,9,4,17,13,1,17,31
2026,115,46236,3rd_Place,Final_Round,Ningbo Beilun,China,Slovenia,Japan,3,1,25,26,25,25,-,21,28,22,22,-,4,21,16,4,1,-,16,7,5,28,4,2,6,12,1,4,20,25,3,0,17,20,8,4,13,10,0,17,27
2026,115,46236,3rd_Place,Final_Round,Ningbo Beilun,China,Slovenia,Japan,3,1,25,26,25,25,-,21,28,22,22,-,5,18,17,1,0,-,17,2,15,34,1,7,10,18,0,5,19,24,1,2,16,19,13,3,20,9,0,25,34
2026,116,46236,Final,Final_Round,Ningbo Beilun,China,USA,Poland,2,3,21,25,27,23,10,25,23,25,25,15,1,77,65,8,4,-,65,20,37,122,8,22,25,55,4,24,79,107,14,8,68,90,30,17,67,33,0,84,117
2026,116,46236,Final,Final_Round,Ningbo Beilun,China,USA,Poland,2,3,21,25,27,23,10,25,23,25,25,15,2,11,10,0,1,-,10,4,13,27,0,8,6,14,1,5,15,21,2,2,14,18,8,2,17,5,0,20,25
2026,116,46236,Final,Final_Round,Ningbo Beilun,China,USA,Poland,2,3,21,25,27,23,10,25,23,25,25,15,3,21,19,1,1,-,19,4,7,30,1,2,5,8,1,6,18,25,1,2,18,21,8,6,17,9,0,19,28
2026,116,46236,Final,Final_Round,Ningbo Beilun,China,USA,Poland,2,3,21,25,27,23,10,25,23,25,25,15,4,22,19,2,1,-,19,3,6,28,2,6,3,11,1,7,18,26,6,1,15,22,4,5,15,9,0,19,28
2026,116,46236,Final,Final_Round,Ningbo Beilun,China,USA,Poland,2,3,21,25,27,23,10,25,23,25,25,15,5,16,12,3,1,-,12,3,6,21,3,3,5,11,1,5,18,24,1,3,13,17,6,3,11,6,0,15,21
2026,116,46236,Final,Final_Round,Ningbo Beilun,China,USA,Poland,2,3,21,25,27,23,10,25,23,25,25,15,6,7,5,2,0,-,5,6,5,16,2,3,6,11,0,1,10,11,4,0,8,12,4,1,7,4,0,11,15
2026,116,46236,Final,Final_Round,Ningbo Beilun,China,Poland,USA,3,2,25,23,25,25,15,21,25,27,23,10,1,79,59,12,8,-,59,15,47,121,12,16,25,53,8,22,82,112,13,4,66,83,37,23,71,22,0,100,122
2026,116,46236,Final,Final_Round,Ningbo Beilun,China,Poland,USA,3,2,25,23,25,25,15,21,25,27,23,10,2,16,13,1,2,-,13,3,14,30,1,1,8,10,2,7,16,25,2,1,13,16,14,4,21,3,0,29,32
2026,116,46236,Final,Final_Round,Ningbo Beilun,China,Poland,USA,3,2,25,23,25,25,15,21,25,27,23,10,3,16,11,3,2,-,11,3,10,24,3,7,4,14,2,2,19,23,1,1,17,19,8,6,16,8,0,17,25
2026,116,46236,Final,Final_Round,Ningbo Beilun,China,Poland,USA,3,2,25,23,25,25,15,21,25,27,23,10,4,16,13,2,1,-,13,3,8,24,2,3,6,11,1,4,21,26,5,1,13,19,5,7,14,1,0,23,24
2026,116,46236,Final,Final_Round,Ningbo Beilun,China,Poland,USA,3,2,25,23,25,25,15,21,25,27,23,10,5,20,14,3,3,-,14,3,7,24,3,4,4,11,3,7,14,24,4,1,14,19,6,4,10,5,0,18,23
2026,116,46236,Final,Final_Round,Ningbo Beilun,China,Poland,USA,3,2,25,23,25,25,15,21,25,27,23,10,6,11,8,3,0,-,8,3,8,19,3,1,3,7,0,2,12,14,1,0,9,10,4,2,10,5,0,13,18
